AssocID,Host,HostClass,HostOrder,HostFamily,HostGenus,HostTaxID,HostNCBIResolved,Virus,VirusClass,VirusOrder,VirusFamily,VirusGenus,VirusTaxID,VirusNCBIResolved,ICTVRatified,PublicationYear,ReleaseYear,ReferenceText,PMID,NCBIAccession,Database,DatabaseVersion,DatabaseDOI,DetectionMethod,Detection_NotSpecified,Detection_Serology,Detection_Genetic,Detection_Isolation,HostOriginal,VirusOriginal,DetectionMethodOriginal
173378,chaerephon plicatus,mammalia,chiroptera,molossidae,chaerephon,478698,TRUE,severe acute respiratory syndrome-related coronavirus,pisoniviricetes,nidovirales,coronaviridae,betacoronavirus,694009,TRUE,TRUE,2013,,"Yang L, 2013, Emerg Infect Dis, 19",23739658,,Shaw,Shaw et al. 2020 Mol Ecol,https://doi.org/10.1111/mec.15463,Isolation/Observation,FALSE,FALSE,FALSE,TRUE,chaerephon plicatus,severe acute respiratory syndrome-related coronavirus,Isolation
173379,chaerephon plicatus,mammalia,chiroptera,molossidae,chaerephon,478698,TRUE,severe acute respiratory syndrome-related coronavirus,pisoniviricetes,nidovirales,coronaviridae,betacoronavirus,694009,TRUE,TRUE,,,ViPR,,,Shaw,Shaw et al. 2020 Mol Ecol,https://doi.org/10.1111/mec.15463,Isolation/Observation,FALSE,FALSE,FALSE,TRUE,chaerephon plicatus,severe acute respiratory syndrome-related coronavirus,Isolation
179586,hipposideros abae,mammalia,chiroptera,hipposideridae,hipposideros,249020,TRUE,human coronavirus 229e,pisoniviricetes,nidovirales,coronaviridae,alphacoronavirus,11137,TRUE,TRUE,2015,,"Corman VM, 2015, J Virol, 89",26378164,,Shaw,Shaw et al. 2020 Mol Ecol,https://doi.org/10.1111/mec.15463,Isolation/Observation,FALSE,FALSE,FALSE,TRUE,hipposideros abae,human coronavirus 229e,Isolation
179587,hipposideros abae,mammalia,chiroptera,hipposideridae,hipposideros,249020,TRUE,human coronavirus 229e,pisoniviricetes,nidovirales,coronaviridae,alphacoronavirus,11137,TRUE,TRUE,,,ViPR,,,Shaw,Shaw et al. 2020 Mol Ecol,https://doi.org/10.1111/mec.15463,Isolation/Observation,FALSE,FALSE,FALSE,TRUE,hipposideros abae,human coronavirus 229e,Isolation
179606,hipposideros caffer,mammalia,chiroptera,hipposideridae,hipposideros,302402,TRUE,human coronavirus 229e,pisoniviricetes,nidovirales,coronaviridae,alphacoronavirus,11137,TRUE,TRUE,2009,,"Pfefferle S, 2009, Emerg Infect Dis, 15",19788804,,Shaw,Shaw et al. 2020 Mol Ecol,https://doi.org/10.1111/mec.15463,PCR/Sequencing,FALSE,FALSE,TRUE,FALSE,hipposideros caffer,human coronavirus 229e,PCR
179621,hipposideros crumeniferus,mammalia,chiroptera,hipposideridae,hipposideros,,FALSE,human coronavirus 229e,pisoniviricetes,nidovirales,coronaviridae,alphacoronavirus,11137,TRUE,TRUE,2015,,"Corman VM, 2015, J Virol, 89",26378164,,Shaw,Shaw et al. 2020 Mol Ecol,https://doi.org/10.1111/mec.15463,Isolation/Observation,FALSE,FALSE,FALSE,TRUE,hipposideros crumeniferus,human coronavirus 229e,Isolation
179622,hipposideros crumeniferus,mammalia,chiroptera,hipposideridae,hipposideros,,FALSE,human coronavirus 229e,pisoniviricetes,nidovirales,coronaviridae,alphacoronavirus,11137,TRUE,TRUE,,,ViPR,,,Shaw,Shaw et al. 2020 Mol Ecol,https://doi.org/10.1111/mec.15463,Isolation/Observation,FALSE,FALSE,FALSE,TRUE,hipposideros crumeniferus,human coronavirus 229e,Isolation
200721,miniopterus magnater,mammalia,chiroptera,vespertilionidae,miniopterus,438766,TRUE,miniopterus bat coronavirus 1,pisoniviricetes,nidovirales,coronaviridae,alphacoronavirus,694000,TRUE,TRUE,2008,,"Chu DKW, 2008, J Gen Virol, 89",18420807,,Shaw,Shaw et al. 2020 Mol Ecol,https://doi.org/10.1111/mec.15463,PCR/Sequencing,FALSE,FALSE,TRUE,FALSE,miniopterus magnater,miniopterus bat coronavirus 1,PCR
200722,miniopterus magnater,mammalia,chiroptera,vespertilionidae,miniopterus,438766,TRUE,miniopterus bat coronavirus hku8,pisoniviricetes,nidovirales,coronaviridae,alphacoronavirus,694001,TRUE,TRUE,2008,,"Chu DKW, 2008, J Gen Virol, 89",18420807,,Shaw,Shaw et al. 2020 Mol Ecol,https://doi.org/10.1111/mec.15463,PCR/Sequencing,FALSE,FALSE,TRUE,FALSE,miniopterus magnater,miniopterus bat coronavirus hku8,PCR
200723,miniopterus magnater,mammalia,chiroptera,vespertilionidae,miniopterus,438766,TRUE,miniopterus bat coronavirus hku8,pisoniviricetes,nidovirales,coronaviridae,alphacoronavirus,694001,TRUE,TRUE,2006,,"Chu DKW, 2006, J Gen Virol, 87",16894183,,Shaw,Shaw et al. 2020 Mol Ecol,https://doi.org/10.1111/mec.15463,PCR/Sequencing,FALSE,FALSE,TRUE,FALSE,miniopterus magnater,miniopterus bat coronavirus hku8,PCR
200726,miniopterus pusillus,mammalia,chiroptera,vespertilionidae,miniopterus,258934,TRUE,miniopterus bat coronavirus 1,pisoniviricetes,nidovirales,coronaviridae,alphacoronavirus,694000,TRUE,TRUE,2005,,"Poon LL, 2005, J Virol, 79",15681402,,Shaw,Shaw et al. 2020 Mol Ecol,https://doi.org/10.1111/mec.15463,Isolation/Observation,FALSE,FALSE,FALSE,TRUE,miniopterus pusillus,miniopterus bat coronavirus 1,Isolation
200727,miniopterus pusillus,mammalia,chiroptera,vespertilionidae,miniopterus,258934,TRUE,miniopterus bat coronavirus 1,pisoniviricetes,nidovirales,coronaviridae,alphacoronavirus,694000,TRUE,TRUE,,,ViPR,,,Shaw,Shaw et al. 2020 Mol Ecol,https://doi.org/10.1111/mec.15463,Isolation/Observation,FALSE,FALSE,FALSE,TRUE,miniopterus pusillus,miniopterus bat coronavirus 1,Isolation
200728,miniopterus pusillus,mammalia,chiroptera,vespertilionidae,miniopterus,258934,TRUE,miniopterus bat coronavirus hku8,pisoniviricetes,nidovirales,coronaviridae,alphacoronavirus,694001,TRUE,TRUE,2008,,"Chu DKW, 2008, J Gen Virol, 89",18420807,,Shaw,Shaw et al. 2020 Mol Ecol,https://doi.org/10.1111/mec.15463,PCR/Sequencing,FALSE,FALSE,TRUE,FALSE,miniopterus pusillus,miniopterus bat coronavirus hku8,PCR
200729,miniopterus pusillus,mammalia,chiroptera,vespertilionidae,miniopterus,258934,TRUE,miniopterus bat coronavirus hku8,pisoniviricetes,nidovirales,coronaviridae,alphacoronavirus,694001,TRUE,TRUE,2006,,"Chu DKW, 2006, J Gen Virol, 87",16894183,,Shaw,Shaw et al. 2020 Mol Ecol,https://doi.org/10.1111/mec.15463,PCR/Sequencing,FALSE,FALSE,TRUE,FALSE,miniopterus pusillus,miniopterus bat coronavirus hku8,PCR
200747,miniopterus schreibersii,mammalia,chiroptera,vespertilionidae,miniopterus,9433,TRUE,miniopterus bat coronavirus 1,pisoniviricetes,nidovirales,coronaviridae,alphacoronavirus,694000,TRUE,TRUE,2007,,"Wong S, 2007, Rev Med Virol, 17",17042030,,Shaw,Shaw et al. 2020 Mol Ecol,https://doi.org/10.1111/mec.15463,PCR/Sequencing,FALSE,FALSE,TRUE,FALSE,miniopterus schreibersii,miniopterus bat coronavirus 1,PCR
209592,pipistrellus abramus,mammalia,chiroptera,vespertilionidae,pipistrellus,105295,TRUE,pipistrellus bat coronavirus hku5,pisoniviricetes,nidovirales,coronaviridae,betacoronavirus,694008,TRUE,TRUE,2006,,"Woo PC, 2006, Virology, 351",16647731,,Shaw,Shaw et al. 2020 Mol Ecol,https://doi.org/10.1111/mec.15463,Isolation/Observation,FALSE,FALSE,FALSE,TRUE,pipistrellus abramus,pipistrellus bat coronavirus hku5,Isolation
209593,pipistrellus abramus,mammalia,chiroptera,vespertilionidae,pipistrellus,105295,TRUE,pipistrellus bat coronavirus hku5,pisoniviricetes,nidovirales,coronaviridae,betacoronavirus,694008,TRUE,TRUE,2013,,"Lau SK, 2013, J Virol, 87",23720729,,Shaw,Shaw et al. 2020 Mol Ecol,https://doi.org/10.1111/mec.15463,Isolation/Observation,FALSE,FALSE,FALSE,TRUE,pipistrellus abramus,pipistrellus bat coronavirus hku5,Isolation
209627,pipistrellus pipistrellus,mammalia,chiroptera,vespertilionidae,pipistrellus,59474,TRUE,pipistrellus bat coronavirus hku5,pisoniviricetes,nidovirales,coronaviridae,betacoronavirus,694008,TRUE,TRUE,2007,,"Cui J, 2007, Emerg Infect Dis, 13",18258002,,Shaw,Shaw et al. 2020 Mol Ecol,https://doi.org/10.1111/mec.15463,PCR/Sequencing,FALSE,FALSE,TRUE,FALSE,pipistrellus pipistrellus,pipistrellus bat coronavirus hku5,PCR
211366,rhinolophus affinis,mammalia,chiroptera,rhinolophidae,rhinolophus,59477,TRUE,severe acute respiratory syndrome-related coronavirus,pisoniviricetes,nidovirales,coronaviridae,betacoronavirus,694009,TRUE,TRUE,2013,,"Yang L, 2013, Emerg Infect Dis, 19",23739658,,Shaw,Shaw et al. 2020 Mol Ecol,https://doi.org/10.1111/mec.15463,Isolation/Observation,FALSE,FALSE,FALSE,TRUE,rhinolophus affinis,severe acute respiratory syndrome-related coronavirus,Isolation
211367,rhinolophus affinis,mammalia,chiroptera,rhinolophidae,rhinolophus,59477,TRUE,severe acute respiratory syndrome-related coronavirus,pisoniviricetes,nidovirales,coronaviridae,betacoronavirus,694009,TRUE,TRUE,2014,,"He B, 2014, J Virol, 88",24719429,,Shaw,Shaw et al. 2020 Mol Ecol,https://doi.org/10.1111/mec.15463,Isolation/Observation,FALSE,FALSE,FALSE,TRUE,rhinolophus affinis,severe acute respiratory syndrome-related coronavirus,Isolation
211369,rhinolophus blasii,mammalia,chiroptera,rhinolophidae,rhinolophus,519037,TRUE,rhinolophus bat coronavirus hku2,pisoniviricetes,nidovirales,coronaviridae,alphacoronavirus,693998,TRUE,TRUE,2010,,"Drexler JF, 2010, J Virol, 84",20686038,,Shaw,Shaw et al. 2020 Mol Ecol,https://doi.org/10.1111/mec.15463,PCR/Sequencing,FALSE,FALSE,TRUE,FALSE,rhinolophus blasii,rhinolophus bat coronavirus hku2,PCR
211370,rhinolophus blasii,mammalia,chiroptera,rhinolophidae,rhinolophus,519037,TRUE,severe acute respiratory syndrome-related coronavirus,pisoniviricetes,nidovirales,coronaviridae,betacoronavirus,694009,TRUE,TRUE,2010,,Drexler et al. 2010,,,HP3,Olival et al. 2017 Nature,https://doi.org/10.5281/zenodo.596810,PCR/Sequencing,FALSE,FALSE,TRUE,FALSE,rhinolophus blasii,severe acute respiratory syndrome-related coronavirus,PCR
211372,rhinolophus cornutus,mammalia,chiroptera,rhinolophidae,rhinolophus,196296,TRUE,severe acute respiratory syndrome-related coronavirus,pisoniviricetes,nidovirales,coronaviridae,betacoronavirus,694009,TRUE,TRUE,,,http://www.ncbi.nlm.nih.gov/nuccore/AB890000.1,,,Shaw,Shaw et al. 2020 Mol Ecol,https://doi.org/10.1111/mec.15463,PCR/Sequencing,FALSE,FALSE,TRUE,FALSE,rhinolophus cornutus,severe acute respiratory syndrome-related coronavirus,PCR
211376,rhinolophus euryale,mammalia,chiroptera,rhinolophidae,rhinolophus,109476,TRUE,severe acute respiratory syndrome-related coronavirus,pisoniviricetes,nidovirales,coronaviridae,betacoronavirus,694009,TRUE,TRUE,2010,,Drexler et al. 2010,,,HP3,Olival et al. 2017 Nature,https://doi.org/10.5281/zenodo.596810,PCR/Sequencing,FALSE,FALSE,TRUE,FALSE,rhinolophus euryale,severe acute respiratory syndrome-related coronavirus,PCR
211394,rhinolophus ferrumequinum,mammalia,chiroptera,rhinolophidae,rhinolophus,59479,TRUE,rhinolophus bat coronavirus hku2,pisoniviricetes,nidovirales,coronaviridae,alphacoronavirus,693998,TRUE,TRUE,2007,,"Cui J, 2007, Emerg Infect Dis, 13",18258002,,Shaw,Shaw et al. 2020 Mol Ecol,https://doi.org/10.1111/mec.15463,PCR/Sequencing,FALSE,FALSE,TRUE,FALSE,rhinolophus ferrumequinum,rhinolophus bat coronavirus hku2,PCR
211395,rhinolophus ferrumequinum,mammalia,chiroptera,rhinolophidae,rhinolophus,59479,TRUE,severe acute respiratory syndrome-related coronavirus,pisoniviricetes,nidovirales,coronaviridae,betacoronavirus,694009,TRUE,TRUE,,2006,NCBI Nucleotide,,89514809,EID2,Wardeh et al. 2015 Sci Data,https://doi.org/10.1038/sdata.2015.49,PCR/Sequencing,FALSE,FALSE,TRUE,FALSE,rhinolophus ferrumequinum,severe acute respiratory syndrome-related coronavirus,NCBI Nucleotide
211396,rhinolophus ferrumequinum,mammalia,chiroptera,rhinolophidae,rhinolophus,59479,TRUE,severe acute respiratory syndrome-related coronavirus,pisoniviricetes,nidovirales,coronaviridae,betacoronavirus,694009,TRUE,TRUE,2006,,Calisher et al. 2006,,,HP3,Olival et al. 2017 Nature,https://doi.org/10.5281/zenodo.596810,Isolation/Observation,FALSE,FALSE,FALSE,TRUE,rhinolophus ferrumequinum,severe acute respiratory syndrome-related coronavirus,Isolation
211397,rhinolophus ferrumequinum,mammalia,chiroptera,rhinolophidae,rhinolophus,59479,TRUE,severe acute respiratory syndrome-related coronavirus,pisoniviricetes,nidovirales,coronaviridae,betacoronavirus,694009,TRUE,TRUE,2005,,"Li W, 2005, Science, 310",16195424,,Shaw,Shaw et al. 2020 Mol Ecol,https://doi.org/10.1111/mec.15463,Isolation/Observation,FALSE,FALSE,FALSE,TRUE,rhinolophus ferrumequinum,severe acute respiratory syndrome-related coronavirus,Isolation
211398,rhinolophus ferrumequinum,mammalia,chiroptera,rhinolophidae,rhinolophus,59479,TRUE,severe acute respiratory syndrome-related coronavirus,pisoniviricetes,nidovirales,coronaviridae,betacoronavirus,694009,TRUE,TRUE,,,ViPR,,,Shaw,Shaw et al. 2020 Mol Ecol,https://doi.org/10.1111/mec.15463,Isolation/Observation,FALSE,FALSE,FALSE,TRUE,rhinolophus ferrumequinum,severe acute respiratory syndrome-related coronavirus,Isolation
211406,rhinolophus macrotis,mammalia,chiroptera,rhinolophidae,rhinolophus,196889,TRUE,rhinolophus bat coronavirus hku2,pisoniviricetes,nidovirales,coronaviridae,alphacoronavirus,693998,TRUE,TRUE,2007,,"Cui J, 2007, Emerg Infect Dis, 13",18258002,,Shaw,Shaw et al. 2020 Mol Ecol,https://doi.org/10.1111/mec.15463,PCR/Sequencing,FALSE,FALSE,TRUE,FALSE,rhinolophus macrotis,rhinolophus bat coronavirus hku2,PCR
211407,rhinolophus macrotis,mammalia,chiroptera,rhinolophidae,rhinolophus,196889,TRUE,severe acute respiratory syndrome-related coronavirus,pisoniviricetes,nidovirales,coronaviridae,betacoronavirus,694009,TRUE,TRUE,,2006,NCBI Nucleotide,,89514824,EID2,Wardeh et al. 2015 Sci Data,https://doi.org/10.1038/sdata.2015.49,PCR/Sequencing,FALSE,FALSE,TRUE,FALSE,rhinolophus macrotis,severe acute respiratory syndrome-related coronavirus,NCBI Nucleotide
211408,rhinolophus macrotis,mammalia,chiroptera,rhinolophidae,rhinolophus,196889,TRUE,severe acute respiratory syndrome-related coronavirus,pisoniviricetes,nidovirales,coronaviridae,betacoronavirus,694009,TRUE,TRUE,2006,,Calisher et al. 2006,,,HP3,Olival et al. 2017 Nature,https://doi.org/10.5281/zenodo.596810,Isolation/Observation,FALSE,FALSE,FALSE,TRUE,rhinolophus macrotis,severe acute respiratory syndrome-related coronavirus,Isolation
211409,rhinolophus macrotis,mammalia,chiroptera,rhinolophidae,rhinolophus,196889,TRUE,severe acute respiratory syndrome-related coronavirus,pisoniviricetes,nidovirales,coronaviridae,betacoronavirus,694009,TRUE,TRUE,2008,,"Shi Z, 2008, Virus Res, 133",17451830,,Shaw,Shaw et al. 2020 Mol Ecol,https://doi.org/10.1111/mec.15463,PCR/Sequencing,FALSE,FALSE,TRUE,FALSE,rhinolophus macrotis,severe acute respiratory syndrome-related coronavirus,PCR
211410,rhinolophus macrotis,mammalia,chiroptera,rhinolophidae,rhinolophus,196889,TRUE,severe acute respiratory syndrome-related coronavirus,pisoniviricetes,nidovirales,coronaviridae,betacoronavirus,694009,TRUE,TRUE,,,ViPR,,,Shaw,Shaw et al. 2020 Mol Ecol,https://doi.org/10.1111/mec.15463,PCR/Sequencing,FALSE,FALSE,TRUE,FALSE,rhinolophus macrotis,severe acute respiratory syndrome-related coronavirus,PCR
211411,rhinolophus mehelyi,mammalia,chiroptera,rhinolophidae,rhinolophus,342862,TRUE,severe acute respiratory syndrome-related coronavirus,pisoniviricetes,nidovirales,coronaviridae,betacoronavirus,694009,TRUE,TRUE,2010,,Drexler et al. 2010,,,HP3,Olival et al. 2017 Nature,https://doi.org/10.5281/zenodo.596810,PCR/Sequencing,FALSE,FALSE,TRUE,FALSE,rhinolophus mehelyi,severe acute respiratory syndrome-related coronavirus,PCR
211414,rhinolophus pearsonii,mammalia,chiroptera,rhinolophidae,rhinolophus,188571,TRUE,rhinolophus bat coronavirus hku2,pisoniviricetes,nidovirales,coronaviridae,alphacoronavirus,693998,TRUE,TRUE,2007,,"Cui J, 2007, Emerg Infect Dis, 13",18258002,,Shaw,Shaw et al. 2020 Mol Ecol,https://doi.org/10.1111/mec.15463,PCR/Sequencing,FALSE,FALSE,TRUE,FALSE,rhinolophus pearsonii,rhinolophus bat coronavirus hku2,PCR
211415,rhinolophus pearsonii,mammalia,chiroptera,rhinolophidae,rhinolophus,188571,TRUE,severe acute respiratory syndrome-related coronavirus,pisoniviricetes,nidovirales,coronaviridae,betacoronavirus,694009,TRUE,TRUE,2006,,Calisher et al. 2006,,,HP3,Olival et al. 2017 Nature,https://doi.org/10.5281/zenodo.596810,Isolation/Observation,FALSE,FALSE,FALSE,TRUE,rhinolophus pearsonii,severe acute respiratory syndrome-related coronavirus,Isolation
211416,rhinolophus pearsonii,mammalia,chiroptera,rhinolophidae,rhinolophus,188571,TRUE,severe acute respiratory syndrome-related coronavirus,pisoniviricetes,nidovirales,coronaviridae,betacoronavirus,694009,TRUE,TRUE,2005,,"Li W, 2005, Science, 310",16195424,,Shaw,Shaw et al. 2020 Mol Ecol,https://doi.org/10.1111/mec.15463,PCR/Sequencing,FALSE,FALSE,TRUE,FALSE,rhinolophus pearsonii,severe acute respiratory syndrome-related coronavirus,PCR
211424,rhinolophus pusillus,mammalia,chiroptera,rhinolophidae,rhinolophus,159858,TRUE,severe acute respiratory syndrome-related coronavirus,pisoniviricetes,nidovirales,coronaviridae,betacoronavirus,694009,TRUE,TRUE,2005,,Li et al. 2005,,,HP3,Olival et al. 2017 Nature,https://doi.org/10.5281/zenodo.596810,Antibodies,FALSE,TRUE,FALSE,FALSE,rhinolophus pusillus,severe acute respiratory syndrome-related coronavirus,Antibodies
211425,rhinolophus pusillus,mammalia,chiroptera,rhinolophidae,rhinolophus,159858,TRUE,severe acute respiratory syndrome-related coronavirus,pisoniviricetes,nidovirales,coronaviridae,betacoronavirus,694009,TRUE,TRUE,2008,,"Shi Z, 2008, Virus Res, 133",17451830,,Shaw,Shaw et al. 2020 Mol Ecol,https://doi.org/10.1111/mec.15463,PCR/Sequencing,FALSE,FALSE,TRUE,FALSE,rhinolophus pusillus,severe acute respiratory syndrome-related coronavirus,PCR
211426,rhinolophus pusillus,mammalia,chiroptera,rhinolophidae,rhinolophus,159858,TRUE,severe acute respiratory syndrome-related coronavirus,pisoniviricetes,nidovirales,coronaviridae,betacoronavirus,694009,TRUE,TRUE,,,ViPR,,,Shaw,Shaw et al. 2020 Mol Ecol,https://doi.org/10.1111/mec.15463,PCR/Sequencing,FALSE,FALSE,TRUE,FALSE,rhinolophus pusillus,severe acute respiratory syndrome-related coronavirus,PCR
211436,rhinolophus sinicus,mammalia,chiroptera,rhinolophidae,rhinolophus,89399,TRUE,rhinolophus bat coronavirus hku2,pisoniviricetes,nidovirales,coronaviridae,alphacoronavirus,693998,TRUE,TRUE,2007,,"Lau SK, 2007, Virology, 367",17617433,,Shaw,Shaw et al. 2020 Mol Ecol,https://doi.org/10.1111/mec.15463,Isolation/Observation,FALSE,FALSE,FALSE,TRUE,rhinolophus sinicus,rhinolophus bat coronavirus hku2,Isolation
211437,rhinolophus sinicus,mammalia,chiroptera,rhinolophidae,rhinolophus,89399,TRUE,rhinolophus bat coronavirus hku2,pisoniviricetes,nidovirales,coronaviridae,alphacoronavirus,693998,TRUE,TRUE,2006,,"Woo PC, 2006, Virology, 351",16647731,,Shaw,Shaw et al. 2020 Mol Ecol,https://doi.org/10.1111/mec.15463,Isolation/Observation,FALSE,FALSE,FALSE,TRUE,rhinolophus sinicus,rhinolophus bat coronavirus hku2,Isolation
211438,rhinolophus sinicus,mammalia,chiroptera,rhinolophidae,rhinolophus,89399,TRUE,severe acute respiratory syndrome-related coronavirus,pisoniviricetes,nidovirales,coronaviridae,betacoronavirus,694009,TRUE,TRUE,,2009,NCBI Nucleotide,,255733149,EID2,Wardeh et al. 2015 Sci Data,https://doi.org/10.1038/sdata.2015.49,PCR/Sequencing,FALSE,FALSE,TRUE,FALSE,rhinolophus sinicus,severe acute respiratory syndrome-related coronavirus,NCBI Nucleotide
211439,rhinolophus sinicus,mammalia,chiroptera,rhinolophidae,rhinolophus,89399,TRUE,severe acute respiratory syndrome-related coronavirus,pisoniviricetes,nidovirales,coronaviridae,betacoronavirus,694009,TRUE,TRUE,,2010,NCBI Nucleotide,,289495933,EID2,Wardeh et al. 2015 Sci Data,https://doi.org/10.1038/sdata.2015.49,PCR/Sequencing,FALSE,FALSE,TRUE,FALSE,rhinolophus sinicus,severe acute respiratory syndrome-related coronavirus,NCBI Nucleotide
211440,rhinolophus sinicus,mammalia,chiroptera,rhinolophidae,rhinolophus,89399,TRUE,severe acute respiratory syndrome-related coronavirus,pisoniviricetes,nidovirales,coronaviridae,betacoronavirus,694009,TRUE,TRUE,2006,,Calisher et al. 2006,,,HP3,Olival et al. 2017 Nature,https://doi.org/10.5281/zenodo.596810,Isolation/Observation,FALSE,FALSE,FALSE,TRUE,rhinolophus sinicus,severe acute respiratory syndrome-related coronavirus,Isolation
211441,rhinolophus sinicus,mammalia,chiroptera,rhinolophidae,rhinolophus,89399,TRUE,severe acute respiratory syndrome-related coronavirus,pisoniviricetes,nidovirales,coronaviridae,betacoronavirus,694009,TRUE,TRUE,2008,,"Shi Z, 2008, Virus Res, 133",17451830,,Shaw,Shaw et al. 2020 Mol Ecol,https://doi.org/10.1111/mec.15463,PCR/Sequencing,FALSE,FALSE,TRUE,FALSE,rhinolophus sinicus,severe acute respiratory syndrome-related coronavirus,PCR
211442,rhinolophus sinicus,mammalia,chiroptera,rhinolophidae,rhinolophus,89399,TRUE,severe acute respiratory syndrome-related coronavirus,pisoniviricetes,nidovirales,coronaviridae,betacoronavirus,694009,TRUE,TRUE,,,ViPR,,,Shaw,Shaw et al. 2020 Mol Ecol,https://doi.org/10.1111/mec.15463,PCR/Sequencing,FALSE,FALSE,TRUE,FALSE,rhinolophus sinicus,severe acute respiratory syndrome-related coronavirus,PCR
211592,rousettus leschenaultii,mammalia,chiroptera,pteropodidae,rousettus,9408,TRUE,rousettus bat coronavirus hku9,pisoniviricetes,nidovirales,coronaviridae,betacoronavirus,694006,TRUE,TRUE,2010,,"Lau SK, 2010, J Virol, 84",20702646,,Shaw,Shaw et al. 2020 Mol Ecol,https://doi.org/10.1111/mec.15463,Isolation/Observation,FALSE,FALSE,FALSE,TRUE,rousettus leschenaultii,rousettus bat coronavirus hku9,Isolation
211593,rousettus leschenaultii,mammalia,chiroptera,pteropodidae,rousettus,9408,TRUE,severe acute respiratory syndrome-related coronavirus,pisoniviricetes,nidovirales,coronaviridae,betacoronavirus,694009,TRUE,TRUE,2005,,Li et al. 2005,,,HP3,Olival et al. 2017 Nature,https://doi.org/10.5281/zenodo.596810,Antibodies,FALSE,TRUE,FALSE,FALSE,rousettus leschenaultii,severe acute respiratory syndrome-related coronavirus,Antibodies
211594,rousettus leschenaultii,mammalia,chiroptera,pteropodidae,rousettus,9408,TRUE,severe acute respiratory syndrome-related coronavirus,pisoniviricetes,nidovirales,coronaviridae,betacoronavirus,694009,TRUE,TRUE,2008,,"Shi Z, 2008, Virus Res, 133",17451830,,Shaw,Shaw et al. 2020 Mol Ecol,https://doi.org/10.1111/mec.15463,Antibodies,FALSE,TRUE,FALSE,FALSE,rousettus leschenaultii,severe acute respiratory syndrome-related coronavirus,Antibodies
211929,scotophilus kuhlii,mammalia,chiroptera,vespertilionidae,scotophilus,153297,TRUE,scotophilus bat coronavirus 512,pisoniviricetes,nidovirales,coronaviridae,alphacoronavirus,693999,TRUE,TRUE,2006,,"Tang XC, 2006, J Virol, 80",16840328,,Shaw,Shaw et al. 2020 Mol Ecol,https://doi.org/10.1111/mec.15463,Isolation/Observation,FALSE,FALSE,FALSE,TRUE,scotophilus kuhlii,scotophilus bat coronavirus 512,Isolation
211930,scotophilus kuhlii,mammalia,chiroptera,vespertilionidae,scotophilus,153297,TRUE,scotophilus bat coronavirus 512,pisoniviricetes,nidovirales,coronaviridae,alphacoronavirus,693999,TRUE,TRUE,2010,,"Woo PC, 2010, Viruses, 2",21994708,,Shaw,Shaw et al. 2020 Mol Ecol,https://doi.org/10.1111/mec.15463,Isolation/Observation,FALSE,FALSE,FALSE,TRUE,scotophilus kuhlii,scotophilus bat coronavirus 512,Isolation
218674,tylonycteris pachypus,mammalia,chiroptera,vespertilionidae,tylonycteris,258959,TRUE,tylonycteris bat coronavirus hku4,pisoniviricetes,nidovirales,coronaviridae,betacoronavirus,694007,TRUE,TRUE,2006,,"Woo PC, 2006, Virology, 351",16647731,,Shaw,Shaw et al. 2020 Mol Ecol,https://doi.org/10.1111/mec.15463,Isolation/Observation,FALSE,FALSE,FALSE,TRUE,tylonycteris pachypus,tylonycteris bat coronavirus hku4,Isolation
218675,tylonycteris pachypus,mammalia,chiroptera,vespertilionidae,tylonycteris,258959,TRUE,tylonycteris bat coronavirus hku4,pisoniviricetes,nidovirales,coronaviridae,betacoronavirus,694007,TRUE,TRUE,2013,,"Lau SK, 2013, J Virol, 87",23720729,,Shaw,Shaw et al. 2020 Mol Ecol,https://doi.org/10.1111/mec.15463,Isolation/Observation,FALSE,FALSE,FALSE,TRUE,tylonycteris pachypus,tylonycteris bat coronavirus hku4,Isolation
