Sp,Binary,Ensemble.2,EnsembleBinary,Sp_clean,score
Cynopterus sphinx,1,0.014043803102009807,TRUE,cynopterus sphinx,0.014043803102009807
Rousettus leschenaultii,1,0.02098946750060584,TRUE,rousettus leschenaultii,0.02098946750060584
Rousettus aegyptiacus,1,0.020797404066976086,TRUE,rousettus aegyptiacus,0.020797404066976086
Rhinolophus ferrumequinum,1,0.037703982940349046,TRUE,rhinolophus ferrumequinum,0.037703982940349046
Eonycteris spelaea,1,0.029911399607228863,TRUE,eonycteris spelaea,0.029911399607228863
Eidolon helvum,1,0.03022463859960887,TRUE,eidolon helvum,0.03022463859960887
Cynopterus brachyotis,1,0.046579604676325825,TRUE,cynopterus brachyotis,0.046579604676325825
Rhinolophus luctus,0,0.029869251948922336,TRUE,rhinolophus luctus,0.029869251948922336
Pipistrellus pipistrellus,1,0.061798652043690075,TRUE,pipistrellus pipistrellus,0.061798652043690075
Myonycteris angolensis,1,0.03524102664381698,TRUE,myonycteris angolensis,0.03524102664381698
Rhinolophus affinis,1,0.09304930395865695,TRUE,rhinolophus affinis,0.09304930395865695
Epomophorus gambianus,1,0.08190107660286154,TRUE,epomophorus gambianus,0.08190107660286154
Hipposideros armiger,1,0.07730850253406801,TRUE,hipposideros armiger,0.07730850253406801
Miniopterus schreibersii,1,0.0993323018094869,TRUE,miniopterus schreibersii,0.0993323018094869
Myotis daubentonii,1,0.09632227767269586,TRUE,myotis daubentonii,0.09632227767269586
Rousettus amplexicaudatus,1,0.15324792851904376,TRUE,rousettus amplexicaudatus,0.15324792851904376
Rhinolophus pusillus,1,0.12427342134572102,TRUE,rhinolophus pusillus,0.12427342134572102
Pipistrellus abramus,1,0.1260125726736584,TRUE,pipistrellus abramus,0.1260125726736584
Rhinolophus pearsonii,1,0.1013924402809365,TRUE,rhinolophus pearsonii,0.1013924402809365
Rhinolophus sinicus,1,0.14122095102326962,TRUE,rhinolophus sinicus,0.14122095102326962
Rhinolophus clivosus,1,0.1756238401646467,TRUE,rhinolophus clivosus,0.1756238401646467
Epomophorus labiatus,1,0.18098673857533482,TRUE,epomophorus labiatus,0.18098673857533482
Nyctalus noctula,1,0.17197325291132876,TRUE,nyctalus noctula,0.17197325291132876
Rhinolophus blasii,1,0.11165650977069788,TRUE,rhinolophus blasii,0.11165650977069788
Hipposideros caffer,1,0.18608818730800428,TRUE,hipposideros caffer,0.18608818730800428
Macroglossus sobrinus,0,0.06944121462523838,TRUE,macroglossus sobrinus,0.06944121462523838
Rhinolophus mehelyi,1,0.12408470223660269,TRUE,rhinolophus mehelyi,0.12408470223660269
Rhinolophus macrotis,1,0.12363168842995415,TRUE,rhinolophus macrotis,0.12363168842995415
Rhinolophus lepidus,0,0.08926315318385733,TRUE,rhinolophus lepidus,0.08926315318385733
Rhinolophus hipposideros,1,0.12882930516361657,TRUE,rhinolophus hipposideros,0.12882930516361657
Rhinolophus marshalli,0,0.09099670835398083,TRUE,rhinolophus marshalli,0.09099670835398083
Hipposideros pomona,1,0.1532101596008213,TRUE,hipposideros pomona,0.1532101596008213
Rhinolophus trifoliatus,0,0.09093972078454332,TRUE,rhinolophus trifoliatus,0.09093972078454332
Pipistrellus nathusii,1,0.19928606463354137,TRUE,pipistrellus nathusii,0.19928606463354137
Megaerops niphanae,1,0.12686679083755398,TRUE,megaerops niphanae,0.12686679083755398
Scotophilus dinganii,1,0.20236556306266576,TRUE,scotophilus dinganii,0.20236556306266576
Murina leucogaster,0,0.1636365171135007,TRUE,murina leucogaster,0.1636365171135007
Scotophilus leucogaster,1,0.21118103456651915,TRUE,scotophilus leucogaster,0.21118103456651915
Rhinolophus malayanus,1,0.10619258480993905,TRUE,rhinolophus malayanus,0.10619258480993905
Hipposideros pratti,1,0.2186986106377694,TRUE,hipposideros pratti,0.2186986106377694
Epomops franqueti,1,0.230850453254317,TRUE,epomops franqueti,0.230850453254317
Rhinopoma hardwickii,1,0.223627390622475,TRUE,rhinopoma hardwickii,0.223627390622475
Hypsugo savii,1,0.22286545039566466,TRUE,hypsugo savii,0.22286545039566466
Rhinolophus thomasi,1,0.1629620765277303,TRUE,rhinolophus thomasi,0.1629620765277303
Rhinolophus rex,1,0.25068307690465236,TRUE,rhinolophus rex,0.25068307690465236
Dyacopterus spadiceus,1,0.17199605713643162,TRUE,dyacopterus spadiceus,0.17199605713643162
Myotis nattereri,0,0.20587137742926215,TRUE,myotis nattereri,0.20587137742926215
Taphozous melanopogon,0,0.19855657852319383,TRUE,taphozous melanopogon,0.19855657852319383
Taphozous perforatus,1,0.20453646007179307,TRUE,taphozous perforatus,0.20453646007179307
Mops condylurus,1,0.24108186766126696,TRUE,mops condylurus,0.24108186766126696
Vespertilio sinensis,1,0.24081721773057713,TRUE,vespertilio sinensis,0.24081721773057713
Triaenops persicus,1,0.24707960834094786,TRUE,triaenops persicus,0.24707960834094786
Hipposideros larvatus,1,0.2138241681766352,TRUE,hipposideros larvatus,0.2138241681766352
Hypsignathus monstrosus,0,0.254645558197931,TRUE,hypsignathus monstrosus,0.254645558197931
Rhinolophus shameli,1,0.2740655877891367,TRUE,rhinolophus shameli,0.2740655877891367
Epomophorus wahlbergi,0,0.2617082593280822,TRUE,epomophorus wahlbergi,0.2617082593280822
Myotis blythii,0,0.21379465293098165,TRUE,myotis blythii,0.21379465293098165
Myotis emarginatus,1,0.2517049494811354,TRUE,myotis emarginatus,0.2517049494811354
Plecotus auritus,1,0.21870596565947067,TRUE,plecotus auritus,0.21870596565947067
Myotis myotis,0,0.22415033418010444,TRUE,myotis myotis,0.22415033418010444
Pipistrellus hesperidus,1,0.18787465508291185,TRUE,pipistrellus hesperidus,0.18787465508291185
Pteropus vampyrus,0,0.2276247361799813,TRUE,pteropus vampyrus,0.2276247361799813
Ia io,1,0.16720551781858645,TRUE,ia io,0.16720551781858645
Vespertilio murinus,1,0.27777197056411124,TRUE,vespertilio murinus,0.27777197056411124
Pipistrellus pygmaeus,1,0.18954896839480156,TRUE,pipistrellus pygmaeus,0.18954896839480156
Hypsugo pulveratus,1,0.12653913787761012,TRUE,hypsugo pulveratus,0.12653913787761012
Pipistrellus coromandra,1,0.29190265479825594,TRUE,pipistrellus coromandra,0.29190265479825594
Myonycteris torquata,1,0.21276217993532168,TRUE,myonycteris torquata,0.21276217993532168
Rhinolophus stheno,1,0.3057460122176683,TRUE,rhinolophus stheno,0.3057460122176683
Aselliscus stoliczkanus,1,0.19869360064828986,TRUE,aselliscus stoliczkanus,0.19869360064828986
Pteropus lylei,1,0.252657489362374,TRUE,pteropus lylei,0.252657489362374
Tylonycteris pachypus,1,0.1961349780100948,TRUE,tylonycteris pachypus,0.1961349780100948
Megaloglossus woermanni,1,0.3092026394967299,TRUE,megaloglossus woermanni,0.3092026394967299
Rhinolophus simulator,0,0.32115509339138254,TRUE,rhinolophus simulator,0.32115509339138254
Hipposideros ruber,1,0.29971848847986915,TRUE,hipposideros ruber,0.29971848847986915
Myotis brandtii,0,0.2934640541103022,TRUE,myotis brandtii,0.2934640541103022
Eidolon dupreanum,1,0.3108987861355602,TRUE,eidolon dupreanum,0.3108987861355602
Tylonycteris robustula,0,0.3170720439226378,TRUE,tylonycteris robustula,0.3170720439226378
Nanonycteris veldkampii,1,0.16386437438456017,TRUE,nanonycteris veldkampii,0.16386437438456017
Hipposideros galeritus,1,0.21477444154670006,TRUE,hipposideros galeritus,0.21477444154670006
Murina cyclotis,0,0.14730658608624025,TRUE,murina cyclotis,0.14730658608624025
Rhinolophus acuminatus,1,0.18001349774795716,TRUE,rhinolophus acuminatus,0.18001349774795716
Rhinolophus cornutus,1,0.28791254383786796,TRUE,rhinolophus cornutus,0.28791254383786796
Hipposideros cineraceus,0,0.3212697886020948,TRUE,hipposideros cineraceus,0.3212697886020948
Rhinolophus borneensis,0,0.18209444316001927,TRUE,rhinolophus borneensis,0.18209444316001927
Epomops buettikoferi,1,0.18604699185040754,TRUE,epomops buettikoferi,0.18604699185040754
Myotis oxygnathus,0,0.15053398810545413,TRUE,myotis oxygnathus,0.15053398810545413
Nyctalus plancyi,0,0.3466033441979253,TRUE,nyctalus plancyi,0.3466033441979253
Pteropus alecto,1,0.30465301535816514,TRUE,pteropus alecto,0.30465301535816514
Artibeus jamaicensis,1,0.2930459577865479,TRUE,artibeus jamaicensis,0.2930459577865479
Scotophilus kuhlii,1,0.30507489873392707,TRUE,scotophilus kuhlii,0.30507489873392707
Artibeus lituratus,1,0.3013132885601601,TRUE,artibeus lituratus,0.3013132885601601
Hipposideros diadema,0,0.34855750119962986,TRUE,hipposideros diadema,0.34855750119962986
Myotis laniger,0,0.16630624671339997,TRUE,myotis laniger,0.16630624671339997
Hipposideros bicolor,0,0.3270574147479673,TRUE,hipposideros bicolor,0.3270574147479673
Rhinolophus alcyone,0,0.20240419045728858,TRUE,rhinolophus alcyone,0.20240419045728858
Rhinolophus philippinensis,0,0.21041616491953904,TRUE,rhinolophus philippinensis,0.21041616491953904
Rousettus madagascariensis,1,0.21084890989732857,TRUE,rousettus madagascariensis,0.21084890989732857
Myotis chinensis,0,0.17075092010901702,TRUE,myotis chinensis,0.17075092010901702
Rhinolophus arcuatus,0,0.21554601002779744,TRUE,rhinolophus arcuatus,0.21554601002779744
Rhinolophus darlingi,0,0.22449265848542058,TRUE,rhinolophus darlingi,0.22449265848542058
Neoromicia somalicus,1,0.1984622339986592,TRUE,neoromicia somalicus,0.1984622339986592
Coleura afra,0,0.21337544597524236,TRUE,coleura afra,0.21337544597524236
Myotis longipes,0,0.40649954721501513,TRUE,myotis longipes,0.40649954721501513
Myotis pequinius,1,0.22298584931043747,TRUE,myotis pequinius,0.22298584931043747
Carollia perspicillata,1,0.3850404133827062,TRUE,carollia perspicillata,0.3850404133827062
Myotis macrodactylus,0,0.4147502899270441,TRUE,myotis macrodactylus,0.4147502899270441
Pteropus dasymallus,0,0.2293385059142682,TRUE,pteropus dasymallus,0.2293385059142682
Sturnira lilium,0,0.38519504936638754,TRUE,sturnira lilium,0.38519504936638754
Pteropus rufus,1,0.4372985720296111,TRUE,pteropus rufus,0.4372985720296111
Pteropus conspicillatus,1,0.4091600871383622,TRUE,pteropus conspicillatus,0.4091600871383622
Myotis horsfieldii,1,0.40902602148043454,TRUE,myotis horsfieldii,0.40902602148043454
Miniopterus pusillus,0,0.4265241478510097,TRUE,miniopterus pusillus,0.4265241478510097
Miniopterus magnater,1,0.42074026492643624,TRUE,miniopterus magnater,0.42074026492643624
Scotophilus nux,0,0.44587191221209066,TRUE,scotophilus nux,0.44587191221209066
Miniopterus inflatus,0,0.45493624340072997,TRUE,miniopterus inflatus,0.45493624340072997
Mops midas,0,0.2406088800912629,TRUE,mops midas,0.2406088800912629
Pteronotus parnellii,1,0.4179085075931963,TRUE,pteronotus parnellii,0.4179085075931963
Hipposideros lekaguli,1,0.45828409482244375,TRUE,hipposideros lekaguli,0.45828409482244375
Hypsugo alaschanicus,0,0.24891431529342123,TRUE,hypsugo alaschanicus,0.24891431529342123
Rhinolophus creaghi,1,0.39913012217104843,TRUE,rhinolophus creaghi,0.39913012217104843
Myotis muricola,0,0.2156899980888899,TRUE,myotis muricola,0.2156899980888899
Hipposideros abae,0,0.475869418805141,FALSE,hipposideros abae,0.475869418805141
Myotis fimbriatus,0,0.24602000626630272,TRUE,myotis fimbriatus,0.24602000626630272
Kerivoula hardwickii,0,0.21748583447237588,TRUE,kerivoula hardwickii,0.21748583447237588
Myotis punicus,1,0.4592280036172133,TRUE,myotis punicus,0.4592280036172133
Rhinolophus monoceros,1,0.43036809074524196,TRUE,rhinolophus monoceros,0.43036809074524196
Myotis siligorensis,0,0.22366017348230874,TRUE,myotis siligorensis,0.22366017348230874
Myotis ikonnikovi,0,0.2601359838875976,TRUE,myotis ikonnikovi,0.2601359838875976
Carollia brevicauda,0,0.4520009012054171,TRUE,carollia brevicauda,0.4520009012054171
Eptesicus fuscus,0,0.4396325133602323,TRUE,eptesicus fuscus,0.4396325133602323
Pteropus poliocephalus,0,0.46947782238900515,FALSE,pteropus poliocephalus,0.46947782238900515
Murina hilgendorfi,0,0.2687317676155308,TRUE,murina hilgendorfi,0.2687317676155308
Molossus molossus,0,0.4756070692118657,FALSE,molossus molossus,0.4756070692118657
Rhinolophus capensis,0,0.5439606197427499,FALSE,rhinolophus capensis,0.5439606197427499
Tadarida brasiliensis,0,0.47336389684806846,FALSE,tadarida brasiliensis,0.47336389684806846
Pteronotus davyi,1,0.4916278575585002,FALSE,pteronotus davyi,0.4916278575585002
Glauconycteris variegata,1,0.2519312510915013,TRUE,glauconycteris variegata,0.2519312510915013
Megaerops kusnotoi,1,0.3047517882900863,TRUE,megaerops kusnotoi,0.3047517882900863
Uroderma bilobatum,0,0.48609859465849425,FALSE,uroderma bilobatum,0.48609859465849425
Glossophaga soricina,0,0.4868570364540185,FALSE,glossophaga soricina,0.4868570364540185
Myotis velifer,0,0.5190876467836915,FALSE,myotis velifer,0.5190876467836915
Myotis bombinus,0,0.2974218755685276,TRUE,myotis bombinus,0.2974218755685276
Desmodus rotundus,1,0.5030673109104481,FALSE,desmodus rotundus,0.5030673109104481
Chalinolobus gouldii,0,0.5627288951950741,FALSE,chalinolobus gouldii,0.5627288951950741
Acerodon celebensis,1,0.31171878726196617,TRUE,acerodon celebensis,0.31171878726196617
Molossus rufus,0,0.5162228883191895,FALSE,molossus rufus,0.5162228883191895
Myotis lucifugus,0,0.5315673141526988,FALSE,myotis lucifugus,0.5315673141526988
Miniopterus natalensis,0,0.6104516951617686,FALSE,miniopterus natalensis,0.6104516951617686
Falsistrellus mackenziei,0,0.6213686568799297,FALSE,falsistrellus mackenziei,0.6213686568799297
Hipposideros fuliginosus,1,0.3622729090271618,TRUE,hipposideros fuliginosus,0.3622729090271618
Platyrrhinus lineatus,0,0.6299766893743898,FALSE,platyrrhinus lineatus,0.6299766893743898
Phyllostomus hastatus,0,0.5878667556798537,FALSE,phyllostomus hastatus,0.5878667556798537
Phyllostomus discolor,0,0.6423861871934184,FALSE,phyllostomus discolor,0.6423861871934184
Diphylla ecaudata,0,0.617589081297083,FALSE,diphylla ecaudata,0.617589081297083
Myotis welwitschii,0,0.3492338868938116,TRUE,myotis welwitschii,0.3492338868938116
Vespadelus regulus,0,0.6648629585550365,FALSE,vespadelus regulus,0.6648629585550365
Hipposideros cervinus,1,0.3780763430299986,TRUE,hipposideros cervinus,0.3780763430299986
Myotis macropus,0,0.6820627443044679,FALSE,myotis macropus,0.6820627443044679
Myotis davidii,0,0.6694397285281042,FALSE,myotis davidii,0.6694397285281042
Otomops martiensseni,0,0.36547588904167816,TRUE,otomops martiensseni,0.36547588904167816
Rhinolophus siamensis,0,0.4164052619471889,TRUE,rhinolophus siamensis,0.4164052619471889
Artibeus cinereus,0,0.6499135075441331,FALSE,artibeus cinereus,0.6499135075441331
Lasiurus borealis,0,0.6916231270058997,FALSE,lasiurus borealis,0.6916231270058997
Lonchorhina aurita,0,0.7009295157620663,FALSE,lonchorhina aurita,0.7009295157620663
Myotis adversus,0,0.38769240503659164,TRUE,myotis adversus,0.38769240503659164
Myotis californicus,0,0.7492565784363198,FALSE,myotis californicus,0.7492565784363198
Artibeus obscurus,1,0.6512150080745007,FALSE,artibeus obscurus,0.6512150080745007
Sturnira erythromos,0,0.7528168319980701,FALSE,sturnira erythromos,0.7528168319980701
Anoura caudifer,0,0.7739334060471841,FALSE,anoura caudifer,0.7739334060471841
Mystacina tuberculata,0,0.8288368991435885,FALSE,mystacina tuberculata,0.8288368991435885
Mesophylla macconnelli,0,0.8168955338098417,FALSE,mesophylla macconnelli,0.8168955338098417
Glossophaga morenoi,0,0.8254812749851759,FALSE,glossophaga morenoi,0.8254812749851759
Miniopterus fuscus,0,0.51551783199621,FALSE,miniopterus fuscus,0.51551783199621
Pteronotus personatus,1,0.5164028703517344,FALSE,pteronotus personatus,0.5164028703517344
Carollia sowelli,1,0.5288576700194875,FALSE,carollia sowelli,0.5288576700194875
Miniopterus minor,0,0.5633294321181012,FALSE,miniopterus minor,0.5633294321181012
Artibeus hirsutus,0,0.5892165002109502,FALSE,artibeus hirsutus,0.5892165002109502
Mormopterus jugularis,0,0.6117172803086361,FALSE,mormopterus jugularis,0.6117172803086361
Bauerus dubiaquercus,0,0.6509264312581345,FALSE,bauerus dubiaquercus,0.6509264312581345
Platyrrhinus recifinus,0,0.687751748750076,FALSE,platyrrhinus recifinus,0.687751748750076
Chalinolobus tuberculatus,0,0.7240200584685379,FALSE,chalinolobus tuberculatus,0.7240200584685379
Histiotus laephotis,0,0.7353419984539816,FALSE,histiotus laephotis,0.7353419984539816
Lophostoma brasiliense,0,0.8064280820467546,FALSE,lophostoma brasiliense,0.8064280820467546
Glossophaga leachii,0,0.8259052445746817,FALSE,glossophaga leachii,0.8259052445746817
