HostTaxID,Common Name,Host,HostGenus,HostFamily,HostOrder,HostClass,HostNCBIResolved
372077,Gambian epauletted fruit bat,epomophorus gambianus,epomophorus,pteropodidae,chiroptera,mammalia,True
903567,Little epauletted fruit bat,epomophorus labiatus,epomophorus,pteropodidae,chiroptera,mammalia,True
77231,Franquet's epauletted fruit bat,epomops franqueti,epomops,pteropodidae,chiroptera,mammalia,True
58073,Woermann's bat,megaloglossus woermanni,megaloglossus,pteropodidae,chiroptera,mammalia,True
58063,Madagascan fruit bat,eidolon dupreanum,eidolon,pteropodidae,chiroptera,mammalia,True
77233,Niphan's fruit bat,megaerops niphanae,megaerops,pteropodidae,chiroptera,mammalia,True
326081,Dyak fruit bat,dyacopterus spadiceus,dyacopterus,pteropodidae,chiroptera,mammalia,True
302402,African roundleaf bat,hipposideros caffer,hipposideros,hipposideridae,chiroptera,mammalia,True
463808,Sundevall's roundleaf bat,hipposideros ruber,hipposideros,hipposideridae,chiroptera,mammalia,True
58069,Cantor's roundleaf bat,hipposideros galeritus,hipposideros,hipposideridae,chiroptera,mammalia,True
178895,Creagh's horseshoe bat,rhinolophus creaghi,rhinolophus,rhinolophidae,chiroptera,mammalia,True
59478,Geoffroy's horseshoe bat,rhinolophus clivosus,rhinolophus,rhinolophidae,chiroptera,mammalia,True
329870,Persian trident bat,triaenops persicus,triaenops,rhinonycteridae,chiroptera,mammalia,True
1381355,Egyptian tomb bat,taphozous perforatus,taphozous,emballonuridae,chiroptera,mammalia,True
27634,Great fruit-eating bat,artibeus lituratus,artibeus,phyllostomidae,chiroptera,mammalia,True
40228,Dark fruit-eating bat,artibeus obscurus,artibeus,phyllostomidae,chiroptera,mammalia,True
40233,Seba's short-tailed bat,carollia perspicillata,carollia,phyllostomidae,chiroptera,mammalia,True
51300,Noctule bat,nyctalus noctula,nyctalus,vespertilionidae,chiroptera,mammalia,True
246814,Soprano pipistrelle,pipistrellus pygmaeus,pipistrellus,vespertilionidae,chiroptera,mammalia,True
109485,Savi's pipistrelle,hypsugo savii,hypsugo,vespertilionidae,chiroptera,mammalia,True
360967,Great evening bat,ia io,ia,vespertilionidae,chiroptera,mammalia,True
98922,Daubenton's bat,myotis daubentonii,myotis,vespertilionidae,chiroptera,mammalia,True
249034,White-bellied yellow bat,scotophilus leucogaster,scotophilus,vespertilionidae,chiroptera,mammalia,True
258952,African yellow bat,scotophilus dinganii,scotophilus,vespertilionidae,chiroptera,mammalia,True