thresh,precision,recall,TP,FP,FN,TN,n_predicted,n_ground_pos
0.0,0.0,0.0,0,0,62,123,0,62
0.001,1.0,0.016129032258064516,1,0,61,123,1,62
0.002,1.0,0.03225806451612903,2,0,60,123,2,62
0.003,1.0,0.03225806451612903,2,0,60,123,2,62
0.004,1.0,0.04838709677419355,3,0,59,123,3,62
0.005,1.0,0.06451612903225806,4,0,58,123,4,62
0.006,1.0,0.08064516129032258,5,0,57,123,5,62
0.007,1.0,0.0967741935483871,6,0,56,123,6,62
0.008,1.0,0.11290322580645161,7,0,55,123,7,62
0.009,1.0,0.12903225806451613,8,0,54,123,8,62
0.01,1.0,0.14516129032258066,9,0,53,123,9,62
0.011,1.0,0.14516129032258066,9,0,53,123,9,62
0.012,1.0,0.14516129032258066,9,0,53,123,9,62
0.013,1.0,0.16129032258064516,10,0,52,123,10,62
0.014,1.0,0.16129032258064516,10,0,52,123,10,62
0.015,1.0,0.16129032258064516,10,0,52,123,10,62
0.016,1.0,0.1774193548387097,11,0,51,123,11,62
0.017,1.0,0.1935483870967742,12,0,50,123,12,62
0.018,1.0,0.1935483870967742,12,0,50,123,12,62
0.019,0.9230769230769231,0.1935483870967742,12,1,50,122,13,62
0.02,0.9285714285714286,0.20967741935483872,13,1,49,122,14,62
0.021,0.9333333333333333,0.22580645161290322,14,1,48,122,15,62
0.022,0.9375,0.24193548387096775,15,1,47,122,16,62
0.023,0.9375,0.24193548387096775,15,1,47,122,16,62
0.024,0.9411764705882353,0.25806451612903225,16,1,46,122,17,62
0.025,0.9444444444444444,0.27419354838709675,17,1,45,122,18,62
0.026,0.9473684210526315,0.2903225806451613,18,1,44,122,19,62
0.027,0.9473684210526315,0.2903225806451613,18,1,44,122,19,62
0.028,0.9473684210526315,0.2903225806451613,18,1,44,122,19,62
0.029,0.95,0.3064516129032258,19,1,43,122,20,62
0.03,0.95,0.3064516129032258,19,1,43,122,20,62
0.031,0.95,0.3064516129032258,19,1,43,122,20,62
0.032,0.9523809523809523,0.3225806451612903,20,1,42,122,21,62
0.033,0.9545454545454546,0.3387096774193548,21,1,41,122,22,62
0.034,0.9565217391304348,0.3548387096774194,22,1,40,122,23,62
0.035,0.9565217391304348,0.3548387096774194,22,1,40,122,23,62
0.036,0.9565217391304348,0.3548387096774194,22,1,40,122,23,62
0.037,0.9565217391304348,0.3548387096774194,22,1,40,122,23,62
0.038,0.9565217391304348,0.3548387096774194,22,1,40,122,23,62
0.039,0.9583333333333334,0.3709677419354839,23,1,39,122,24,62
0.04,0.9583333333333334,0.3709677419354839,23,1,39,122,24,62
0.041,0.96,0.3870967741935484,24,1,38,122,25,62
0.042,0.9230769230769231,0.3870967741935484,24,2,38,121,26,62
0.043,0.8888888888888888,0.3870967741935484,24,3,38,120,27,62
0.044,0.8888888888888888,0.3870967741935484,24,3,38,120,27,62
0.045,0.8888888888888888,0.3870967741935484,24,3,38,120,27,62
0.046,0.8888888888888888,0.3870967741935484,24,3,38,120,27,62
0.047,0.8888888888888888,0.3870967741935484,24,3,38,120,27,62
0.048,0.8888888888888888,0.3870967741935484,24,3,38,120,27,62
0.049,0.8888888888888888,0.3870967741935484,24,3,38,120,27,62
0.05,0.8928571428571429,0.4032258064516129,25,3,37,120,28,62
0.051,0.8928571428571429,0.4032258064516129,25,3,37,120,28,62
0.052,0.8928571428571429,0.4032258064516129,25,3,37,120,28,62
0.053,0.8928571428571429,0.4032258064516129,25,3,37,120,28,62
0.054,0.8928571428571429,0.4032258064516129,25,3,37,120,28,62
0.055,0.8620689655172413,0.4032258064516129,25,4,37,119,29,62
0.056,0.8620689655172413,0.4032258064516129,25,4,37,119,29,62
0.057,0.8333333333333334,0.4032258064516129,25,5,37,118,30,62
0.058,0.8333333333333334,0.4032258064516129,25,5,37,118,30,62
0.059,0.8387096774193549,0.41935483870967744,26,5,36,118,31,62
0.06,0.8387096774193549,0.41935483870967744,26,5,36,118,31,62
0.061,0.8125,0.41935483870967744,26,6,36,117,32,62
0.062,0.8125,0.41935483870967744,26,6,36,117,32,62
0.063,0.8125,0.41935483870967744,26,6,36,117,32,62
0.064,0.7878787878787878,0.41935483870967744,26,7,36,116,33,62
0.065,0.7941176470588235,0.43548387096774194,27,7,35,116,34,62
0.066,0.7941176470588235,0.43548387096774194,27,7,35,116,34,62
0.067,0.7941176470588235,0.43548387096774194,27,7,35,116,34,62
0.068,0.8,0.45161290322580644,28,7,34,116,35,62
0.069,0.8,0.45161290322580644,28,7,34,116,35,62
0.07,0.8,0.45161290322580644,28,7,34,116,35,62
0.071,0.7777777777777778,0.45161290322580644,28,8,34,115,36,62
0.072,0.7777777777777778,0.45161290322580644,28,8,34,115,36,62
0.073,0.7777777777777778,0.45161290322580644,28,8,34,115,36,62
0.074,0.7777777777777778,0.45161290322580644,28,8,34,115,36,62
0.075,0.7567567567567568,0.45161290322580644,28,9,34,114,37,62
0.076,0.7631578947368421,0.46774193548387094,29,9,33,114,38,62
0.077,0.7631578947368421,0.46774193548387094,29,9,33,114,38,62
0.078,0.7631578947368421,0.46774193548387094,29,9,33,114,38,62
0.079,0.7692307692307693,0.4838709677419355,30,9,32,114,39,62
0.08,0.7692307692307693,0.4838709677419355,30,9,32,114,39,62
0.081,0.775,0.5,31,9,31,114,40,62
0.082,0.775,0.5,31,9,31,114,40,62
0.083,0.775,0.5,31,9,31,114,40,62
0.084,0.7804878048780488,0.5161290322580645,32,9,30,114,41,62
0.085,0.7804878048780488,0.5161290322580645,32,9,30,114,41,62
0.086,0.7804878048780488,0.5161290322580645,32,9,30,114,41,62
0.087,0.7857142857142857,0.532258064516129,33,9,29,114,42,62
0.088,0.7906976744186046,0.5483870967741935,34,9,28,114,43,62
0.089,0.7727272727272727,0.5483870967741935,34,10,28,113,44,62
0.09,0.7727272727272727,0.5483870967741935,34,10,28,113,44,62
0.091,0.7777777777777778,0.5645161290322581,35,10,27,113,45,62
0.092,0.7608695652173914,0.5645161290322581,35,11,27,112,46,62
0.093,0.7608695652173914,0.5645161290322581,35,11,27,112,46,62
0.094,0.7659574468085106,0.5806451612903226,36,11,26,112,47,62
0.095,0.7659574468085106,0.5806451612903226,36,11,26,112,47,62
0.096,0.75,0.5806451612903226,36,12,26,111,48,62
0.097,0.75,0.5806451612903226,36,12,26,111,48,62
0.098,0.75,0.5806451612903226,36,12,26,111,48,62
0.099,0.75,0.5806451612903226,36,12,26,111,48,62
0.1,0.7346938775510204,0.5806451612903226,36,13,26,110,49,62
0.101,0.7346938775510204,0.5806451612903226,36,13,26,110,49,62
0.102,0.7346938775510204,0.5806451612903226,36,13,26,110,49,62
0.103,0.7346938775510204,0.5806451612903226,36,13,26,110,49,62
0.104,0.72,0.5806451612903226,36,14,26,109,50,62
0.105,0.7058823529411765,0.5806451612903226,36,15,26,108,51,62
0.106,0.7058823529411765,0.5806451612903226,36,15,26,108,51,62
0.107,0.7115384615384616,0.5967741935483871,37,15,25,108,52,62
0.108,0.7115384615384616,0.5967741935483871,37,15,25,108,52,62
0.109,0.6981132075471698,0.5967741935483871,37,16,25,107,53,62
0.11,0.6981132075471698,0.5967741935483871,37,16,25,107,53,62
0.111,0.6981132075471698,0.5967741935483871,37,16,25,107,53,62
0.112,0.6981132075471698,0.5967741935483871,37,16,25,107,53,62
0.113,0.7037037037037037,0.6129032258064516,38,16,24,107,54,62
0.114,0.7090909090909091,0.6290322580645161,39,16,23,107,55,62
0.115,0.7090909090909091,0.6290322580645161,39,16,23,107,55,62
0.116,0.7142857142857143,0.6451612903225806,40,16,22,107,56,62
0.117,0.7192982456140351,0.6612903225806451,41,16,21,107,57,62
0.118,0.7241379310344828,0.6774193548387096,42,16,20,107,58,62
0.119,0.7241379310344828,0.6774193548387096,42,16,20,107,58,62
0.12,0.7241379310344828,0.6774193548387096,42,16,20,107,58,62
0.121,0.7288135593220338,0.6935483870967742,43,16,19,107,59,62
0.122,0.7288135593220338,0.6935483870967742,43,16,19,107,59,62
0.123,0.7288135593220338,0.6935483870967742,43,16,19,107,59,62
0.124,0.7166666666666667,0.6935483870967742,43,17,19,106,60,62
0.125,0.7166666666666667,0.6935483870967742,43,17,19,106,60,62
0.126,0.7166666666666667,0.6935483870967742,43,17,19,106,60,62
0.127,0.7166666666666667,0.6935483870967742,43,17,19,106,60,62
0.128,0.7166666666666667,0.6935483870967742,43,17,19,106,60,62
0.129,0.7166666666666667,0.6935483870967742,43,17,19,106,60,62
0.13,0.7166666666666667,0.6935483870967742,43,17,19,106,60,62
0.131,0.7166666666666667,0.6935483870967742,43,17,19,106,60,62
0.132,0.7166666666666667,0.6935483870967742,43,17,19,106,60,62
0.133,0.7166666666666667,0.6935483870967742,43,17,19,106,60,62
0.134,0.7049180327868853,0.6935483870967742,43,18,19,105,61,62
0.135,0.7049180327868853,0.6935483870967742,43,18,19,105,61,62
0.136,0.7049180327868853,0.6935483870967742,43,18,19,105,61,62
0.137,0.7096774193548387,0.7096774193548387,44,18,18,105,62,62
0.138,0.7096774193548387,0.7096774193548387,44,18,18,105,62,62
0.139,0.7096774193548387,0.7096774193548387,44,18,18,105,62,62
0.14,0.7096774193548387,0.7096774193548387,44,18,18,105,62,62
0.141,0.7096774193548387,0.7096774193548387,44,18,18,105,62,62
0.142,0.7096774193548387,0.7096774193548387,44,18,18,105,62,62
0.143,0.7096774193548387,0.7096774193548387,44,18,18,105,62,62
0.144,0.7096774193548387,0.7096774193548387,44,18,18,105,62,62
0.145,0.7142857142857143,0.7258064516129032,45,18,17,105,63,62
0.146,0.7142857142857143,0.7258064516129032,45,18,17,105,63,62
0.147,0.703125,0.7258064516129032,45,19,17,104,64,62
0.148,0.7076923076923077,0.7419354838709677,46,19,16,104,65,62
0.149,0.7076923076923077,0.7419354838709677,46,19,16,104,65,62
0.15,0.7121212121212122,0.7580645161290323,47,19,15,104,66,62
0.151,0.7121212121212122,0.7580645161290323,47,19,15,104,66,62
0.152,0.7121212121212122,0.7580645161290323,47,19,15,104,66,62
0.153,0.7164179104477612,0.7741935483870968,48,19,14,104,67,62
0.154,0.7164179104477612,0.7741935483870968,48,19,14,104,67,62
0.155,0.7164179104477612,0.7741935483870968,48,19,14,104,67,62
0.156,0.7164179104477612,0.7741935483870968,48,19,14,104,67,62
0.157,0.7058823529411765,0.7741935483870968,48,20,14,103,68,62
0.158,0.7101449275362319,0.7903225806451613,49,20,13,103,69,62
0.159,0.7101449275362319,0.7903225806451613,49,20,13,103,69,62
0.16,0.7101449275362319,0.7903225806451613,49,20,13,103,69,62
0.161,0.7101449275362319,0.7903225806451613,49,20,13,103,69,62
0.162,0.7101449275362319,0.7903225806451613,49,20,13,103,69,62
0.163,0.7101449275362319,0.7903225806451613,49,20,13,103,69,62
0.164,0.7142857142857143,0.8064516129032258,50,20,12,103,70,62
0.165,0.7142857142857143,0.8064516129032258,50,20,12,103,70,62
0.166,0.704225352112676,0.8064516129032258,50,21,12,102,71,62
0.167,0.704225352112676,0.8064516129032258,50,21,12,102,71,62
0.168,0.704225352112676,0.8064516129032258,50,21,12,102,71,62
0.169,0.704225352112676,0.8064516129032258,50,21,12,102,71,62
0.17,0.7083333333333334,0.8225806451612904,51,21,11,102,72,62
0.171,0.7083333333333334,0.8225806451612904,51,21,11,102,72,62
0.172,0.6986301369863014,0.8225806451612904,51,22,11,101,73,62
0.173,0.6986301369863014,0.8225806451612904,51,22,11,101,73,62
0.174,0.7027027027027027,0.8387096774193549,52,22,10,101,74,62
0.175,0.7027027027027027,0.8387096774193549,52,22,10,101,74,62
0.176,0.7066666666666667,0.8548387096774194,53,22,9,101,75,62
0.177,0.7066666666666667,0.8548387096774194,53,22,9,101,75,62
0.178,0.7066666666666667,0.8548387096774194,53,22,9,101,75,62
0.179,0.7066666666666667,0.8548387096774194,53,22,9,101,75,62
0.18,0.7066666666666667,0.8548387096774194,53,22,9,101,75,62
0.181,0.7066666666666667,0.8548387096774194,53,22,9,101,75,62
0.182,0.6973684210526315,0.8548387096774194,53,23,9,100,76,62
0.183,0.6973684210526315,0.8548387096774194,53,23,9,100,76,62
0.184,0.6973684210526315,0.8548387096774194,53,23,9,100,76,62
0.185,0.6973684210526315,0.8548387096774194,53,23,9,100,76,62
0.186,0.6973684210526315,0.8548387096774194,53,23,9,100,76,62
0.187,0.7012987012987013,0.8709677419354839,54,23,8,100,77,62
0.188,0.7012987012987013,0.8709677419354839,54,23,8,100,77,62
0.189,0.7012987012987013,0.8709677419354839,54,23,8,100,77,62
0.19,0.7012987012987013,0.8709677419354839,54,23,8,100,77,62
0.191,0.7012987012987013,0.8709677419354839,54,23,8,100,77,62
0.192,0.7012987012987013,0.8709677419354839,54,23,8,100,77,62
0.193,0.7012987012987013,0.8709677419354839,54,23,8,100,77,62
0.194,0.6923076923076923,0.8709677419354839,54,24,8,99,78,62
0.195,0.6923076923076923,0.8709677419354839,54,24,8,99,78,62
0.196,0.6923076923076923,0.8709677419354839,54,24,8,99,78,62
0.197,0.6835443037974683,0.8709677419354839,54,25,8,98,79,62
0.198,0.6835443037974683,0.8709677419354839,54,25,8,98,79,62
0.199,0.6835443037974683,0.8709677419354839,54,25,8,98,79,62
0.2,0.6875,0.8870967741935484,55,25,7,98,80,62
0.201,0.691358024691358,0.9032258064516129,56,25,6,98,81,62
0.202,0.691358024691358,0.9032258064516129,56,25,6,98,81,62
0.203,0.691358024691358,0.9032258064516129,56,25,6,98,81,62
0.204,0.691358024691358,0.9032258064516129,56,25,6,98,81,62
0.205,0.691358024691358,0.9032258064516129,56,25,6,98,81,62
0.206,0.6829268292682927,0.9032258064516129,56,26,6,97,82,62
0.207,0.6829268292682927,0.9032258064516129,56,26,6,97,82,62
0.208,0.6746987951807228,0.9032258064516129,56,27,6,96,83,62
0.209,0.6746987951807228,0.9032258064516129,56,27,6,96,83,62
0.21,0.6746987951807228,0.9032258064516129,56,27,6,96,83,62
0.211,0.6746987951807228,0.9032258064516129,56,27,6,96,83,62
0.212,0.6746987951807228,0.9032258064516129,56,27,6,96,83,62
0.213,0.6746987951807228,0.9032258064516129,56,27,6,96,83,62
0.214,0.6746987951807228,0.9032258064516129,56,27,6,96,83,62
0.215,0.6746987951807228,0.9032258064516129,56,27,6,96,83,62
0.216,0.6746987951807228,0.9032258064516129,56,27,6,96,83,62
0.217,0.6746987951807228,0.9032258064516129,56,27,6,96,83,62
0.218,0.6746987951807228,0.9032258064516129,56,27,6,96,83,62
0.219,0.6746987951807228,0.9032258064516129,56,27,6,96,83,62
0.22,0.6746987951807228,0.9032258064516129,56,27,6,96,83,62
0.221,0.6785714285714286,0.9193548387096774,57,27,5,96,84,62
0.222,0.6785714285714286,0.9193548387096774,57,27,5,96,84,62
0.223,0.6785714285714286,0.9193548387096774,57,27,5,96,84,62
0.224,0.6785714285714286,0.9193548387096774,57,27,5,96,84,62
0.225,0.6785714285714286,0.9193548387096774,57,27,5,96,84,62
0.226,0.6785714285714286,0.9193548387096774,57,27,5,96,84,62
0.227,0.6705882352941176,0.9193548387096774,57,28,5,95,85,62
0.228,0.6705882352941176,0.9193548387096774,57,28,5,95,85,62
0.229,0.6627906976744186,0.9193548387096774,57,29,5,94,86,62
0.23,0.6627906976744186,0.9193548387096774,57,29,5,94,86,62
0.231,0.6627906976744186,0.9193548387096774,57,29,5,94,86,62
0.232,0.6627906976744186,0.9193548387096774,57,29,5,94,86,62
0.233,0.6627906976744186,0.9193548387096774,57,29,5,94,86,62
0.234,0.6627906976744186,0.9193548387096774,57,29,5,94,86,62
0.235,0.6627906976744186,0.9193548387096774,57,29,5,94,86,62
0.236,0.6627906976744186,0.9193548387096774,57,29,5,94,86,62
0.237,0.6627906976744186,0.9193548387096774,57,29,5,94,86,62
0.238,0.6627906976744186,0.9193548387096774,57,29,5,94,86,62
0.239,0.6627906976744186,0.9193548387096774,57,29,5,94,86,62
0.24,0.6627906976744186,0.9193548387096774,57,29,5,94,86,62
0.241,0.6627906976744186,0.9193548387096774,57,29,5,94,86,62
0.242,0.6551724137931034,0.9193548387096774,57,30,5,93,87,62
0.243,0.6404494382022472,0.9193548387096774,57,32,5,91,89,62
0.244,0.6404494382022472,0.9193548387096774,57,32,5,91,89,62
0.245,0.6404494382022472,0.9193548387096774,57,32,5,91,89,62
0.246,0.6404494382022472,0.9193548387096774,57,32,5,91,89,62
0.247,0.6404494382022472,0.9193548387096774,57,32,5,91,89,62
0.248,0.6404494382022472,0.9193548387096774,57,32,5,91,89,62
0.249,0.6444444444444445,0.9354838709677419,58,32,4,91,90,62
0.25,0.6444444444444445,0.9354838709677419,58,32,4,91,90,62
0.251,0.6444444444444445,0.9354838709677419,58,32,4,91,90,62
0.252,0.6444444444444445,0.9354838709677419,58,32,4,91,90,62
0.253,0.6373626373626373,0.9354838709677419,58,33,4,90,91,62
0.254,0.6373626373626373,0.9354838709677419,58,33,4,90,91,62
0.255,0.6373626373626373,0.9354838709677419,58,33,4,90,91,62
0.256,0.6373626373626373,0.9354838709677419,58,33,4,90,91,62
0.257,0.6373626373626373,0.9354838709677419,58,33,4,90,91,62
0.258,0.6373626373626373,0.9354838709677419,58,33,4,90,91,62
0.259,0.6373626373626373,0.9354838709677419,58,33,4,90,91,62
0.26,0.6373626373626373,0.9354838709677419,58,33,4,90,91,62
0.261,0.6373626373626373,0.9354838709677419,58,33,4,90,91,62
0.262,0.6373626373626373,0.9354838709677419,58,33,4,90,91,62
0.263,0.6373626373626373,0.9354838709677419,58,33,4,90,91,62
0.264,0.6373626373626373,0.9354838709677419,58,33,4,90,91,62
0.265,0.6373626373626373,0.9354838709677419,58,33,4,90,91,62
0.266,0.6373626373626373,0.9354838709677419,58,33,4,90,91,62
0.267,0.6373626373626373,0.9354838709677419,58,33,4,90,91,62
0.268,0.6373626373626373,0.9354838709677419,58,33,4,90,91,62
0.269,0.6373626373626373,0.9354838709677419,58,33,4,90,91,62
0.27,0.6373626373626373,0.9354838709677419,58,33,4,90,91,62
0.271,0.6304347826086957,0.9354838709677419,58,34,4,89,92,62
0.272,0.6304347826086957,0.9354838709677419,58,34,4,89,92,62
0.273,0.6304347826086957,0.9354838709677419,58,34,4,89,92,62
0.274,0.6304347826086957,0.9354838709677419,58,34,4,89,92,62
0.275,0.6304347826086957,0.9354838709677419,58,34,4,89,92,62
0.276,0.6304347826086957,0.9354838709677419,58,34,4,89,92,62
0.277,0.6304347826086957,0.9354838709677419,58,34,4,89,92,62
0.278,0.6304347826086957,0.9354838709677419,58,34,4,89,92,62
0.279,0.6236559139784946,0.9354838709677419,58,35,4,88,93,62
0.28,0.6236559139784946,0.9354838709677419,58,35,4,88,93,62
0.281,0.6236559139784946,0.9354838709677419,58,35,4,88,93,62
0.282,0.6236559139784946,0.9354838709677419,58,35,4,88,93,62
0.283,0.6170212765957447,0.9354838709677419,58,36,4,87,94,62
0.284,0.6170212765957447,0.9354838709677419,58,36,4,87,94,62
0.285,0.6170212765957447,0.9354838709677419,58,36,4,87,94,62
0.286,0.6170212765957447,0.9354838709677419,58,36,4,87,94,62
0.287,0.6170212765957447,0.9354838709677419,58,36,4,87,94,62
0.288,0.6170212765957447,0.9354838709677419,58,36,4,87,94,62
0.289,0.6170212765957447,0.9354838709677419,58,36,4,87,94,62
0.29,0.6170212765957447,0.9354838709677419,58,36,4,87,94,62
0.291,0.6170212765957447,0.9354838709677419,58,36,4,87,94,62
0.292,0.6105263157894737,0.9354838709677419,58,37,4,86,95,62
0.293,0.6105263157894737,0.9354838709677419,58,37,4,86,95,62
0.294,0.6105263157894737,0.9354838709677419,58,37,4,86,95,62
0.295,0.6105263157894737,0.9354838709677419,58,37,4,86,95,62
0.296,0.6105263157894737,0.9354838709677419,58,37,4,86,95,62
0.297,0.6105263157894737,0.9354838709677419,58,37,4,86,95,62
0.298,0.6105263157894737,0.9354838709677419,58,37,4,86,95,62
0.299,0.6041666666666666,0.9354838709677419,58,38,4,85,96,62
0.3,0.5979381443298969,0.9354838709677419,58,39,4,84,97,62
0.301,0.5979381443298969,0.9354838709677419,58,39,4,84,97,62
0.302,0.5979381443298969,0.9354838709677419,58,39,4,84,97,62
0.303,0.5979381443298969,0.9354838709677419,58,39,4,84,97,62
0.304,0.6020408163265306,0.9516129032258065,59,39,3,84,98,62
0.305,0.6020408163265306,0.9516129032258065,59,39,3,84,98,62
0.306,0.6020408163265306,0.9516129032258065,59,39,3,84,98,62
0.307,0.6020408163265306,0.9516129032258065,59,39,3,84,98,62
0.308,0.6020408163265306,0.9516129032258065,59,39,3,84,98,62
0.309,0.6020408163265306,0.9516129032258065,59,39,3,84,98,62
0.31,0.5959595959595959,0.9516129032258065,59,40,3,83,99,62
0.311,0.59,0.9516129032258065,59,41,3,82,100,62
0.312,0.59,0.9516129032258065,59,41,3,82,100,62
0.313,0.5841584158415841,0.9516129032258065,59,42,3,81,101,62
0.314,0.5841584158415841,0.9516129032258065,59,42,3,81,101,62
0.315,0.5841584158415841,0.9516129032258065,59,42,3,81,101,62
0.316,0.5841584158415841,0.9516129032258065,59,42,3,81,101,62
0.317,0.5784313725490197,0.9516129032258065,59,43,3,80,102,62
0.318,0.5769230769230769,0.967741935483871,60,44,2,79,104,62
0.319,0.5714285714285714,0.967741935483871,60,45,2,78,105,62
0.32,0.5754716981132075,0.9838709677419355,61,45,1,78,106,62
0.321,0.5700934579439252,0.9838709677419355,61,46,1,77,107,62
0.322,0.5700934579439252,0.9838709677419355,61,46,1,77,107,62
0.323,0.5700934579439252,0.9838709677419355,61,46,1,77,107,62
0.324,0.5700934579439252,0.9838709677419355,61,46,1,77,107,62
0.325,0.5648148148148148,0.9838709677419355,61,47,1,76,108,62
0.326,0.5596330275229358,0.9838709677419355,61,48,1,75,109,62
0.327,0.5596330275229358,0.9838709677419355,61,48,1,75,109,62
0.328,0.5545454545454546,0.9838709677419355,61,49,1,74,110,62
0.329,0.5545454545454546,0.9838709677419355,61,49,1,74,110,62
0.33,0.5545454545454546,0.9838709677419355,61,49,1,74,110,62
0.331,0.5545454545454546,0.9838709677419355,61,49,1,74,110,62
0.332,0.5545454545454546,0.9838709677419355,61,49,1,74,110,62
0.333,0.5545454545454546,0.9838709677419355,61,49,1,74,110,62
0.334,0.5545454545454546,0.9838709677419355,61,49,1,74,110,62
0.335,0.5545454545454546,0.9838709677419355,61,49,1,74,110,62
0.336,0.5495495495495496,0.9838709677419355,61,50,1,73,111,62
0.337,0.5495495495495496,0.9838709677419355,61,50,1,73,111,62
0.338,0.5495495495495496,0.9838709677419355,61,50,1,73,111,62
0.339,0.5495495495495496,0.9838709677419355,61,50,1,73,111,62
0.34,0.5495495495495496,0.9838709677419355,61,50,1,73,111,62
0.341,0.5495495495495496,0.9838709677419355,61,50,1,73,111,62
0.342,0.5495495495495496,0.9838709677419355,61,50,1,73,111,62
0.343,0.5495495495495496,0.9838709677419355,61,50,1,73,111,62
0.344,0.5495495495495496,0.9838709677419355,61,50,1,73,111,62
0.345,0.5495495495495496,0.9838709677419355,61,50,1,73,111,62
0.346,0.5495495495495496,0.9838709677419355,61,50,1,73,111,62
0.347,0.5495495495495496,0.9838709677419355,61,50,1,73,111,62
0.348,0.5495495495495496,0.9838709677419355,61,50,1,73,111,62
0.349,0.5495495495495496,0.9838709677419355,61,50,1,73,111,62
0.35,0.5495495495495496,0.9838709677419355,61,50,1,73,111,62
0.351,0.5495495495495496,0.9838709677419355,61,50,1,73,111,62
0.352,0.5495495495495496,0.9838709677419355,61,50,1,73,111,62
0.353,0.5495495495495496,0.9838709677419355,61,50,1,73,111,62
0.354,0.5446428571428571,0.9838709677419355,61,51,1,72,112,62
0.355,0.5446428571428571,0.9838709677419355,61,51,1,72,112,62
0.356,0.5398230088495575,0.9838709677419355,61,52,1,71,113,62
0.357,0.5398230088495575,0.9838709677419355,61,52,1,71,113,62
0.358,0.5398230088495575,0.9838709677419355,61,52,1,71,113,62
0.359,0.5398230088495575,0.9838709677419355,61,52,1,71,113,62
0.36,0.5398230088495575,0.9838709677419355,61,52,1,71,113,62
0.361,0.5398230088495575,0.9838709677419355,61,52,1,71,113,62
0.362,0.5398230088495575,0.9838709677419355,61,52,1,71,113,62
0.363,0.5398230088495575,0.9838709677419355,61,52,1,71,113,62
0.364,0.5350877192982456,0.9838709677419355,61,53,1,70,114,62
0.365,0.5350877192982456,0.9838709677419355,61,53,1,70,114,62
0.366,0.5350877192982456,0.9838709677419355,61,53,1,70,114,62
0.367,0.5304347826086957,0.9838709677419355,61,54,1,69,115,62
0.368,0.5304347826086957,0.9838709677419355,61,54,1,69,115,62
0.369,0.5304347826086957,0.9838709677419355,61,54,1,69,115,62
0.37,0.5258620689655172,0.9838709677419355,61,55,1,68,116,62
0.371,0.5258620689655172,0.9838709677419355,61,55,1,68,116,62
0.372,0.5213675213675214,0.9838709677419355,61,56,1,67,117,62
0.373,0.5213675213675214,0.9838709677419355,61,56,1,67,117,62
0.374,0.5213675213675214,0.9838709677419355,61,56,1,67,117,62
0.375,0.5213675213675214,0.9838709677419355,61,56,1,67,117,62
0.376,0.5213675213675214,0.9838709677419355,61,56,1,67,117,62
0.377,0.5213675213675214,0.9838709677419355,61,56,1,67,117,62
0.378,0.5169491525423728,0.9838709677419355,61,57,1,66,118,62
0.379,0.5169491525423728,0.9838709677419355,61,57,1,66,118,62
0.38,0.5169491525423728,0.9838709677419355,61,57,1,66,118,62
0.381,0.5126050420168067,0.9838709677419355,61,58,1,65,119,62
0.382,0.5126050420168067,0.9838709677419355,61,58,1,65,119,62
0.383,0.5126050420168067,0.9838709677419355,61,58,1,65,119,62
0.384,0.5126050420168067,0.9838709677419355,61,58,1,65,119,62
0.385,0.5126050420168067,0.9838709677419355,61,58,1,65,119,62
0.386,0.5126050420168067,0.9838709677419355,61,58,1,65,119,62
0.387,0.5126050420168067,0.9838709677419355,61,58,1,65,119,62
0.388,0.5126050420168067,0.9838709677419355,61,58,1,65,119,62
0.389,0.5126050420168067,0.9838709677419355,61,58,1,65,119,62
0.39,0.5126050420168067,0.9838709677419355,61,58,1,65,119,62
0.391,0.5083333333333333,0.9838709677419355,61,59,1,64,120,62
0.392,0.5083333333333333,0.9838709677419355,61,59,1,64,120,62
0.393,0.5041322314049587,0.9838709677419355,61,60,1,63,121,62
0.394,0.5041322314049587,0.9838709677419355,61,60,1,63,121,62
0.395,0.5041322314049587,0.9838709677419355,61,60,1,63,121,62
0.396,0.5041322314049587,0.9838709677419355,61,60,1,63,121,62
0.397,0.5041322314049587,0.9838709677419355,61,60,1,63,121,62
0.398,0.5041322314049587,0.9838709677419355,61,60,1,63,121,62
0.399,0.5041322314049587,0.9838709677419355,61,60,1,63,121,62
0.4,0.5041322314049587,0.9838709677419355,61,60,1,63,121,62
0.401,0.5041322314049587,0.9838709677419355,61,60,1,63,121,62
0.402,0.5041322314049587,0.9838709677419355,61,60,1,63,121,62
0.403,0.5041322314049587,0.9838709677419355,61,60,1,63,121,62
0.404,0.5,0.9838709677419355,61,61,1,62,122,62
0.405,0.4959349593495935,0.9838709677419355,61,62,1,61,123,62
0.406,0.4959349593495935,0.9838709677419355,61,62,1,61,123,62
0.407,0.4959349593495935,0.9838709677419355,61,62,1,61,123,62
0.408,0.49193548387096775,0.9838709677419355,61,63,1,60,124,62
0.409,0.49193548387096775,0.9838709677419355,61,63,1,60,124,62
0.41,0.488,0.9838709677419355,61,64,1,59,125,62
0.411,0.488,0.9838709677419355,61,64,1,59,125,62
0.412,0.488,0.9838709677419355,61,64,1,59,125,62
0.413,0.488,0.9838709677419355,61,64,1,59,125,62
0.414,0.48412698412698413,0.9838709677419355,61,65,1,58,126,62
0.415,0.48412698412698413,0.9838709677419355,61,65,1,58,126,62
0.416,0.48412698412698413,0.9838709677419355,61,65,1,58,126,62
0.417,0.48031496062992124,0.9838709677419355,61,66,1,57,127,62
0.418,0.48031496062992124,0.9838709677419355,61,66,1,57,127,62
0.419,0.48031496062992124,0.9838709677419355,61,66,1,57,127,62
0.42,0.48031496062992124,0.9838709677419355,61,66,1,57,127,62
0.421,0.4765625,0.9838709677419355,61,67,1,56,128,62
0.422,0.4765625,0.9838709677419355,61,67,1,56,128,62
0.423,0.4765625,0.9838709677419355,61,67,1,56,128,62
0.424,0.4765625,0.9838709677419355,61,67,1,56,128,62
0.425,0.4765625,0.9838709677419355,61,67,1,56,128,62
0.426,0.4765625,0.9838709677419355,61,67,1,56,128,62
0.427,0.4765625,0.9838709677419355,61,67,1,56,128,62
0.428,0.4728682170542636,0.9838709677419355,61,68,1,55,129,62
0.429,0.4728682170542636,0.9838709677419355,61,68,1,55,129,62
0.43,0.4728682170542636,0.9838709677419355,61,68,1,55,129,62
0.431,0.4728682170542636,0.9838709677419355,61,68,1,55,129,62
0.432,0.4728682170542636,0.9838709677419355,61,68,1,55,129,62
0.433,0.4728682170542636,0.9838709677419355,61,68,1,55,129,62
0.434,0.4728682170542636,0.9838709677419355,61,68,1,55,129,62
0.435,0.4728682170542636,0.9838709677419355,61,68,1,55,129,62
0.436,0.4728682170542636,0.9838709677419355,61,68,1,55,129,62
0.437,0.4728682170542636,0.9838709677419355,61,68,1,55,129,62
0.438,0.4728682170542636,0.9838709677419355,61,68,1,55,129,62
0.439,0.4728682170542636,0.9838709677419355,61,68,1,55,129,62
0.44,0.4728682170542636,0.9838709677419355,61,68,1,55,129,62
0.441,0.4728682170542636,0.9838709677419355,61,68,1,55,129,62
0.442,0.46923076923076923,0.9838709677419355,61,69,1,54,130,62
0.443,0.46923076923076923,0.9838709677419355,61,69,1,54,130,62
0.444,0.46923076923076923,0.9838709677419355,61,69,1,54,130,62
0.445,0.46564885496183206,0.9838709677419355,61,70,1,53,131,62
0.446,0.46564885496183206,0.9838709677419355,61,70,1,53,131,62
0.447,0.46564885496183206,0.9838709677419355,61,70,1,53,131,62
0.448,0.46564885496183206,0.9838709677419355,61,70,1,53,131,62
0.449,0.4621212121212121,0.9838709677419355,61,71,1,52,132,62
0.45,0.4621212121212121,0.9838709677419355,61,71,1,52,132,62
0.451,0.4621212121212121,0.9838709677419355,61,71,1,52,132,62
0.452,0.4621212121212121,0.9838709677419355,61,71,1,52,132,62
0.453,0.4621212121212121,0.9838709677419355,61,71,1,52,132,62
0.454,0.4621212121212121,0.9838709677419355,61,71,1,52,132,62
0.455,0.4621212121212121,0.9838709677419355,61,71,1,52,132,62
0.456,0.45864661654135336,0.9838709677419355,61,72,1,51,133,62
0.457,0.45864661654135336,0.9838709677419355,61,72,1,51,133,62
0.458,0.45864661654135336,0.9838709677419355,61,72,1,51,133,62
0.459,0.45864661654135336,0.9838709677419355,61,72,1,51,133,62
0.46,0.45864661654135336,0.9838709677419355,61,72,1,51,133,62
0.461,0.45864661654135336,0.9838709677419355,61,72,1,51,133,62
0.462,0.45864661654135336,0.9838709677419355,61,72,1,51,133,62
0.463,0.45864661654135336,0.9838709677419355,61,72,1,51,133,62
0.464,0.45864661654135336,0.9838709677419355,61,72,1,51,133,62
0.465,0.45864661654135336,0.9838709677419355,61,72,1,51,133,62
0.466,0.45864661654135336,0.9838709677419355,61,72,1,51,133,62
0.467,0.45864661654135336,0.9838709677419355,61,72,1,51,133,62
0.468,0.45864661654135336,0.9838709677419355,61,72,1,51,133,62
0.469,0.45864661654135336,0.9838709677419355,61,72,1,51,133,62
0.47,0.45864661654135336,0.9838709677419355,61,72,1,51,133,62
0.471,0.45864661654135336,0.9838709677419355,61,72,1,51,133,62
0.472,0.4552238805970149,0.9838709677419355,61,73,1,50,134,62
0.473,0.45185185185185184,0.9838709677419355,61,74,1,49,135,62
0.474,0.45185185185185184,0.9838709677419355,61,74,1,49,135,62
0.475,0.45185185185185184,0.9838709677419355,61,74,1,49,135,62
0.476,0.45185185185185184,0.9838709677419355,61,74,1,49,135,62
0.477,0.45185185185185184,0.9838709677419355,61,74,1,49,135,62
0.478,0.4485294117647059,0.9838709677419355,61,75,1,48,136,62
0.479,0.4485294117647059,0.9838709677419355,61,75,1,48,136,62
0.48,0.4485294117647059,0.9838709677419355,61,75,1,48,136,62
0.481,0.4485294117647059,0.9838709677419355,61,75,1,48,136,62
0.482,0.4485294117647059,0.9838709677419355,61,75,1,48,136,62
0.483,0.4485294117647059,0.9838709677419355,61,75,1,48,136,62
0.484,0.4485294117647059,0.9838709677419355,61,75,1,48,136,62
0.485,0.4485294117647059,0.9838709677419355,61,75,1,48,136,62
0.486,0.4485294117647059,0.9838709677419355,61,75,1,48,136,62
0.487,0.4485294117647059,0.9838709677419355,61,75,1,48,136,62
0.488,0.4485294117647059,0.9838709677419355,61,75,1,48,136,62
0.489,0.4485294117647059,0.9838709677419355,61,75,1,48,136,62
0.49,0.44525547445255476,0.9838709677419355,61,76,1,47,137,62
0.491,0.4420289855072464,0.9838709677419355,61,77,1,46,138,62
0.492,0.4420289855072464,0.9838709677419355,61,77,1,46,138,62
0.493,0.43884892086330934,0.9838709677419355,61,78,1,45,139,62
0.494,0.43884892086330934,0.9838709677419355,61,78,1,45,139,62
0.495,0.43884892086330934,0.9838709677419355,61,78,1,45,139,62
0.496,0.43884892086330934,0.9838709677419355,61,78,1,45,139,62
0.497,0.43884892086330934,0.9838709677419355,61,78,1,45,139,62
0.498,0.43884892086330934,0.9838709677419355,61,78,1,45,139,62
0.499,0.43884892086330934,0.9838709677419355,61,78,1,45,139,62
0.5,0.43884892086330934,0.9838709677419355,61,78,1,45,139,62
0.501,0.43884892086330934,0.9838709677419355,61,78,1,45,139,62
0.502,0.43884892086330934,0.9838709677419355,61,78,1,45,139,62
0.503,0.43884892086330934,0.9838709677419355,61,78,1,45,139,62
0.504,0.43884892086330934,0.9838709677419355,61,78,1,45,139,62
0.505,0.43884892086330934,0.9838709677419355,61,78,1,45,139,62
0.506,0.4357142857142857,0.9838709677419355,61,79,1,44,140,62
0.507,0.4357142857142857,0.9838709677419355,61,79,1,44,140,62
0.508,0.4357142857142857,0.9838709677419355,61,79,1,44,140,62
0.509,0.4357142857142857,0.9838709677419355,61,79,1,44,140,62
0.51,0.4357142857142857,0.9838709677419355,61,79,1,44,140,62
0.511,0.4357142857142857,0.9838709677419355,61,79,1,44,140,62
0.512,0.4357142857142857,0.9838709677419355,61,79,1,44,140,62
0.513,0.4357142857142857,0.9838709677419355,61,79,1,44,140,62
0.514,0.4357142857142857,0.9838709677419355,61,79,1,44,140,62
0.515,0.4357142857142857,0.9838709677419355,61,79,1,44,140,62
0.516,0.4357142857142857,0.9838709677419355,61,79,1,44,140,62
0.517,0.4357142857142857,0.9838709677419355,61,79,1,44,140,62
0.518,0.4357142857142857,0.9838709677419355,61,79,1,44,140,62
0.519,0.4357142857142857,0.9838709677419355,61,79,1,44,140,62
0.52,0.4357142857142857,0.9838709677419355,61,79,1,44,140,62
0.521,0.4357142857142857,0.9838709677419355,61,79,1,44,140,62
0.522,0.4357142857142857,0.9838709677419355,61,79,1,44,140,62
0.523,0.4357142857142857,0.9838709677419355,61,79,1,44,140,62
0.524,0.4326241134751773,0.9838709677419355,61,80,1,43,141,62
0.525,0.4326241134751773,0.9838709677419355,61,80,1,43,141,62
0.526,0.4295774647887324,0.9838709677419355,61,81,1,42,142,62
0.527,0.4295774647887324,0.9838709677419355,61,81,1,42,142,62
0.528,0.4295774647887324,0.9838709677419355,61,81,1,42,142,62
0.529,0.4295774647887324,0.9838709677419355,61,81,1,42,142,62
0.53,0.4295774647887324,0.9838709677419355,61,81,1,42,142,62
0.531,0.4295774647887324,0.9838709677419355,61,81,1,42,142,62
0.532,0.4295774647887324,0.9838709677419355,61,81,1,42,142,62
0.533,0.42657342657342656,0.9838709677419355,61,82,1,41,143,62
0.534,0.42657342657342656,0.9838709677419355,61,82,1,41,143,62
0.535,0.42657342657342656,0.9838709677419355,61,82,1,41,143,62
0.536,0.4236111111111111,0.9838709677419355,61,83,1,40,144,62
0.537,0.4236111111111111,0.9838709677419355,61,83,1,40,144,62
0.538,0.4236111111111111,0.9838709677419355,61,83,1,40,144,62
0.539,0.4236111111111111,0.9838709677419355,61,83,1,40,144,62
0.54,0.4236111111111111,0.9838709677419355,61,83,1,40,144,62
0.541,0.4236111111111111,0.9838709677419355,61,83,1,40,144,62
0.542,0.4236111111111111,0.9838709677419355,61,83,1,40,144,62
0.543,0.4236111111111111,0.9838709677419355,61,83,1,40,144,62
0.544,0.4236111111111111,0.9838709677419355,61,83,1,40,144,62
0.545,0.4236111111111111,0.9838709677419355,61,83,1,40,144,62
0.546,0.4206896551724138,0.9838709677419355,61,84,1,39,145,62
0.547,0.4206896551724138,0.9838709677419355,61,84,1,39,145,62
0.548,0.4206896551724138,0.9838709677419355,61,84,1,39,145,62
0.549,0.4206896551724138,0.9838709677419355,61,84,1,39,145,62
0.55,0.4206896551724138,0.9838709677419355,61,84,1,39,145,62
0.551,0.4206896551724138,0.9838709677419355,61,84,1,39,145,62
0.552,0.4206896551724138,0.9838709677419355,61,84,1,39,145,62
0.553,0.4206896551724138,0.9838709677419355,61,84,1,39,145,62
0.554,0.4206896551724138,0.9838709677419355,61,84,1,39,145,62
0.555,0.4178082191780822,0.9838709677419355,61,85,1,38,146,62
0.556,0.4178082191780822,0.9838709677419355,61,85,1,38,146,62
0.557,0.4178082191780822,0.9838709677419355,61,85,1,38,146,62
0.558,0.4178082191780822,0.9838709677419355,61,85,1,38,146,62
0.559,0.4178082191780822,0.9838709677419355,61,85,1,38,146,62
0.56,0.4178082191780822,0.9838709677419355,61,85,1,38,146,62
0.561,0.4178082191780822,0.9838709677419355,61,85,1,38,146,62
0.562,0.41496598639455784,0.9838709677419355,61,86,1,37,147,62
0.563,0.41496598639455784,0.9838709677419355,61,86,1,37,147,62
0.564,0.41496598639455784,0.9838709677419355,61,86,1,37,147,62
0.565,0.41216216216216217,0.9838709677419355,61,87,1,36,148,62
0.566,0.41216216216216217,0.9838709677419355,61,87,1,36,148,62
0.567,0.41216216216216217,0.9838709677419355,61,87,1,36,148,62
0.568,0.41216216216216217,0.9838709677419355,61,87,1,36,148,62
0.569,0.41216216216216217,0.9838709677419355,61,87,1,36,148,62
0.57,0.40939597315436244,0.9838709677419355,61,88,1,35,149,62
0.571,0.4066666666666667,0.9838709677419355,61,89,1,34,150,62
0.572,0.4066666666666667,0.9838709677419355,61,89,1,34,150,62
0.573,0.40397350993377484,0.9838709677419355,61,90,1,33,151,62
0.574,0.40397350993377484,0.9838709677419355,61,90,1,33,151,62
0.575,0.40397350993377484,0.9838709677419355,61,90,1,33,151,62
0.576,0.40397350993377484,0.9838709677419355,61,90,1,33,151,62
0.577,0.40397350993377484,0.9838709677419355,61,90,1,33,151,62
0.578,0.40397350993377484,0.9838709677419355,61,90,1,33,151,62
0.579,0.40397350993377484,0.9838709677419355,61,90,1,33,151,62
0.58,0.40397350993377484,0.9838709677419355,61,90,1,33,151,62
0.581,0.40131578947368424,0.9838709677419355,61,91,1,32,152,62
0.582,0.40131578947368424,0.9838709677419355,61,91,1,32,152,62
0.583,0.40131578947368424,0.9838709677419355,61,91,1,32,152,62
0.584,0.40131578947368424,0.9838709677419355,61,91,1,32,152,62
0.585,0.40131578947368424,0.9838709677419355,61,91,1,32,152,62
0.586,0.40131578947368424,0.9838709677419355,61,91,1,32,152,62
0.587,0.40131578947368424,0.9838709677419355,61,91,1,32,152,62
0.588,0.40131578947368424,0.9838709677419355,61,91,1,32,152,62
0.589,0.40131578947368424,0.9838709677419355,61,91,1,32,152,62
0.59,0.40131578947368424,0.9838709677419355,61,91,1,32,152,62
0.591,0.40131578947368424,0.9838709677419355,61,91,1,32,152,62
0.592,0.40131578947368424,0.9838709677419355,61,91,1,32,152,62
0.593,0.40131578947368424,0.9838709677419355,61,91,1,32,152,62
0.594,0.40131578947368424,0.9838709677419355,61,91,1,32,152,62
0.595,0.40131578947368424,0.9838709677419355,61,91,1,32,152,62
0.596,0.40131578947368424,0.9838709677419355,61,91,1,32,152,62
0.597,0.40131578947368424,0.9838709677419355,61,91,1,32,152,62
0.598,0.40131578947368424,0.9838709677419355,61,91,1,32,152,62
0.599,0.39869281045751637,0.9838709677419355,61,92,1,31,153,62
0.6,0.39869281045751637,0.9838709677419355,61,92,1,31,153,62
0.601,0.39869281045751637,0.9838709677419355,61,92,1,31,153,62
0.602,0.39869281045751637,0.9838709677419355,61,92,1,31,153,62
0.603,0.39869281045751637,0.9838709677419355,61,92,1,31,153,62
0.604,0.39869281045751637,0.9838709677419355,61,92,1,31,153,62
0.605,0.39869281045751637,0.9838709677419355,61,92,1,31,153,62
0.606,0.39869281045751637,0.9838709677419355,61,92,1,31,153,62
0.607,0.39869281045751637,0.9838709677419355,61,92,1,31,153,62
0.608,0.3961038961038961,0.9838709677419355,61,93,1,30,154,62
0.609,0.3961038961038961,0.9838709677419355,61,93,1,30,154,62
0.61,0.3961038961038961,0.9838709677419355,61,93,1,30,154,62
0.611,0.3961038961038961,0.9838709677419355,61,93,1,30,154,62
0.612,0.3961038961038961,0.9838709677419355,61,93,1,30,154,62
0.613,0.3961038961038961,0.9838709677419355,61,93,1,30,154,62
0.614,0.3961038961038961,0.9838709677419355,61,93,1,30,154,62
0.615,0.3961038961038961,0.9838709677419355,61,93,1,30,154,62
0.616,0.3961038961038961,0.9838709677419355,61,93,1,30,154,62
0.617,0.3961038961038961,0.9838709677419355,61,93,1,30,154,62
0.618,0.3961038961038961,0.9838709677419355,61,93,1,30,154,62
0.619,0.3961038961038961,0.9838709677419355,61,93,1,30,154,62
0.62,0.3961038961038961,0.9838709677419355,61,93,1,30,154,62
0.621,0.3961038961038961,0.9838709677419355,61,93,1,30,154,62
0.622,0.3961038961038961,0.9838709677419355,61,93,1,30,154,62
0.623,0.3961038961038961,0.9838709677419355,61,93,1,30,154,62
0.624,0.3961038961038961,0.9838709677419355,61,93,1,30,154,62
0.625,0.3961038961038961,0.9838709677419355,61,93,1,30,154,62
0.626,0.3961038961038961,0.9838709677419355,61,93,1,30,154,62
0.627,0.3935483870967742,0.9838709677419355,61,94,1,29,155,62
0.628,0.3935483870967742,0.9838709677419355,61,94,1,29,155,62
0.629,0.3935483870967742,0.9838709677419355,61,94,1,29,155,62
0.63,0.3935483870967742,0.9838709677419355,61,94,1,29,155,62
0.631,0.3935483870967742,0.9838709677419355,61,94,1,29,155,62
0.632,0.3935483870967742,0.9838709677419355,61,94,1,29,155,62
0.633,0.3935483870967742,0.9838709677419355,61,94,1,29,155,62
0.634,0.3935483870967742,0.9838709677419355,61,94,1,29,155,62
0.635,0.3935483870967742,0.9838709677419355,61,94,1,29,155,62
0.636,0.3935483870967742,0.9838709677419355,61,94,1,29,155,62
0.637,0.3935483870967742,0.9838709677419355,61,94,1,29,155,62
0.638,0.3935483870967742,0.9838709677419355,61,94,1,29,155,62
0.639,0.3935483870967742,0.9838709677419355,61,94,1,29,155,62
0.64,0.3935483870967742,0.9838709677419355,61,94,1,29,155,62
0.641,0.3935483870967742,0.9838709677419355,61,94,1,29,155,62
0.642,0.3935483870967742,0.9838709677419355,61,94,1,29,155,62
0.643,0.3935483870967742,0.9838709677419355,61,94,1,29,155,62
0.644,0.3935483870967742,0.9838709677419355,61,94,1,29,155,62
0.645,0.3935483870967742,0.9838709677419355,61,94,1,29,155,62
0.646,0.3935483870967742,0.9838709677419355,61,94,1,29,155,62
0.647,0.391025641025641,0.9838709677419355,61,95,1,28,156,62
0.648,0.391025641025641,0.9838709677419355,61,95,1,28,156,62
0.649,0.391025641025641,0.9838709677419355,61,95,1,28,156,62
0.65,0.3885350318471338,0.9838709677419355,61,96,1,27,157,62
0.651,0.3885350318471338,0.9838709677419355,61,96,1,27,157,62
0.652,0.3885350318471338,0.9838709677419355,61,96,1,27,157,62
0.653,0.3885350318471338,0.9838709677419355,61,96,1,27,157,62
0.654,0.3885350318471338,0.9838709677419355,61,96,1,27,157,62
0.655,0.3885350318471338,0.9838709677419355,61,96,1,27,157,62
0.656,0.3885350318471338,0.9838709677419355,61,96,1,27,157,62
0.657,0.3885350318471338,0.9838709677419355,61,96,1,27,157,62
0.658,0.3885350318471338,0.9838709677419355,61,96,1,27,157,62
0.659,0.3885350318471338,0.9838709677419355,61,96,1,27,157,62
0.66,0.3860759493670886,0.9838709677419355,61,97,1,26,158,62
0.661,0.3860759493670886,0.9838709677419355,61,97,1,26,158,62
0.662,0.3860759493670886,0.9838709677419355,61,97,1,26,158,62
0.663,0.3860759493670886,0.9838709677419355,61,97,1,26,158,62
0.664,0.3860759493670886,0.9838709677419355,61,97,1,26,158,62
0.665,0.3860759493670886,0.9838709677419355,61,97,1,26,158,62
0.666,0.3860759493670886,0.9838709677419355,61,97,1,26,158,62
0.667,0.3860759493670886,0.9838709677419355,61,97,1,26,158,62
0.668,0.3860759493670886,0.9838709677419355,61,97,1,26,158,62
0.669,0.3860759493670886,0.9838709677419355,61,97,1,26,158,62
0.67,0.3836477987421384,0.9838709677419355,61,98,1,25,159,62
0.671,0.3836477987421384,0.9838709677419355,61,98,1,25,159,62
0.672,0.3836477987421384,0.9838709677419355,61,98,1,25,159,62
0.673,0.3836477987421384,0.9838709677419355,61,98,1,25,159,62
0.674,0.3836477987421384,0.9838709677419355,61,98,1,25,159,62
0.675,0.3836477987421384,0.9838709677419355,61,98,1,25,159,62
0.676,0.3836477987421384,0.9838709677419355,61,98,1,25,159,62
0.677,0.3836477987421384,0.9838709677419355,61,98,1,25,159,62
0.678,0.3836477987421384,0.9838709677419355,61,98,1,25,159,62
0.679,0.3836477987421384,0.9838709677419355,61,98,1,25,159,62
0.68,0.3836477987421384,0.9838709677419355,61,98,1,25,159,62
0.681,0.3836477987421384,0.9838709677419355,61,98,1,25,159,62
0.682,0.3836477987421384,0.9838709677419355,61,98,1,25,159,62
0.683,0.3836477987421384,0.9838709677419355,61,98,1,25,159,62
0.684,0.3836477987421384,0.9838709677419355,61,98,1,25,159,62
0.685,0.3836477987421384,0.9838709677419355,61,98,1,25,159,62
0.686,0.3836477987421384,0.9838709677419355,61,98,1,25,159,62
0.687,0.3836477987421384,0.9838709677419355,61,98,1,25,159,62
0.688,0.3836477987421384,0.9838709677419355,61,98,1,25,159,62
0.689,0.3836477987421384,0.9838709677419355,61,98,1,25,159,62
0.69,0.3836477987421384,0.9838709677419355,61,98,1,25,159,62
0.691,0.3836477987421384,0.9838709677419355,61,98,1,25,159,62
0.692,0.3836477987421384,0.9838709677419355,61,98,1,25,159,62
0.693,0.3836477987421384,0.9838709677419355,61,98,1,25,159,62
0.694,0.3836477987421384,0.9838709677419355,61,98,1,25,159,62
0.695,0.3836477987421384,0.9838709677419355,61,98,1,25,159,62
0.696,0.3836477987421384,0.9838709677419355,61,98,1,25,159,62
0.697,0.3836477987421384,0.9838709677419355,61,98,1,25,159,62
0.698,0.3836477987421384,0.9838709677419355,61,98,1,25,159,62
0.699,0.3836477987421384,0.9838709677419355,61,98,1,25,159,62
0.7,0.3836477987421384,0.9838709677419355,61,98,1,25,159,62
0.701,0.3836477987421384,0.9838709677419355,61,98,1,25,159,62
0.702,0.38125,0.9838709677419355,61,99,1,24,160,62
0.703,0.38125,0.9838709677419355,61,99,1,24,160,62
0.704,0.38125,0.9838709677419355,61,99,1,24,160,62
0.705,0.38125,0.9838709677419355,61,99,1,24,160,62
0.706,0.38125,0.9838709677419355,61,99,1,24,160,62
0.707,0.38125,0.9838709677419355,61,99,1,24,160,62
0.708,0.38125,0.9838709677419355,61,99,1,24,160,62
0.709,0.38125,0.9838709677419355,61,99,1,24,160,62
0.71,0.38125,0.9838709677419355,61,99,1,24,160,62
0.711,0.37888198757763975,0.9838709677419355,61,100,1,23,161,62
0.712,0.37888198757763975,0.9838709677419355,61,100,1,23,161,62
0.713,0.37888198757763975,0.9838709677419355,61,100,1,23,161,62
0.714,0.37888198757763975,0.9838709677419355,61,100,1,23,161,62
0.715,0.3765432098765432,0.9838709677419355,61,101,1,22,162,62
0.716,0.3765432098765432,0.9838709677419355,61,101,1,22,162,62
0.717,0.3765432098765432,0.9838709677419355,61,101,1,22,162,62
0.718,0.3765432098765432,0.9838709677419355,61,101,1,22,162,62
0.719,0.37423312883435583,0.9838709677419355,61,102,1,21,163,62
0.72,0.37423312883435583,0.9838709677419355,61,102,1,21,163,62
0.721,0.37423312883435583,0.9838709677419355,61,102,1,21,163,62
0.722,0.37423312883435583,0.9838709677419355,61,102,1,21,163,62
0.723,0.37423312883435583,0.9838709677419355,61,102,1,21,163,62
0.724,0.37423312883435583,0.9838709677419355,61,102,1,21,163,62
0.725,0.37423312883435583,0.9838709677419355,61,102,1,21,163,62
0.726,0.37423312883435583,0.9838709677419355,61,102,1,21,163,62
0.727,0.37423312883435583,0.9838709677419355,61,102,1,21,163,62
0.728,0.37423312883435583,0.9838709677419355,61,102,1,21,163,62
0.729,0.37423312883435583,0.9838709677419355,61,102,1,21,163,62
0.73,0.37423312883435583,0.9838709677419355,61,102,1,21,163,62
0.731,0.37423312883435583,0.9838709677419355,61,102,1,21,163,62
0.732,0.37423312883435583,0.9838709677419355,61,102,1,21,163,62
0.733,0.37423312883435583,0.9838709677419355,61,102,1,21,163,62
0.734,0.37423312883435583,0.9838709677419355,61,102,1,21,163,62
0.735,0.37423312883435583,0.9838709677419355,61,102,1,21,163,62
0.736,0.37423312883435583,0.9838709677419355,61,102,1,21,163,62
0.737,0.37423312883435583,0.9838709677419355,61,102,1,21,163,62
0.738,0.37423312883435583,0.9838709677419355,61,102,1,21,163,62
0.739,0.37423312883435583,0.9838709677419355,61,102,1,21,163,62
0.74,0.37423312883435583,0.9838709677419355,61,102,1,21,163,62
0.741,0.37423312883435583,0.9838709677419355,61,102,1,21,163,62
0.742,0.3719512195121951,0.9838709677419355,61,103,1,20,164,62
0.743,0.3719512195121951,0.9838709677419355,61,103,1,20,164,62
0.744,0.3719512195121951,0.9838709677419355,61,103,1,20,164,62
0.745,0.3719512195121951,0.9838709677419355,61,103,1,20,164,62
0.746,0.3719512195121951,0.9838709677419355,61,103,1,20,164,62
0.747,0.3719512195121951,0.9838709677419355,61,103,1,20,164,62
0.748,0.3719512195121951,0.9838709677419355,61,103,1,20,164,62
0.749,0.3719512195121951,0.9838709677419355,61,103,1,20,164,62
0.75,0.3719512195121951,0.9838709677419355,61,103,1,20,164,62
0.751,0.3719512195121951,0.9838709677419355,61,103,1,20,164,62
0.752,0.3719512195121951,0.9838709677419355,61,103,1,20,164,62
0.753,0.3719512195121951,0.9838709677419355,61,103,1,20,164,62
0.754,0.3719512195121951,0.9838709677419355,61,103,1,20,164,62
0.755,0.3719512195121951,0.9838709677419355,61,103,1,20,164,62
0.756,0.3719512195121951,0.9838709677419355,61,103,1,20,164,62
0.757,0.3719512195121951,0.9838709677419355,61,103,1,20,164,62
0.758,0.3719512195121951,0.9838709677419355,61,103,1,20,164,62
0.759,0.3719512195121951,0.9838709677419355,61,103,1,20,164,62
0.76,0.3719512195121951,0.9838709677419355,61,103,1,20,164,62
0.761,0.3719512195121951,0.9838709677419355,61,103,1,20,164,62
0.762,0.3719512195121951,0.9838709677419355,61,103,1,20,164,62
0.763,0.3719512195121951,0.9838709677419355,61,103,1,20,164,62
0.764,0.3696969696969697,0.9838709677419355,61,104,1,19,165,62
0.765,0.3696969696969697,0.9838709677419355,61,104,1,19,165,62
0.766,0.3696969696969697,0.9838709677419355,61,104,1,19,165,62
0.767,0.3696969696969697,0.9838709677419355,61,104,1,19,165,62
0.768,0.3696969696969697,0.9838709677419355,61,104,1,19,165,62
0.769,0.3696969696969697,0.9838709677419355,61,104,1,19,165,62
0.77,0.3696969696969697,0.9838709677419355,61,104,1,19,165,62
0.771,0.3696969696969697,0.9838709677419355,61,104,1,19,165,62
0.772,0.3696969696969697,0.9838709677419355,61,104,1,19,165,62
0.773,0.3696969696969697,0.9838709677419355,61,104,1,19,165,62
0.774,0.3674698795180723,0.9838709677419355,61,105,1,18,166,62
0.775,0.3674698795180723,0.9838709677419355,61,105,1,18,166,62
0.776,0.3674698795180723,0.9838709677419355,61,105,1,18,166,62
0.777,0.3674698795180723,0.9838709677419355,61,105,1,18,166,62
0.778,0.3674698795180723,0.9838709677419355,61,105,1,18,166,62
0.779,0.3674698795180723,0.9838709677419355,61,105,1,18,166,62
0.78,0.3674698795180723,0.9838709677419355,61,105,1,18,166,62
0.781,0.3652694610778443,0.9838709677419355,61,106,1,17,167,62
0.782,0.3652694610778443,0.9838709677419355,61,106,1,17,167,62
0.783,0.3652694610778443,0.9838709677419355,61,106,1,17,167,62
0.784,0.3652694610778443,0.9838709677419355,61,106,1,17,167,62
0.785,0.3652694610778443,0.9838709677419355,61,106,1,17,167,62
0.786,0.3652694610778443,0.9838709677419355,61,106,1,17,167,62
0.787,0.3652694610778443,0.9838709677419355,61,106,1,17,167,62
0.788,0.3652694610778443,0.9838709677419355,61,106,1,17,167,62
0.789,0.3652694610778443,0.9838709677419355,61,106,1,17,167,62
0.79,0.3652694610778443,0.9838709677419355,61,106,1,17,167,62
0.791,0.3652694610778443,0.9838709677419355,61,106,1,17,167,62
0.792,0.3652694610778443,0.9838709677419355,61,106,1,17,167,62
0.793,0.3630952380952381,0.9838709677419355,61,107,1,16,168,62
0.794,0.3630952380952381,0.9838709677419355,61,107,1,16,168,62
0.795,0.3630952380952381,0.9838709677419355,61,107,1,16,168,62
0.796,0.3630952380952381,0.9838709677419355,61,107,1,16,168,62
0.797,0.3630952380952381,0.9838709677419355,61,107,1,16,168,62
0.798,0.3630952380952381,0.9838709677419355,61,107,1,16,168,62
0.799,0.3630952380952381,0.9838709677419355,61,107,1,16,168,62
0.8,0.3630952380952381,0.9838709677419355,61,107,1,16,168,62
0.801,0.3630952380952381,0.9838709677419355,61,107,1,16,168,62
0.802,0.3630952380952381,0.9838709677419355,61,107,1,16,168,62
0.803,0.3630952380952381,0.9838709677419355,61,107,1,16,168,62
0.804,0.3609467455621302,0.9838709677419355,61,108,1,15,169,62
0.805,0.3609467455621302,0.9838709677419355,61,108,1,15,169,62
0.806,0.3609467455621302,0.9838709677419355,61,108,1,15,169,62
0.807,0.3609467455621302,0.9838709677419355,61,108,1,15,169,62
0.808,0.3609467455621302,0.9838709677419355,61,108,1,15,169,62
0.809,0.3609467455621302,0.9838709677419355,61,108,1,15,169,62
0.81,0.3609467455621302,0.9838709677419355,61,108,1,15,169,62
0.811,0.3609467455621302,0.9838709677419355,61,108,1,15,169,62
0.812,0.3609467455621302,0.9838709677419355,61,108,1,15,169,62
0.813,0.3609467455621302,0.9838709677419355,61,108,1,15,169,62
0.814,0.3609467455621302,0.9838709677419355,61,108,1,15,169,62
0.815,0.3609467455621302,0.9838709677419355,61,108,1,15,169,62
0.816,0.3609467455621302,0.9838709677419355,61,108,1,15,169,62
0.817,0.3609467455621302,0.9838709677419355,61,108,1,15,169,62
0.818,0.3609467455621302,0.9838709677419355,61,108,1,15,169,62
0.819,0.3588235294117647,0.9838709677419355,61,109,1,14,170,62
0.82,0.3588235294117647,0.9838709677419355,61,109,1,14,170,62
0.821,0.3588235294117647,0.9838709677419355,61,109,1,14,170,62
0.822,0.3588235294117647,0.9838709677419355,61,109,1,14,170,62
0.823,0.3567251461988304,0.9838709677419355,61,110,1,13,171,62
0.824,0.3567251461988304,0.9838709677419355,61,110,1,13,171,62
0.825,0.3567251461988304,0.9838709677419355,61,110,1,13,171,62
0.826,0.3567251461988304,0.9838709677419355,61,110,1,13,171,62
0.827,0.3567251461988304,0.9838709677419355,61,110,1,13,171,62
0.828,0.3546511627906977,0.9838709677419355,61,111,1,12,172,62
0.829,0.3546511627906977,0.9838709677419355,61,111,1,12,172,62
0.83,0.3546511627906977,0.9838709677419355,61,111,1,12,172,62
0.831,0.3546511627906977,0.9838709677419355,61,111,1,12,172,62
0.832,0.3546511627906977,0.9838709677419355,61,111,1,12,172,62
0.833,0.3546511627906977,0.9838709677419355,61,111,1,12,172,62
0.834,0.3546511627906977,0.9838709677419355,61,111,1,12,172,62
0.835,0.3546511627906977,0.9838709677419355,61,111,1,12,172,62
0.836,0.3546511627906977,0.9838709677419355,61,111,1,12,172,62
0.837,0.3546511627906977,0.9838709677419355,61,111,1,12,172,62
0.838,0.3546511627906977,0.9838709677419355,61,111,1,12,172,62
0.839,0.3546511627906977,0.9838709677419355,61,111,1,12,172,62
0.84,0.3546511627906977,0.9838709677419355,61,111,1,12,172,62
0.841,0.35260115606936415,0.9838709677419355,61,112,1,11,173,62
0.842,0.35260115606936415,0.9838709677419355,61,112,1,11,173,62
0.843,0.35260115606936415,0.9838709677419355,61,112,1,11,173,62
0.844,0.35260115606936415,0.9838709677419355,61,112,1,11,173,62
0.845,0.35260115606936415,0.9838709677419355,61,112,1,11,173,62
0.846,0.35260115606936415,0.9838709677419355,61,112,1,11,173,62
0.847,0.35260115606936415,0.9838709677419355,61,112,1,11,173,62
0.848,0.3505747126436782,0.9838709677419355,61,113,1,10,174,62
0.849,0.3505747126436782,0.9838709677419355,61,113,1,10,174,62
0.85,0.3505747126436782,0.9838709677419355,61,113,1,10,174,62
0.851,0.3505747126436782,0.9838709677419355,61,113,1,10,174,62
0.852,0.3485714285714286,0.9838709677419355,61,114,1,9,175,62
0.853,0.3465909090909091,0.9838709677419355,61,115,1,8,176,62
0.854,0.3465909090909091,0.9838709677419355,61,115,1,8,176,62
0.855,0.3465909090909091,0.9838709677419355,61,115,1,8,176,62
0.856,0.3465909090909091,0.9838709677419355,61,115,1,8,176,62
0.857,0.3465909090909091,0.9838709677419355,61,115,1,8,176,62
0.858,0.3465909090909091,0.9838709677419355,61,115,1,8,176,62
0.859,0.3465909090909091,0.9838709677419355,61,115,1,8,176,62
0.86,0.3465909090909091,0.9838709677419355,61,115,1,8,176,62
0.861,0.3465909090909091,0.9838709677419355,61,115,1,8,176,62
0.862,0.3446327683615819,0.9838709677419355,61,116,1,7,177,62
0.863,0.3446327683615819,0.9838709677419355,61,116,1,7,177,62
0.864,0.3446327683615819,0.9838709677419355,61,116,1,7,177,62
0.865,0.3446327683615819,0.9838709677419355,61,116,1,7,177,62
0.866,0.3446327683615819,0.9838709677419355,61,116,1,7,177,62
0.867,0.3446327683615819,0.9838709677419355,61,116,1,7,177,62
0.868,0.3446327683615819,0.9838709677419355,61,116,1,7,177,62
0.869,0.3446327683615819,0.9838709677419355,61,116,1,7,177,62
0.87,0.3446327683615819,0.9838709677419355,61,116,1,7,177,62
0.871,0.3446327683615819,0.9838709677419355,61,116,1,7,177,62
0.872,0.3446327683615819,0.9838709677419355,61,116,1,7,177,62
0.873,0.3446327683615819,0.9838709677419355,61,116,1,7,177,62
0.874,0.3446327683615819,0.9838709677419355,61,116,1,7,177,62
0.875,0.3446327683615819,0.9838709677419355,61,116,1,7,177,62
0.876,0.3446327683615819,0.9838709677419355,61,116,1,7,177,62
0.877,0.3446327683615819,0.9838709677419355,61,116,1,7,177,62
0.878,0.3446327683615819,0.9838709677419355,61,116,1,7,177,62
0.879,0.3446327683615819,0.9838709677419355,61,116,1,7,177,62
0.88,0.3446327683615819,0.9838709677419355,61,116,1,7,177,62
0.881,0.34269662921348315,0.9838709677419355,61,117,1,6,178,62
0.882,0.34269662921348315,0.9838709677419355,61,117,1,6,178,62
0.883,0.34269662921348315,0.9838709677419355,61,117,1,6,178,62
0.884,0.34269662921348315,0.9838709677419355,61,117,1,6,178,62
0.885,0.34269662921348315,0.9838709677419355,61,117,1,6,178,62
0.886,0.34269662921348315,0.9838709677419355,61,117,1,6,178,62
0.887,0.34269662921348315,0.9838709677419355,61,117,1,6,178,62
0.888,0.34269662921348315,0.9838709677419355,61,117,1,6,178,62
0.889,0.34269662921348315,0.9838709677419355,61,117,1,6,178,62
0.89,0.34269662921348315,0.9838709677419355,61,117,1,6,178,62
0.891,0.34269662921348315,0.9838709677419355,61,117,1,6,178,62
0.892,0.34269662921348315,0.9838709677419355,61,117,1,6,178,62
0.893,0.34269662921348315,0.9838709677419355,61,117,1,6,178,62
0.894,0.34269662921348315,0.9838709677419355,61,117,1,6,178,62
0.895,0.34269662921348315,0.9838709677419355,61,117,1,6,178,62
0.896,0.34269662921348315,0.9838709677419355,61,117,1,6,178,62
0.897,0.34269662921348315,0.9838709677419355,61,117,1,6,178,62
0.898,0.3407821229050279,0.9838709677419355,61,118,1,5,179,62
0.899,0.3407821229050279,0.9838709677419355,61,118,1,5,179,62
0.9,0.3407821229050279,0.9838709677419355,61,118,1,5,179,62
0.901,0.3388888888888889,0.9838709677419355,61,119,1,4,180,62
0.902,0.3388888888888889,0.9838709677419355,61,119,1,4,180,62
0.903,0.3370165745856354,0.9838709677419355,61,120,1,3,181,62
0.904,0.3370165745856354,0.9838709677419355,61,120,1,3,181,62
0.905,0.3370165745856354,0.9838709677419355,61,120,1,3,181,62
0.906,0.3370165745856354,0.9838709677419355,61,120,1,3,181,62
0.907,0.3370165745856354,0.9838709677419355,61,120,1,3,181,62
0.908,0.3370165745856354,0.9838709677419355,61,120,1,3,181,62
0.909,0.3370165745856354,0.9838709677419355,61,120,1,3,181,62
0.91,0.3370165745856354,0.9838709677419355,61,120,1,3,181,62
0.911,0.3370165745856354,0.9838709677419355,61,120,1,3,181,62
0.912,0.3370165745856354,0.9838709677419355,61,120,1,3,181,62
0.913,0.3370165745856354,0.9838709677419355,61,120,1,3,181,62
0.914,0.3370165745856354,0.9838709677419355,61,120,1,3,181,62
0.915,0.3370165745856354,0.9838709677419355,61,120,1,3,181,62
0.916,0.3370165745856354,0.9838709677419355,61,120,1,3,181,62
0.917,0.3370165745856354,0.9838709677419355,61,120,1,3,181,62
0.918,0.3370165745856354,0.9838709677419355,61,120,1,3,181,62
0.919,0.3370165745856354,0.9838709677419355,61,120,1,3,181,62
0.92,0.3370165745856354,0.9838709677419355,61,120,1,3,181,62
0.921,0.3370165745856354,0.9838709677419355,61,120,1,3,181,62
0.922,0.3370165745856354,0.9838709677419355,61,120,1,3,181,62
0.923,0.33516483516483514,0.9838709677419355,61,121,1,2,182,62
0.924,0.33516483516483514,0.9838709677419355,61,121,1,2,182,62
0.925,0.33516483516483514,0.9838709677419355,61,121,1,2,182,62
0.926,0.33516483516483514,0.9838709677419355,61,121,1,2,182,62
0.927,0.33516483516483514,0.9838709677419355,61,121,1,2,182,62
0.928,0.33516483516483514,0.9838709677419355,61,121,1,2,182,62
0.929,0.33516483516483514,0.9838709677419355,61,121,1,2,182,62
0.93,0.33516483516483514,0.9838709677419355,61,121,1,2,182,62
0.931,0.33516483516483514,0.9838709677419355,61,121,1,2,182,62
0.932,0.33516483516483514,0.9838709677419355,61,121,1,2,182,62
0.933,0.33516483516483514,0.9838709677419355,61,121,1,2,182,62
0.934,0.33516483516483514,0.9838709677419355,61,121,1,2,182,62
0.935,0.3333333333333333,0.9838709677419355,61,122,1,1,183,62
0.936,0.3333333333333333,0.9838709677419355,61,122,1,1,183,62
0.937,0.3333333333333333,0.9838709677419355,61,122,1,1,183,62
0.938,0.3333333333333333,0.9838709677419355,61,122,1,1,183,62
0.939,0.3333333333333333,0.9838709677419355,61,122,1,1,183,62
0.94,0.3333333333333333,0.9838709677419355,61,122,1,1,183,62
0.941,0.3333333333333333,0.9838709677419355,61,122,1,1,183,62
0.942,0.3333333333333333,0.9838709677419355,61,122,1,1,183,62
0.943,0.3333333333333333,0.9838709677419355,61,122,1,1,183,62
0.944,0.3333333333333333,0.9838709677419355,61,122,1,1,183,62
0.945,0.3333333333333333,0.9838709677419355,61,122,1,1,183,62
0.946,0.3333333333333333,0.9838709677419355,61,122,1,1,183,62
0.947,0.3333333333333333,0.9838709677419355,61,122,1,1,183,62
0.948,0.3333333333333333,0.9838709677419355,61,122,1,1,183,62
0.949,0.3333333333333333,0.9838709677419355,61,122,1,1,183,62
0.95,0.3333333333333333,0.9838709677419355,61,122,1,1,183,62
0.951,0.3333333333333333,0.9838709677419355,61,122,1,1,183,62
0.952,0.3333333333333333,0.9838709677419355,61,122,1,1,183,62
0.953,0.3333333333333333,0.9838709677419355,61,122,1,1,183,62
0.954,0.3333333333333333,0.9838709677419355,61,122,1,1,183,62
0.955,0.3333333333333333,0.9838709677419355,61,122,1,1,183,62
0.956,0.3333333333333333,0.9838709677419355,61,122,1,1,183,62
0.957,0.3333333333333333,0.9838709677419355,61,122,1,1,183,62
0.958,0.3333333333333333,0.9838709677419355,61,122,1,1,183,62
0.959,0.3333333333333333,0.9838709677419355,61,122,1,1,183,62
0.96,0.3333333333333333,0.9838709677419355,61,122,1,1,183,62
0.961,0.3333333333333333,0.9838709677419355,61,122,1,1,183,62
0.962,0.3333333333333333,0.9838709677419355,61,122,1,1,183,62
0.963,0.3333333333333333,0.9838709677419355,61,122,1,1,183,62
0.964,0.3333333333333333,0.9838709677419355,61,122,1,1,183,62
0.965,0.3333333333333333,0.9838709677419355,61,122,1,1,183,62
0.966,0.3333333333333333,0.9838709677419355,61,122,1,1,183,62
0.967,0.3333333333333333,0.9838709677419355,61,122,1,1,183,62
0.968,0.3333333333333333,0.9838709677419355,61,122,1,1,183,62
0.969,0.3333333333333333,0.9838709677419355,61,122,1,1,183,62
0.97,0.3333333333333333,0.9838709677419355,61,122,1,1,183,62
0.971,0.3333333333333333,0.9838709677419355,61,122,1,1,183,62
0.972,0.3333333333333333,0.9838709677419355,61,122,1,1,183,62
0.973,0.3333333333333333,0.9838709677419355,61,122,1,1,183,62
0.974,0.3333333333333333,0.9838709677419355,61,122,1,1,183,62
0.975,0.3333333333333333,0.9838709677419355,61,122,1,1,183,62
0.976,0.3333333333333333,0.9838709677419355,61,122,1,1,183,62
0.977,0.3333333333333333,0.9838709677419355,61,122,1,1,183,62
0.978,0.3333333333333333,0.9838709677419355,61,122,1,1,183,62
0.979,0.3333333333333333,0.9838709677419355,61,122,1,1,183,62
0.98,0.3333333333333333,0.9838709677419355,61,122,1,1,183,62
0.981,0.3333333333333333,0.9838709677419355,61,122,1,1,183,62
0.982,0.3333333333333333,0.9838709677419355,61,122,1,1,183,62
0.983,0.3333333333333333,0.9838709677419355,61,122,1,1,183,62
0.984,0.3333333333333333,0.9838709677419355,61,122,1,1,183,62
0.985,0.3333333333333333,0.9838709677419355,61,122,1,1,183,62
0.986,0.3333333333333333,0.9838709677419355,61,122,1,1,183,62
0.987,0.3333333333333333,0.9838709677419355,61,122,1,1,183,62
0.988,0.3333333333333333,0.9838709677419355,61,122,1,1,183,62
0.989,0.3333333333333333,0.9838709677419355,61,122,1,1,183,62
0.99,0.3333333333333333,0.9838709677419355,61,122,1,1,183,62
0.991,0.3333333333333333,0.9838709677419355,61,122,1,1,183,62
0.992,0.3333333333333333,0.9838709677419355,61,122,1,1,183,62
0.993,0.3333333333333333,0.9838709677419355,61,122,1,1,183,62
0.994,0.3333333333333333,0.9838709677419355,61,122,1,1,183,62
0.995,0.3333333333333333,0.9838709677419355,61,122,1,1,183,62
0.996,0.3333333333333333,0.9838709677419355,61,122,1,1,183,62
0.997,0.3333333333333333,0.9838709677419355,61,122,1,1,183,62
0.998,0.3333333333333333,0.9838709677419355,61,122,1,1,183,62
0.999,0.3333333333333333,0.9838709677419355,61,122,1,1,183,62
1.0,0.3333333333333333,0.9838709677419355,61,122,1,1,183,62
1.001,0.3333333333333333,0.9838709677419355,61,122,1,1,183,62
