Sp,P.Far1,P_rank,R.Far1,R.Far1_prop
Rousettus leschenaultii,0.575533786118961,254.0,1.0,0.003937007874015748
Rousettus aegyptiacus,0.56885961480721,253.0,2.0,0.007874015748031496
Eidolon helvum,0.543432364495717,252.0,3.0,0.011811023622047244
Artibeus lituratus,0.53537455043496,251.0,4.0,0.015748031496062992
Carollia perspicillata,0.497532452143077,250.0,5.0,0.01968503937007874
Artibeus jamaicensis,0.460236698195409,249.0,6.0,0.023622047244094488
Micropteropus pusillus,0.427210154210875,248.0,7.0,0.027559055118110236
Cynopterus sphinx,0.424368958658,247.0,8.0,0.031496062992125984
Rhinolophus ferrumequinum,0.419585831713048,246.0,9.0,0.03543307086614173
Scotophilus kuhlii,0.418000708273254,245.0,10.0,0.03937007874015748
Eonycteris spelaea,0.41670677340564,244.0,11.0,0.04330708661417323
Pteropus alecto,0.411214294102976,243.0,12.0,0.047244094488188976
Miniopterus schreibersii,0.409283248641356,242.0,13.0,0.051181102362204724
Glossophaga soricina,0.409110327517317,241.0,14.0,0.05511811023622047
Molossus rufus,0.406190061273898,240.0,15.0,0.05905511811023622
Sturnira lilium,0.403941427400365,239.0,16.0,0.06299212598425197
Desmodus rotundus,0.403328093954675,238.0,17.0,0.06692913385826772
Epomops franqueti,0.401062722280504,237.0,18.0,0.07086614173228346
Artibeus phaeotis,0.398633999937913,236.0,19.0,0.07480314960629922
Phyllostomus hastatus,0.392108150027783,235.0,20.0,0.07874015748031496
Epomophorus gambianus,0.383053314776728,234.0,21.0,0.08267716535433071
Pipistrellus pipistrellus,0.369979425158603,233.0,22.0,0.08661417322834646
Myotis daubentonii,0.367446505428076,232.0,23.0,0.09055118110236221
Eptesicus fuscus,0.362187749320375,231.0,24.0,0.09448818897637795
Cynopterus brachyotis,0.362150893139204,230.0,25.0,0.0984251968503937
Myotis lucifugus,0.362024886607817,229.0,26.0,0.10236220472440945
Myotis nigricans,0.361567268295189,228.0,27.0,0.1062992125984252
Pteropus giganteus,0.361108975575104,227.0,28.0,0.11023622047244094
Tadarida brasiliensis,0.358625873812818,226.0,29.0,0.1141732283464567
Hipposideros armiger,0.348982451130045,225.0,30.0,0.11811023622047244
Rhinolophus sinicus,0.348178144189829,224.0,31.0,0.1220472440944882
Pteronotus parnellii,0.348033342911709,223.0,32.0,0.12598425196850394
Myotis septentrionalis,0.347287075987267,222.0,33.0,0.12992125984251968
Hipposideros caffer,0.342603453018098,221.0,34.0,0.13385826771653545
Rhinolophus affinis,0.341709291654369,220.0,35.0,0.1377952755905512
Uroderma bilobatum,0.326749111546334,219.0,36.0,0.14173228346456693
Rousettus amplexicaudatus,0.324599767372316,218.0,37.0,0.14566929133858267
Eptesicus serotinus,0.304416225217393,217.0,38.0,0.14960629921259844
Pipistrellus kuhlii,0.30205586491062,216.0,39.0,0.15354330708661418
Murina leucogaster,0.301804186374288,215.0,40.0,0.15748031496062992
Rhinolophus pusillus,0.301071509494916,214.0,41.0,0.16141732283464566
Molossus molossus,0.298615438432635,213.0,42.0,0.16535433070866143
Pipistrellus abramus,0.298501751872392,212.0,43.0,0.16929133858267717
Pteropus scapulatus,0.297883587482818,211.0,44.0,0.1732283464566929
Myotis keenii,0.297476334826381,210.0,45.0,0.17716535433070865
Pteropus poliocephalus,0.297184396076129,209.0,46.0,0.18110236220472442
Pteronotus davyi,0.296511731876703,208.0,47.0,0.18503937007874016
Hypsignathus monstrosus,0.293741830889306,207.0,48.0,0.1889763779527559
Rhinolophus euryale,0.293435947494994,206.0,49.0,0.19291338582677164
Carollia brevicauda,0.293073321822916,205.0,50.0,0.1968503937007874
Chaerephon pumilus,0.292565650516427,204.0,51.0,0.20078740157480315
Myotis ricketti,0.291669438563606,203.0,52.0,0.2047244094488189
Hipposideros pomona,0.291298225104123,202.0,53.0,0.20866141732283464
Nycteris gambiensis,0.290868871932367,201.0,54.0,0.2125984251968504
Taphozous perforatus,0.284084425103339,200.0,55.0,0.21653543307086615
Rhinolophus eloquens,0.27778725574355,199.0,56.0,0.2204724409448819
Rhinolophus rex,0.27297174024589,198.0,57.0,0.22440944881889763
Rhinolophus clivosus,0.272638296114225,197.0,58.0,0.2283464566929134
Cynomops planirostris,0.241702343242509,196.0,59.0,0.23228346456692914
Epomophorus labiatus,0.23998147781372,195.0,60.0,0.23622047244094488
Myotis mystacinus,0.2394727211216,194.0,61.0,0.24015748031496062
Pteropus conspicillatus,0.238349306995564,193.0,62.0,0.2440944881889764
Myotis volans,0.238153832066289,192.0,63.0,0.24803149606299213
Myotis velifer,0.237902896769077,191.0,64.0,0.25196850393700787
Myotis nattereri,0.237750005773081,190.0,65.0,0.2559055118110236
Myotis riparius,0.237364652935868,189.0,66.0,0.25984251968503935
Eumops glaucinus,0.237238829796651,188.0,67.0,0.2637795275590551
Myotis myotis,0.236649229660375,187.0,68.0,0.2677165354330709
Myotis blythii,0.235507264443134,186.0,69.0,0.27165354330708663
Pipistrellus subflavus,0.235241706292144,185.0,70.0,0.2755905511811024
Megaloglossus woermanni,0.234873438466191,184.0,71.0,0.2795275590551181
Cynomops abrasus,0.234005969317062,183.0,72.0,0.28346456692913385
Pipistrellus nathusii,0.233322126337348,182.0,73.0,0.2874015748031496
Plecotus auritus,0.232011094976857,181.0,74.0,0.29133858267716534
Scotophilus dinganii,0.231656513827418,180.0,75.0,0.2952755905511811
Myotis dasycneme,0.231579471603637,179.0,76.0,0.2992125984251969
Nyctalus noctula,0.231575564020647,178.0,77.0,0.3031496062992126
Neoromicia capensis,0.231357344527662,177.0,78.0,0.30708661417322836
Scotophilus leucogaster,0.231321849007333,176.0,79.0,0.3110236220472441
Barbastella barbastellus,0.231219995179843,175.0,80.0,0.31496062992125984
Taphozous melanopogon,0.231060656565544,174.0,81.0,0.3188976377952756
Pteropus hypomelanus,0.231046868685183,173.0,82.0,0.3228346456692913
Artibeus cinereus,0.230870151300538,172.0,83.0,0.32677165354330706
Mormoops megalophylla,0.230793977740887,171.0,84.0,0.33070866141732286
Hipposideros bicolor,0.230742756519431,170.0,85.0,0.3346456692913386
Pteropus lylei,0.230347694843241,169.0,86.0,0.33858267716535434
Eidolon dupreanum,0.230077059113611,168.0,87.0,0.3425196850393701
Lasiurus cinereus,0.22993156842654,167.0,88.0,0.3464566929133858
Myotis emarginatus,0.229820075983588,166.0,89.0,0.35039370078740156
Hypsugo savii,0.228703653525865,165.0,90.0,0.3543307086614173
Triaenops persicus,0.228418491725232,164.0,91.0,0.35826771653543305
Hipposideros pratti,0.228323920095238,163.0,92.0,0.36220472440944884
Nyctinomops laticaudatus,0.227993346362226,162.0,93.0,0.3661417322834646
Hipposideros ruber,0.227468376839839,161.0,94.0,0.3700787401574803
Pteropus vampyrus,0.227337921527389,160.0,95.0,0.37401574803149606
Mops condylurus,0.227246317599935,159.0,96.0,0.3779527559055118
Rhinopoma hardwickii,0.22687106215276,158.0,97.0,0.38188976377952755
Hipposideros larvatus,0.225943357342568,157.0,98.0,0.3858267716535433
Vespertilio sinensis,0.225886585363534,156.0,99.0,0.38976377952755903
Miniopterus inflatus,0.225005259098753,155.0,100.0,0.3937007874015748
Pteropus rufus,0.22397330727959,154.0,101.0,0.39763779527559057
Dobsonia moluccensis,0.223674617117218,153.0,102.0,0.4015748031496063
Hipposideros abae,0.223488295777189,152.0,103.0,0.40551181102362205
Platyrrhinus helleri,0.223307648049588,151.0,104.0,0.4094488188976378
Natalus tumidirostris,0.221178791836168,150.0,105.0,0.41338582677165353
Anoura geoffroyi,0.22093195821029,149.0,106.0,0.41732283464566927
Chaerephon plicatus,0.220101404907562,148.0,107.0,0.421259842519685
Phyllostomus discolor,0.219309777443228,147.0,108.0,0.4251968503937008
Rhinolophus rouxii,0.198265757286396,146.0,109.0,0.42913385826771655
Rhinolophus mehelyi,0.194216983379659,145.0,110.0,0.4330708661417323
Rhinolophus stheno,0.190590197839357,144.0,111.0,0.43700787401574803
Rhinolophus simulator,0.190469395427476,143.0,112.0,0.4409448818897638
Rhinolophus capensis,0.190292010268978,142.0,113.0,0.4448818897637795
Rhinolophus shameli,0.189672478965216,141.0,114.0,0.44881889763779526
Rhinolophus megaphyllus,0.18965140999529,140.0,115.0,0.452755905511811
Rhinolophus coelophyllus,0.1892678714138,139.0,116.0,0.4566929133858268
Rhinolophus creaghi,0.18431747750544,138.0,117.0,0.46062992125984253
Rhinolophus pearsonii,0.183929405053331,137.0,118.0,0.4645669291338583
Rhinolophus blasii,0.183816104244141,136.0,119.0,0.468503937007874
Rhinolophus hipposideros,0.183704910443957,135.0,120.0,0.47244094488188976
Rhinolophus macrotis,0.183312252868019,134.0,121.0,0.4763779527559055
Rhinolophus thomasi,0.183062693599787,133.0,122.0,0.48031496062992124
Rhinolophus hildebrandtii,0.181723545297278,132.0,123.0,0.484251968503937
Epomophorus wahlbergi,0.172603470666764,131.0,124.0,0.4881889763779528
Epomops dobsonii,0.168424003330923,130.0,125.0,0.4921259842519685
Dyacopterus spadiceus,0.165001844395503,129.0,126.0,0.49606299212598426
Rhinolophus cornutus,0.163461339468627,128.0,127.0,0.5
Scotophilus nux,0.159945644479718,127.0,128.0,0.5039370078740157
Syconycteris australis,0.159606898252982,126.0,129.0,0.5078740157480315
Rhynchonycteris naso,0.158784283680523,125.0,130.0,0.5118110236220472
Eptesicus furinalis,0.158546557839902,124.0,131.0,0.515748031496063
Artibeus fimbriatus,0.158477214946658,123.0,132.0,0.5196850393700787
Tylonycteris robustula,0.158214611690121,122.0,133.0,0.5236220472440944
Myotis yumanensis,0.158143377907245,121.0,134.0,0.5275590551181102
Myotis thysanodes,0.157937892662717,120.0,135.0,0.531496062992126
Pipistrellus inexspectatus,0.157779006365934,119.0,136.0,0.5354330708661418
Pipistrellus coromandra,0.157708951017069,118.0,137.0,0.5393700787401575
Dobsonia anderseni,0.157596047231311,117.0,138.0,0.5433070866141733
Scotophilus nigrita,0.157568701078889,116.0,139.0,0.547244094488189
Vespertilio murinus,0.157565372857089,115.0,140.0,0.5511811023622047
Myotis californicus,0.157461415470687,114.0,141.0,0.5551181102362205
Nyctalus plancyi,0.157441299557173,113.0,142.0,0.5590551181102362
Lasionycteris noctivagans,0.157360795767593,112.0,143.0,0.562992125984252
Antrozous pallidus,0.157310482288394,111.0,144.0,0.5669291338582677
Myotis chiloensis,0.157298848644,110.0,145.0,0.5708661417322834
Philetor brachypterus,0.157033781125877,109.0,146.0,0.5748031496062992
Eptesicus diminutus,0.156981657920224,108.0,147.0,0.5787401574803149
Myotis grisescens,0.156950498827919,107.0,148.0,0.5826771653543307
Lasiurus intermedius,0.156904681562949,106.0,149.0,0.5866141732283464
Lasiurus egregius,0.156832978683826,105.0,150.0,0.5905511811023622
Myotis austroriparius,0.156804309286102,104.0,151.0,0.594488188976378
Histiotus montanus,0.156724814787119,103.0,152.0,0.5984251968503937
Ptenochirus jagori,0.156687877892824,102.0,153.0,0.6023622047244095
Lasiurus blossevillii,0.15660503306383,101.0,154.0,0.6062992125984252
Myotis albescens,0.156585139927913,100.0,155.0,0.610236220472441
Myotis capaccinii,0.15656826681086,99.0,156.0,0.6141732283464567
Eptesicus brasiliensis,0.156463375960157,98.0,157.0,0.6181102362204725
Vespadelus regulus,0.156408275019444,97.0,158.0,0.6220472440944882
Corynorhinus townsendii,0.156318687317618,96.0,159.0,0.6259842519685039
Nyctalus lasiopterus,0.156277151233775,95.0,160.0,0.6299212598425197
Megaerops niphanae,0.156261199944803,94.0,161.0,0.6338582677165354
Lasiurus ega,0.156004705820332,93.0,162.0,0.6377952755905512
Histiotus velatus,0.15598155899958,92.0,163.0,0.6417322834645669
Myotis longipes,0.155925317069568,91.0,164.0,0.6456692913385826
Myotis levis,0.155899696592264,90.0,165.0,0.6496062992125984
Myotis davidii,0.155898727200907,89.0,166.0,0.6535433070866141
Chalinolobus morio,0.155857477133618,88.0,167.0,0.65748031496063
Chalinolobus gouldii,0.155833696302099,87.0,168.0,0.6614173228346457
Lasiurus seminolus,0.155803267162598,86.0,169.0,0.6653543307086615
Micronycteris megalotis,0.15575056077331,85.0,170.0,0.6692913385826772
Eumops auripendulus,0.155705315878635,84.0,171.0,0.6732283464566929
Lasiurus borealis,0.155700584328422,83.0,172.0,0.6771653543307087
Euderma maculatum,0.15569147710907,82.0,173.0,0.6811023622047244
Nyctinomops macrotis,0.155667509703725,81.0,174.0,0.6850393700787402
Hipposideros diadema,0.155589501456678,80.0,175.0,0.6889763779527559
Rhinolophus monoceros,0.155511088948182,79.0,176.0,0.6929133858267716
Myotis macropus,0.15541531520755,78.0,177.0,0.6968503937007874
Hipposideros vittatus,0.155378916196995,77.0,178.0,0.7007874015748031
Molossops neglectus,0.155374216556714,76.0,179.0,0.7047244094488189
Pipistrellus hesperidus,0.155289183533568,75.0,180.0,0.7086614173228346
Miniopterus natalensis,0.155283531586243,74.0,181.0,0.7125984251968503
Hipposideros gigas,0.155227296346363,73.0,182.0,0.7165354330708661
Myotis horsfieldii,0.155130718644495,72.0,183.0,0.7204724409448819
Neoromicia nanus,0.155079579796668,71.0,184.0,0.7244094488188977
Pipistrellus hesperus,0.15507381593541,70.0,185.0,0.7283464566929134
Diclidurus albus,0.155052080780986,69.0,186.0,0.7322834645669292
Myotis evotis,0.154960973325321,68.0,187.0,0.7362204724409449
Tadarida teniotis,0.154958961922652,67.0,188.0,0.7401574803149606
Nycticeius humeralis,0.15489484032876,66.0,189.0,0.7440944881889764
Falsistrellus mackenziei,0.154884664844282,65.0,190.0,0.7480314960629921
Vespadelus baverstocki,0.154872944484627,64.0,191.0,0.7519685039370079
Hipposideros lekaguli,0.154790109808039,63.0,192.0,0.7559055118110236
Lasiurus xanthinus,0.154477642103498,62.0,193.0,0.7598425196850394
Myotis leibii,0.154466745924062,61.0,194.0,0.7637795275590551
Leptonycteris nivalis,0.15434827951173,60.0,195.0,0.7677165354330708
Nycteris thebaica,0.154100013220127,59.0,196.0,0.7716535433070866
Miniopterus pusillus,0.154096495337707,58.0,197.0,0.7755905511811023
Saccolaimus flaviventris,0.154061521361961,57.0,198.0,0.7795275590551181
Myotis punicus,0.153991628624119,56.0,199.0,0.7834645669291339
Chrotopterus auritus,0.15390016104165,55.0,200.0,0.7874015748031497
Eumops perotis,0.153854592947972,54.0,201.0,0.7913385826771654
Myotis brandtii,0.153830114009867,53.0,202.0,0.7952755905511811
Macrotus californicus,0.153777706249779,52.0,203.0,0.7992125984251969
Eumops patagonicus,0.153685510163383,51.0,204.0,0.8031496062992126
Miniopterus magnater,0.153607206590495,50.0,205.0,0.8070866141732284
Murina aurata,0.15360292686697,49.0,206.0,0.8110236220472441
Miniopterus australis,0.153596087356902,48.0,207.0,0.8149606299212598
Cardioderma cor,0.153576131441018,47.0,208.0,0.8188976377952756
Platyrrhinus lineatus,0.153557822403916,46.0,209.0,0.8228346456692913
Myonycteris torquata,0.153552267390346,45.0,210.0,0.8267716535433071
Myotis macrodactylus,0.153533298073583,44.0,211.0,0.8307086614173228
Glossophaga longirostris,0.153533250453557,43.0,212.0,0.8346456692913385
Artibeus toltecus,0.153480321229523,42.0,213.0,0.8385826771653543
Pipistrellus pygmaeus,0.153352731834776,41.0,214.0,0.84251968503937
Pteropus admiralitatum,0.1533238191565,40.0,215.0,0.8464566929133859
Anoura caudifer,0.153258452392137,39.0,216.0,0.8503937007874016
Sturnira erythromos,0.153239381010573,38.0,217.0,0.8543307086614174
Lichonycteris obscura,0.153187772902733,37.0,218.0,0.8582677165354331
Macroglossus minimus,0.153164841788255,36.0,219.0,0.8622047244094488
Cynopterus horsfieldii,0.153104578611023,35.0,220.0,0.8661417322834646
Saccolaimus saccolaimus,0.153072657738364,34.0,221.0,0.8700787401574803
Diaemus youngi,0.153070965738791,33.0,222.0,0.8740157480314961
Mesophylla macconnelli,0.152751162894532,32.0,223.0,0.8779527559055118
Pteropus capistratus,0.152738781358582,31.0,224.0,0.8818897637795275
Diphylla ecaudata,0.152730941203528,30.0,225.0,0.8858267716535433
Ia io,0.152666032075432,29.0,226.0,0.889763779527559
Hipposideros cineraceus,0.152573984686318,28.0,227.0,0.8937007874015748
Tylonycteris pachypus,0.152342714149103,27.0,228.0,0.8976377952755905
Mystacina tuberculata,0.152054057826528,26.0,229.0,0.9015748031496063
Leptonycteris curasoae,0.152012328204958,25.0,230.0,0.905511811023622
Pteropus neohibernicus,0.151949168641361,24.0,231.0,0.9094488188976378
Glossophaga morenoi,0.15181519196692,23.0,232.0,0.9133858267716536
Eptesicus nilssonii,0.151737123500229,22.0,233.0,0.9173228346456693
Aselliscus stoliczkanus,0.15148210077187,21.0,234.0,0.9212598425196851
Hipposideros commersoni,0.151440865506325,20.0,235.0,0.9251968503937008
Hipposideros lankadiva,0.151385377509121,19.0,236.0,0.9291338582677166
Vespadelus pumilus,0.151106873407739,18.0,237.0,0.9330708661417323
Mimon crenulatum,0.150905821650847,17.0,238.0,0.937007874015748
Lonchorhina aurita,0.150869374187838,16.0,239.0,0.9409448818897638
Rhinonicteris aurantia,0.15085838237167,15.0,240.0,0.9448818897637795
Natalus stramineus,0.15081702170976,14.0,241.0,0.9488188976377953
Artibeus obscurus,0.150685176123282,13.0,242.0,0.952755905511811
Hipposideros speoris,0.150212223161664,12.0,243.0,0.9566929133858267
Carollia subrufa,0.150203540063103,11.0,244.0,0.9606299212598425
Sturnira tildae,0.150188290025985,10.0,245.0,0.9645669291338582
Hipposideros galeritus,0.150095433541495,9.0,246.0,0.968503937007874
Taphozous theobaldi,0.148776101048568,8.0,247.0,0.9724409448818898
Glossophaga commissarisi,0.148726419585127,7.0,248.0,0.9763779527559056
Lonchophylla robusta,0.148543471423624,6.0,249.0,0.9803149606299213
Lophostoma silvicolum,0.148527290575905,5.0,250.0,0.984251968503937
Nycteris nana,0.148278341864101,4.0,251.0,0.9881889763779528
Glauconycteris argentata,0.14821691939698,3.0,252.0,0.9921259842519685
Sturnira ludovici,0.148207125463861,2.0,253.0,0.9960629921259843
Vampyrodes caraccioli,0.148122255363882,1.0,254.0,1.0
Paranyctimene raptor,,,,
Nyctimene aello,,,,
Nyctimene certans,,,,
Nyctimene cyclotis,,,,
Nyctimene major,,,,
Nyctimene robinsoni,,,,
Nyctimene albiventer,,,,
Nyctimene draconilla,,,,
Nyctimene minutus,,,,
Nyctimene cephalotes,,,,
Nyctimene rabori,,,,
Nyctimene malaitensis,,,,
Nyctimene masalai,,,,
Nyctimene vizcaccia,,,,
Sphaerias blanfordi,,,,
Alionycteris paucidentata,,,,
Otopteropus cartilagonodus,,,,
Haplonycteris fischeri,,,,
Latidens salimalii,,,,
Penthetor lucasi,,,,
Thoopterus nigrescens,,,,
Aethalops alecto,,,,
Aethalops aequalis,,,,
Balionycteris maculata,,,,
Chironax melanocephalus,,,,
Dyacopterus brooksi,,,,
Ptenochirus minor,,,,
Megaerops ecaudatus,,,,
Megaerops kusnotoi,,,,
Megaerops wetmorei,,,,
Cynopterus luzoniensis,,,,
Cynopterus minutus,,,,
Cynopterus nusatenggara,,,,
Cynopterus titthaecheilus,,,,
Rousettus bidens,,,,
Lissonycteris angolensis,,,,
Myonycteris relicta,,,,
Myonycteris brachycephala,,,,
Rousettus lanosus,,,,
Rousettus celebensis,,,,
Rousettus madagascariensis,,,,
Rousettus obliviosus,,,,
Rousettus spinalatus,,,,
Plerotes anchietae,,,,
Casinycteris argynnis,,,,
Scotonycteris ophiodon,,,,
Scotonycteris zenkeri,,,,
Nanonycteris veldkampii,,,,
Epomops buettikoferi,,,,
Micropteropus intermedius,,,,
Epomophorus angolensis,,,,
Epomophorus crypturus,,,,
Epomophorus grandis,,,,
Epomophorus minor,,,,
Epomophorus minimus,,,,
Eonycteris major,,,,
Eonycteris robusta,,,,
Macroglossus sobrinus,,,,
Syconycteris carolinae,,,,
Syconycteris hobbit,,,,
Notopteris macdonaldi,,,,
Notopteris neocaledonica,,,,
Melonycteris melanops,,,,
Melonycteris woodfordi,,,,
Harpyionycteris celebensis,,,,
Harpyionycteris whiteheadi,,,,
Aproteles bulmerae,,,,
Dobsonia beauforti,,,,
Dobsonia inermis,,,,
Dobsonia praedatrix,,,,
Dobsonia viridis,,,,
Dobsonia crenulata,,,,
Dobsonia minor,,,,
Dobsonia peronii,,,,
Dobsonia emersa,,,,
Dobsonia exoleta,,,,
Dobsonia magna,,,,
Dobsonia pannietensis,,,,
Styloctenium wallacei,,,,
Neopteryx frosti,,,,
Pteralopex acrodonta,,,,
Pteralopex anceps,,,,
Pteralopex atrata,,,,
Pteralopex pulchra,,,,
Acerodon celebensis,,,,
Acerodon humilis,,,,
Acerodon jubatus,,,,
Acerodon leucotis,,,,
Acerodon mackloti,,,,
Pteropus speciosus,,,,
Pteropus howensis,,,,
Pteropus ornatus,,,,
Pteropus pumilus,,,,
Pteropus melanotus,,,,
Pteropus griseus,,,,
Pteropus faunulus,,,,
Pteropus dasymallus,,,,
Pteropus livingstonii,,,,
Pteropus melanopogon,,,,
Pteropus aruensis,,,,
Pteropus keyensis,,,,
Pteropus caniceps,,,,
Pteropus ocularis,,,,
Pteropus anetianus,,,,
Pteropus samoensis,,,,
Pteropus mariannus,,,,
Pteropus pelewensis,,,,
Pteropus ualanus,,,,
Pteropus yapensis,,,,
Pteropus loochoensis,,,,
Pteropus tonganus,,,,
Pteropus personatus,,,,
Pteropus temminckii,,,,
Pteropus macrotis,,,,
Pteropus pohlei,,,,
Pteropus lombocensis,,,,
Pteropus molossinus,,,,
Pteropus rodricensis,,,,
Pteropus chrysoproctus,,,,
Pteropus fundatus,,,,
Pteropus rayneri,,,,
Pteropus rennelli,,,,
Pteropus cognatus,,,,
Pteropus intermedius,,,,
Pteropus gilliardorum,,,,
Pteropus mahaganus,,,,
Pteropus woodfordi,,,,
Pteropus aldabrensis,,,,
Pteropus seychellensis,,,,
Pteropus niger,,,,
Pteropus voeltzkowi,,,,
Pteropus insularis,,,,
Pteropus leucopterus,,,,
Pteropus nitendiensis,,,,
Pteropus pselaphon,,,,
Pteropus tuberculatus,,,,
Pteropus vetulus,,,,
Saccolaimus peli,,,,
Saccolaimus mixtus,,,,
Taphozous hamiltoni,,,,
Taphozous nudiventris,,,,
Taphozous hilli,,,,
Taphozous australis,,,,
Taphozous georgianus,,,,
Taphozous troughtoni,,,,
Taphozous kapalgensis,,,,
Taphozous hildegardeae,,,,
Taphozous longimanus,,,,
Taphozous mauritianus,,,,
Taphozous achates,,,,
Mosia nigrescens,,,,
Emballonura atrata,,,,
Emballonura beccarii,,,,
Emballonura dianae,,,,
Emballonura furax,,,,
Emballonura raffrayana,,,,
Emballonura semicaudata,,,,
Coleura afra,,,,
Coleura seychellensis,,,,
Emballonura alecto,,,,
Emballonura monticola,,,,
Cyttarops alecto,,,,
Diclidurus isabellus,,,,
Diclidurus scutatus,,,,
Diclidurus ingens,,,,
Centronycteris maximiliani,,,,
Centronycteris centralis,,,,
Cormura brevirostris,,,,
Saccopteryx bilineata,,,,
Saccopteryx leptura,,,,
Saccopteryx gymnura,,,,
Saccopteryx canescens,,,,
Balantiopteryx io,,,,
Balantiopteryx infusca,,,,
Balantiopteryx plicata,,,,
Peropteryx leucoptera,,,,
Peropteryx kappleri,,,,
Peropteryx macrotis,,,,
Peropteryx trinitatis,,,,
Craseonycteris thonglongyai,,,,
Rhinopoma macinnesi,,,,
Rhinopoma microphyllum,,,,
Rhinopoma muscatellum,,,,
Lavia frons,,,,
Macroderma gigas,,,,
Megaderma lyra,,,,
Megaderma spasma,,,,
Nycteris javanica,,,,
Nycteris tragata,,,,
Nycteris arge,,,,
Nycteris intermedia,,,,
Nycteris major,,,,
Nycteris grandis,,,,
Nycteris hispida,,,,
Nycteris aurita,,,,
Nycteris macrotis,,,,
Nycteris vinsoni,,,,
Nycteris madagascariensis,,,,
Nycteris woodi,,,,
Nycteris parisii,,,,
Rhinolophus osgoodi,,,,
Rhinolophus lepidus,,,,
Rhinolophus shortridgei,,,,
Rhinolophus imaizumii,,,,
Rhinolophus cognatus,,,,
Rhinolophus subbadius,,,,
Rhinolophus acuminatus,,,,
Rhinolophus adami,,,,
Rhinolophus alcyone,,,,
Rhinolophus arcuatus,,,,
Rhinolophus celebensis,,,,
Rhinolophus madurensis,,,,
Rhinolophus bocharicus,,,,
Rhinolophus hillorum,,,,
Rhinolophus darlingi,,,,
Rhinolophus deckenii,,,,
Rhinolophus denti,,,,
Rhinolophus euryotis,,,,
Rhinolophus fumigatus,,,,
Rhinolophus inops,,,,
Rhinolophus keyensis,,,,
Rhinolophus luctus,,,,
Rhinolophus beddomei,,,,
Rhinolophus formosae,,,,
Rhinolophus maclaudi,,,,
Rhinolophus hilli,,,,
Rhinolophus ruwenzorii,,,,
Rhinolophus siamensis,,,,
Rhinolophus malayanus,,,,
Rhinolophus marshalli,,,,
Rhinolophus mitratus,,,,
Rhinolophus paradoxolophus,,,,
Rhinolophus philippinensis,,,,
Rhinolophus montanus,,,,
Rhinolophus robinsoni,,,,
Rhinolophus rufus,,,,
Rhinolophus sedulus,,,,
Rhinolophus silvestris,,,,
Rhinolophus subrufus,,,,
Rhinolophus swinnyi,,,,
Rhinolophus trifoliatus,,,,
Rhinolophus virgo,,,,
Rhinolophus yunanensis,,,,
Rhinolophus nereis,,,,
Rhinolophus borneensis,,,,
Rhinolophus canuti,,,,
Rhinolophus landeri,,,,
Rhinolophus guineensis,,,,
Paracoelops megalotis,,,,
Coelops frithii,,,,
Coelops robinsoni,,,,
Triaenops furculus,,,,
Triaenops auritus,,,,
Triaenops rufus,,,,
Aselliscus tricuspidatus,,,,
Anthops ornatus,,,,
Hipposideros ater,,,,
Hipposideros beatus,,,,
Hipposideros breviceps,,,,
Hipposideros durgadasi,,,,
Hipposideros coxi,,,,
Hipposideros curtus,,,,
Hipposideros dyacorum,,,,
Hipposideros fuliginosus,,,,
Hipposideros fulvus,,,,
Hipposideros halophyllus,,,,
Hipposideros jonesi,,,,
Hipposideros macrobullatus,,,,
Hipposideros maggietaylorae,,,,
Hipposideros marisae,,,,
Hipposideros megalotis,,,,
Hipposideros nequam,,,,
Hipposideros obscurus,,,,
Hipposideros papua,,,,
Hipposideros pygmaeus,,,,
Hipposideros ridleyi,,,,
Hipposideros doriae,,,,
Hipposideros coronatus,,,,
Hipposideros calcaratus,,,,
Hipposideros lamottei,,,,
Hipposideros crumeniferus,,,,
Hipposideros cervinus,,,,
Cloeotis percivali,,,,
Hipposideros thomensis,,,,
Hipposideros demissus,,,,
Hipposideros inornatus,,,,
Hipposideros dinops,,,,
Hipposideros pelingensis,,,,
Hipposideros inexpectatus,,,,
Hipposideros grandis,,,,
Hipposideros sumbae,,,,
Hipposideros turpis,,,,
Hipposideros lylei,,,,
Asellia patrizii,,,,
Asellia tridens,,,,
Hipposideros camerunensis,,,,
Hipposideros cyclops,,,,
Hipposideros corynophyllus,,,,
Hipposideros stenotis,,,,
Hipposideros wollastoni,,,,
Hipposideros muscinus,,,,
Hipposideros semoni,,,,
Myzopoda aurita,,,,
Thyroptera discifera,,,,
Thyroptera tricolor,,,,
Amorphochilus schnablii,,,,
Furipterus horrens,,,,
Nyctiellus lepidus,,,,
Natalus jamaicensis,,,,
Natalus major,,,,
Natalus primus,,,,
Chilonatalus micropus,,,,
Chilonatalus tumidifrons,,,,
Noctilio albiventris,,,,
Noctilio leporinus,,,,
Mormoops blainvillei,,,,
Pteronotus gymnonotus,,,,
Pteronotus personatus,,,,
Pteronotus quadridens,,,,
Pteronotus macleayii,,,,
Macrophyllum macrophyllum,,,,
Lonchorhina fernandezi,,,,
Lonchorhina marinkellei,,,,
Lonchorhina orinocensis,,,,
Macrotus waterhousii,,,,
Lampronycteris brachyotis,,,,
Micronycteris homezi,,,,
Micronycteris microtis,,,,
Micronycteris hirsuta,,,,
Micronycteris minuta,,,,
Micronycteris schmidtorum,,,,
Trinycteris nicefori,,,,
Neonycteris pusilla,,,,
Glyphonycteris daviesi,,,,
Glyphonycteris behnii,,,,
Glyphonycteris sylvestris,,,,
Trachops cirrhosus,,,,
Vampyrum spectrum,,,,
Tonatia bidens,,,,
Tonatia saurophila,,,,
Lophostoma brasiliense,,,,
Lophostoma carrikeri,,,,
Lophostoma evotis,,,,
Lophostoma schulzi,,,,
Mimon bennettii,,,,
Mimon cozumelae,,,,
Mimon koepckeae,,,,
Phylloderma stenops,,,,
Phyllostomus latifolius,,,,
Phyllostomus elongatus,,,,
Brachyphylla cavernarum,,,,
Brachyphylla nana,,,,
Erophylla sezekorni,,,,
Erophylla bombifrons,,,,
Phyllonycteris aphylla,,,,
Phyllonycteris poeyi,,,,
Platalina genovensium,,,,
Lionycteris spurrelli,,,,
Lonchophylla bokermanni,,,,
Lonchophylla dekeyseri,,,,
Lonchophylla handleyi,,,,
Lonchophylla hesperia,,,,
Lonchophylla mordax,,,,
Lonchophylla thomasi,,,,
Leptonycteris yerbabuenae,,,,
Monophyllus plethodon,,,,
Monophyllus redmani,,,,
Glossophaga leachii,,,,
Anoura cultrata,,,,
Anoura latidens,,,,
Scleronycteris ega,,,,
Hylonycteris underwoodi,,,,
Choeronycteris mexicana,,,,
Musonycteris harrisoni,,,,
Choeroniscus godmani,,,,
Choeroniscus minor,,,,
Choeroniscus periosus,,,,
Rhinophylla alethina,,,,
Rhinophylla fischerae,,,,
Rhinophylla pumilio,,,,
Carollia castanea,,,,
Sturnira bidens,,,,
Sturnira nana,,,,
Sturnira aratathomasi,,,,
Sturnira luisi,,,,
Sturnira magna,,,,
Sturnira mordax,,,,
Sturnira thomasi,,,,
Sturnira bogotensis,,,,
Sturnira oporaphilum,,,,
Pygoderma bilabiatum,,,,
Centurio senex,,,,
Ametrida centurio,,,,
Sphaeronycteris toxophyllum,,,,
Phyllops falcatus,,,,
Stenoderma rufum,,,,
Ardops nichollsi,,,,
Ariteus flavescens,,,,
Enchisthenes hartii,,,,
Artibeus aztecus,,,,
Artibeus anderseni,,,,
Artibeus glaucus,,,,
Artibeus gnomus,,,,
Artibeus watsoni,,,,
Artibeus concolor,,,,
Artibeus amplus,,,,
Artibeus fraterculus,,,,
Artibeus hirsutus,,,,
Artibeus inopinatus,,,,
Ectophylla alba,,,,
Chiroderma salvini,,,,
Chiroderma improvisum,,,,
Chiroderma villosum,,,,
Chiroderma doriae,,,,
Chiroderma trinitatum,,,,
Vampyressa melissa,,,,
Vampyressa pusilla,,,,
Vampyressa thyone,,,,
Vampyressa bidens,,,,
Vampyressa brocki,,,,
Vampyressa nymphaea,,,,
Uroderma magnirostrum,,,,
Platyrrhinus aurarius,,,,
Platyrrhinus brachycephalus,,,,
Platyrrhinus chocoensis,,,,
Platyrrhinus dorsalis,,,,
Platyrrhinus infuscus,,,,
Platyrrhinus recifinus,,,,
Platyrrhinus umbratus,,,,
Platyrrhinus vittatus,,,,
Tomopeas ravus,,,,
Cheiromeles torquatus,,,,
Cheiromeles parvidens,,,,
Myopterus daubentonii,,,,
Myopterus whitleyi,,,,
Molossops aequatorianus,,,,
Molossops mattogrossensis,,,,
Molossops temminckii,,,,
Cynomops greenhalli,,,,
Cynomops mexicanus,,,,
Cynomops paranus,,,,
Platymops setiger,,,,
Mormopterus beccarii,,,,
Mormopterus norfolkensis,,,,
Mormopterus planiceps,,,,
Mormopterus loriae,,,,
Sauromys petrophilus,,,,
Mormopterus kalinowskii,,,,
Mormopterus minutus,,,,
Mormopterus phrudus,,,,
Mormopterus doriae,,,,
Mormopterus jugularis,,,,
Mormopterus acetabulosus,,,,
Tadarida australis,,,,
Tadarida kuboriensis,,,,
Tadarida aegyptiaca,,,,
Tadarida fulminans,,,,
Tadarida lobata,,,,
Tadarida insignis,,,,
Tadarida latouchei,,,,
Tadarida ventralis,,,,
Nyctinomops aurispinosus,,,,
Nyctinomops femorosaccus,,,,
Otomops formosus,,,,
Otomops martiensseni,,,,
Otomops madagascariensis,,,,
Otomops papuensis,,,,
Otomops secundus,,,,
Otomops wroughtoni,,,,
Promops centralis,,,,
Promops nasutus,,,,
Molossus sinaloae,,,,
Molossus currentium,,,,
Molossus aztecus,,,,
Molossus barnesi,,,,
Molossus coibensis,,,,
Molossus pretiosus,,,,
Eumops hansae,,,,
Eumops trumbulli,,,,
Eumops dabbenei,,,,
Eumops bonariensis,,,,
Eumops maurus,,,,
Eumops underwoodi,,,,
Chaerephon ansorgei,,,,
Chaerephon bemmeleni,,,,
Chaerephon bivittatus,,,,
Chaerephon aloysiisabaudiae,,,,
Chaerephon chapini,,,,
Chaerephon shortridgei,,,,
Chaerephon gallagheri,,,,
Chaerephon jobensis,,,,
Chaerephon solomonis,,,,
Chaerephon bregullae,,,,
Chaerephon johorensis,,,,
Chaerephon major,,,,
Chaerephon nigeriae,,,,
Chaerephon leucogaster,,,,
Chaerephon russatus,,,,
Mops brachypterus,,,,
Mops nanulus,,,,
Mops petersoni,,,,
Mops spurrelli,,,,
Mops thersites,,,,
Mops congicus,,,,
Mops leucostigma,,,,
Mops midas,,,,
Mops mops,,,,
Mops niangarae,,,,
Mops sarasinorum,,,,
Mops trevori,,,,
Mops demonstrator,,,,
Mops niveiventer,,,,
Miniopterus majori,,,,
Miniopterus robustior,,,,
Miniopterus tristis,,,,
Miniopterus africanus,,,,
Miniopterus fraterculus,,,,
Miniopterus fuscus,,,,
Miniopterus medius,,,,
Miniopterus paululus,,,,
Miniopterus shortridgei,,,,
Miniopterus minor,,,,
Miniopterus manavi,,,,
Miniopterus macrocneme,,,,
Eudiscopus denticulus,,,,
Hesperoptenus doriae,,,,
Mimetillus moloneyi,,,,
Nycticeius cubanus,,,,
Scoteanax rueppellii,,,,
Otonycteris hemprichii,,,,
Scotozous dormeri,,,,
Bauerus dubiaquercus,,,,
Glischropus javanus,,,,
Glischropus tylopus,,,,
Hypsugo anchietae,,,,
Hypsugo eisentrauti,,,,
Hypsugo musciculus,,,,
Hypsugo anthonyi,,,,
Hypsugo joffrei,,,,
Pipistrellus stenopterus,,,,
Hypsugo crassulus,,,,
Pipistrellus nanulus,,,,
Pipistrellus rueppellii,,,,
Arielulus circumdatus,,,,
Arielulus cuprosus,,,,
Arielulus societatis,,,,
Scotoecus pallidus,,,,
Scotoecus albofuscus,,,,
Scotoecus hirundo,,,,
Scotoecus albigula,,,,
Scotoecus hindei,,,,
Hypsugo imbricatus,,,,
Hypsugo arabicus,,,,
Neoromicia helios,,,,
Hypsugo pulveratus,,,,
Hypsugo kitcheneri,,,,
Hypsugo lophurus,,,,
Hesperoptenus blanfordi,,,,
Hesperoptenus gaskelli,,,,
Hesperoptenus tickelli,,,,
Hesperoptenus tomesi,,,,
Histiotus alienus,,,,
Histiotus macrotus,,,,
Histiotus laephotis,,,,
Histiotus magellanicus,,,,
Laephotis angolensis,,,,
Laephotis botswanae,,,,
Laephotis namibensis,,,,
Laephotis wintoni,,,,
Falsistrellus tasmaniensis,,,,
Falsistrellus affinis,,,,
Falsistrellus mordax,,,,
Falsistrellus petersi,,,,
Nycticeinops schlieffeni,,,,
Scotorepens balstoni,,,,
Scotorepens orion,,,,
Scotorepens greyii,,,,
Scotorepens sanborni,,,,
Hypsugo cadornae,,,,
Hypsugo macrotis,,,,
Hypsugo vordermanni,,,,
Hypsugo ariel,,,,
Hypsugo bodenheimeri,,,,
Hypsugo alaschanicus,,,,
Vespadelus douglasorum,,,,
Vespadelus caurinus,,,,
Vespadelus finlaysoni,,,,
Vespadelus troughtoni,,,,
Vespadelus darlingtoni,,,,
Vespadelus vulturnus,,,,
Nyctalus azoreum,,,,
Nyctalus aviator,,,,
Nyctalus leisleri,,,,
Nyctalus montanus,,,,
Nyctalus furvus,,,,
Chalinolobus tuberculatus,,,,
Chalinolobus dwyeri,,,,
Chalinolobus neocaledonicus,,,,
Chalinolobus nigrogriseus,,,,
Chalinolobus picatus,,,,
Rhogeessa alleni,,,,
Rhogeessa mira,,,,
Rhogeessa gracilis,,,,
Rhogeessa genowaysi,,,,
Rhogeessa minutilla,,,,
Rhogeessa parvula,,,,
Rhogeessa tumida,,,,
Rhogeessa aeneus,,,,
Rhogeessa io,,,,
Lasiurus insularis,,,,
Lasiurus castaneus,,,,
Lasiurus minor,,,,
Lasiurus pfeifferi,,,,
Lasiurus salinae,,,,
Lasiurus varius,,,,
Lasiurus degelidus,,,,
Neoromicia flavescens,,,,
Neoromicia rendalli,,,,
Neoromicia tenuipinnis,,,,
Neoromicia brunneus,,,,
Eptesicus matroka,,,,
Neoromicia guineensis,,,,
Neoromicia melckorum,,,,
Neoromicia somalicus,,,,
Neoromicia zuluensis,,,,
Glauconycteris alboguttata,,,,
Glauconycteris beatrix,,,,
Glauconycteris humeralis,,,,
Glauconycteris egeria,,,,
Glauconycteris gleni,,,,
Glauconycteris kenyacola,,,,
Glauconycteris poensis,,,,
Glauconycteris superba,,,,
Glauconycteris machadoi,,,,
Glauconycteris variegata,,,,
Pharotis imogene,,,,
Nyctophilus arnhemensis,,,,
Nyctophilus geoffroyi,,,,
Nyctophilus gouldi,,,,
Nyctophilus bifax,,,,
Nyctophilus heran,,,,
Nyctophilus microdon,,,,
Nyctophilus microtis,,,,
Nyctophilus timoriensis,,,,
Nyctophilus walkeri,,,,
Barbastella leucomelas,,,,
Idionycteris phyllotis,,,,
Corynorhinus rafinesquii,,,,
Corynorhinus mexicanus,,,,
Plecotus austriacus,,,,
Plecotus kolombatovici,,,,
Plecotus teneriffae,,,,
Plecotus taivanus,,,,
Scotomanes ornatus,,,,
Scotophilus collinus,,,,
Scotophilus borbonicus,,,,
Scotophilus viridis,,,,
Scotophilus celebensis,,,,
Scotophilus heathii,,,,
Scotophilus nucella,,,,
Scotophilus robustus,,,,
Pipistrellus minahassae,,,,
Pipistrellus ceylonicus,,,,
Pipistrellus deserti,,,,
Pipistrellus aero,,,,
Pipistrellus maderensis,,,,
Pipistrellus rusticus,,,,
Pipistrellus permixtus,,,,
Pipistrellus tenuis,,,,
Pipistrellus adamsi,,,,
Pipistrellus angulatus,,,,
Pipistrellus collinus,,,,
Pipistrellus papuanus,,,,
Pipistrellus wattsi,,,,
Pipistrellus westralis,,,,
Pipistrellus endoi,,,,
Pipistrellus javanicus,,,,
Pipistrellus paterculus,,,,
Eptesicus floweri,,,,
Eptesicus nasutus,,,,
Eptesicus bobrinskoi,,,,
Eptesicus gobiensis,,,,
Eptesicus japonensis,,,,
Eptesicus innoxius,,,,
Eptesicus andinus,,,,
Eptesicus chiriquinus,,,,
Eptesicus bottae,,,,
Eptesicus dimissus,,,,
Eptesicus guadeloupensis,,,,
Eptesicus hottentotus,,,,
Eptesicus kobayashii,,,,
Eptesicus pachyotis,,,,
Eptesicus platyops,,,,
Eptesicus tatei,,,,
Harpiocephalus harpia,,,,
Harpiocephalus mordax,,,,
Murina grisea,,,,
Murina aenea,,,,
Murina cyclotis,,,,
Murina huttoni,,,,
Murina puta,,,,
Murina rozendaali,,,,
Murina florium,,,,
Murina silvatica,,,,
Murina suilla,,,,
Murina tenebrosa,,,,
Murina tubinaris,,,,
Murina ussuriensis,,,,
Murina fusca,,,,
Murina hilgendorfi,,,,
Phoniscus aerosa,,,,
Phoniscus atrox,,,,
Phoniscus jagorii,,,,
Phoniscus papuensis,,,,
Kerivoula agnella,,,,
Kerivoula argentata,,,,
Kerivoula cuprosa,,,,
Kerivoula eriophora,,,,
Kerivoula flora,,,,
Kerivoula hardwickii,,,,
Kerivoula intermedia,,,,
Kerivoula lanosa,,,,
Kerivoula minuta,,,,
Kerivoula muscina,,,,
Kerivoula myrella,,,,
Kerivoula papillosa,,,,
Kerivoula lenis,,,,
Kerivoula pellucida,,,,
Kerivoula phalaena,,,,
Kerivoula picta,,,,
Kerivoula smithii,,,,
Kerivoula whiteheadi,,,,
Myotis abei,,,,
Myotis aelleni,,,,
Nycticeius aenobarbus,,,,
Myotis cobanensis,,,,
Myotis fortidens,,,,
Myotis occultus,,,,
Myotis montivagus,,,,
Myotis oxyotus,,,,
Myotis peninsularis,,,,
Cistugo lesueuri,,,,
Cistugo seabrae,,,,
Myotis macrotarsus,,,,
Myotis stalkeri,,,,
Myotis vivesi,,,,
Myotis simus,,,,
Myotis ruber,,,,
Myotis adversus,,,,
Myotis moluccarum,,,,
Myotis bocagii,,,,
Myotis hasseltii,,,,
Myotis laniger,,,,
Myotis fimbriatus,,,,
Myotis pruinosus,,,,
Myotis formosus,,,,
Myotis hermani,,,,
Myotis welwitschii,,,,
Myotis goudoti,,,,
Myotis anjouanensis,,,,
Myotis morrisi,,,,
Myotis tricolor,,,,
Myotis oxygnathus,,,,
Myotis chinensis,,,,
Myotis sicarius,,,,
Myotis bechsteinii,,,,
Myotis auriculus,,,,
Myotis pequinius,,,,
Myotis bombinus,,,,
Myotis schaubi,,,,
Myotis siligorensis,,,,
Myotis scotti,,,,
Myotis oreias,,,,
Myotis altarium,,,,
Myotis melanorhinus,,,,
Myotis ciliolabrum,,,,
Myotis planiceps,,,,
Myotis insularum,,,,
Myotis hajastanicus,,,,
Myotis nipalensis,,,,
Myotis frater,,,,
Myotis bucharensis,,,,
Myotis annectans,,,,
Myotis australis,,,,
Myotis hosonoi,,,,
Myotis ikonnikovi,,,,
Myotis muricola,,,,
Myotis ater,,,,
Myotis ozensis,,,,
Myotis ridleyi,,,,
Myotis rosseti,,,,
Myotis yesoensis,,,,
Myotis atacamensis,,,,
Myotis dominicensis,,,,
Myotis elegans,,,,
Myotis findleyi,,,,
Myotis keaysi,,,,
Myotis martiniquensis,,,,
Myotis nesopolus,,,,
Myotis sodalis,,,,
