Sp,P.Stock1,P_rank,R.Stock1,R.Stock1_prop
Eidolon helvum,0.531223429494679,1014.0,41.0,0.03891789273849074
Epomophorus gambianus,0.576009455552342,1028.0,27.0,0.025628856193640248
Epomops franqueti,0.430722965023431,935.0,120.0,0.11390602752728998
Hypsignathus monstrosus,0.234531850947311,710.0,345.0,0.3274798291409587
Micropteropus pusillus,0.490498532108565,990.0,65.0,0.061699098243948744
Miniopterus inflatus,0.232269203401692,702.0,353.0,0.3350735643094447
Miniopterus schreibersii,0.469923851911705,975.0,80.0,0.07593735168485999
Mops condylurus,0.348385870838307,876.0,179.0,0.16990982439487423
Myonycteris torquata,0.394597719288159,914.0,141.0,0.13383958234456572
Rhinolophus eloquens,0.462329179461715,969.0,86.0,0.08163265306122448
Rousettus aegyptiacus,0.609351154323455,1038.0,17.0,0.01613668723303275
Rousettus amplexicaudatus,0.610401315190508,1039.0,16.0,0.015187470336971999
Cynopterus brachyotis,0.548291531986456,1021.0,34.0,0.0322733744660655
Cynopterus sphinx,0.596249150177036,1034.0,21.0,0.019933554817275746
Emballonura alecto,0.112329896088669,314.0,741.0,0.7033697199810157
Eonycteris spelaea,0.578234284293689,1030.0,25.0,0.023730422401518746
Epomops buettikoferi,0.44459191644004,946.0,109.0,0.10346464167062173
Haplonycteris fischeri,0.316830271100457,855.0,200.0,0.18984337921214997
Hipposideros armiger,0.469081319634966,972.0,83.0,0.07878500237304224
Hipposideros caffer,0.483301832213823,984.0,71.0,0.06739439962031324
Hipposideros cineraceus,0.220745328130725,666.0,389.0,0.3692453725676317
Hipposideros commersoni,0.374269342168425,893.0,162.0,0.1537731371618415
Hipposideros diadema,0.277592516447168,800.0,255.0,0.24205030849549122
Hipposideros larvatus,0.278843587186588,801.0,254.0,0.24110109159943047
Hipposideros pomona,0.345964730682151,874.0,181.0,0.17180825818699572
Lissonycteris angolensis,0.532035778043031,1015.0,40.0,0.037968675842429994
Macroglossus minimus,0.241355344221018,727.0,328.0,0.31134314190792595
Miniopterus australis,0.184609735441264,581.0,474.0,0.44992880873279545
Miniopterus pusillus,0.140309746680017,424.0,631.0,0.5989558614143332
Miniopterus tristis,0.141436594765517,432.0,623.0,0.5913621262458472
Myotis chinensis,0.109279213573315,302.0,753.0,0.7147603227337447
Myotis daubentonii,0.378936517440278,897.0,158.0,0.1499762695775985
Myotis davidii,0.0857537743334,220.0,835.0,0.7925961082107261
Myotis fimbriatus,0.217673572505876,654.0,401.0,0.3806359753203607
Nanonycteris veldkampii,0.35615065883974,881.0,174.0,0.16516373991457048
Nycteris hispida,0.137997113197042,411.0,644.0,0.6112956810631229
Pipistrellus javanicus,0.350484048424264,877.0,178.0,0.16896060749881348
Pipistrellus pipistrellus,0.514110982740336,1003.0,52.0,0.04935927859515899
Ptenochirus jagori,0.51936722651131,1006.0,49.0,0.046511627906976744
Rhinolophus affinis,0.578184922237807,1029.0,26.0,0.024679639297579496
Rhinolophus arcuatus,0.437790801460654,941.0,114.0,0.10821072615092549
Rhinolophus ferrumequinum,0.874326475673618,1054.0,1.0,0.0009492168960607499
Rhinolophus pearsonii,0.714913943815014,1050.0,5.0,0.004746084480303749
Rhinolophus pusillus,0.645411947425658,1045.0,10.0,0.009492168960607499
Rhinolophus rufus,0.481298473482523,983.0,72.0,0.068343616516374
Rhinolophus sinicus,0.828497615822563,1053.0,2.0,0.0018984337921214998
Rousettus leschenaultii,0.772891645872987,1051.0,4.0,0.0037968675842429997
Scotophilus kuhlii,0.302509769704373,836.0,219.0,0.20787850023730423
Myotis ricketti,0.329527655283461,867.0,188.0,0.17845277645942098
Acerodon celebensis,0.221460972208722,669.0,386.0,0.36639772187944947
Acerodon humilis,0.249994699119348,752.0,303.0,0.2876127195064072
Acerodon jubatus,0.200675854736986,618.0,437.0,0.4148077835785477
Acerodon leucotis,0.239547682430888,725.0,330.0,0.31324157570004746
Acerodon mackloti,0.266942647612587,788.0,267.0,0.2534409112482202
Aethalops aequalis,0.320482201913672,860.0,195.0,0.18509729473184622
Aethalops alecto,0.308337958739402,843.0,212.0,0.201233981964879
Alionycteris paucidentata,0.290248175784615,817.0,238.0,0.22591362126245848
Ametrida centurio,0.0574492028720443,105.0,950.0,0.9017560512577124
Amorphochilus schnablii,0.138789100376857,416.0,639.0,0.6065495965828192
Anoura caudifer,0.0837102205272883,208.0,847.0,0.8039867109634552
Anoura cultrata,0.125848216959213,367.0,688.0,0.6530612244897959
Anoura geoffroyi,0.07967301776277,191.0,864.0,0.8201233981964879
Anoura latidens,0.0807344837893578,195.0,860.0,0.8163265306122449
Anthops ornatus,0.30975403232325,847.0,208.0,0.19743711438063596
Antrozous pallidus,0.221594909662763,670.0,385.0,0.3654485049833887
Aproteles bulmerae,0.298799503613631,828.0,227.0,0.21547223540579022
Ardops nichollsi,0.10160473291632,282.0,773.0,0.7337446606549597
Arielulus circumdatus,0.163753194429617,515.0,540.0,0.512577123872805
Arielulus cuprosus,0.108130457128764,300.0,755.0,0.7166587565258662
Arielulus societatis,0.0698764550440325,156.0,899.0,0.8533459895586142
Ariteus flavescens,0.0607943896701606,120.0,935.0,0.8875177978168012
Artibeus amplus,0.229030768446274,690.0,365.0,0.3464641670621737
Artibeus anderseni,0.16251015467912,510.0,545.0,0.5173232083531086
Artibeus aztecus,0.129981120900476,383.0,672.0,0.6378737541528239
Artibeus cinereus,0.0792311157134633,189.0,866.0,0.8220218319886095
Artibeus concolor,0.120404181338417,347.0,708.0,0.6720455624110109
Artibeus fimbriatus,0.177880568974947,567.0,488.0,0.4632178452776459
Artibeus fraterculus,0.160397751547107,507.0,548.0,0.5201708590412909
Artibeus glaucus,0.0942660661724372,250.0,805.0,0.7641196013289037
Artibeus gnomus,0.0842172951386008,211.0,844.0,0.8011390602752729
Artibeus hirsutus,0.145968602559461,454.0,601.0,0.5704793545325106
Artibeus inopinatus,0.162262283949555,509.0,546.0,0.5182724252491694
Artibeus jamaicensis,0.258082887226002,770.0,285.0,0.2705268153773137
Artibeus lituratus,0.427503372048132,932.0,123.0,0.11675367821547224
Artibeus obscurus,0.236499272964972,718.0,337.0,0.3198860939724727
Artibeus phaeotis,0.223428974434433,677.0,378.0,0.3588039867109635
Artibeus toltecus,0.0877368690633158,231.0,824.0,0.7821547223540579
Artibeus watsoni,0.0947652919156456,253.0,802.0,0.7612719506407214
Asellia patrizii,0.364595836147513,886.0,169.0,0.16041765543426673
Asellia tridens,0.47249047192801,978.0,77.0,0.07308970099667775
Aselliscus stoliczkanus,0.423217639529235,931.0,124.0,0.11770289511153298
Aselliscus tricuspidatus,0.216866412679366,652.0,403.0,0.3825344091124822
Balantiopteryx infusca,0.114508055947985,324.0,731.0,0.6938775510204082
Balantiopteryx io,0.0993547610582676,272.0,783.0,0.7432368296155671
Balantiopteryx plicata,0.154237375009679,481.0,574.0,0.5448504983388704
Balionycteris maculata,0.306012661089399,840.0,215.0,0.20408163265306123
Barbastella barbastellus,0.195565582836719,604.0,451.0,0.42809682012339817
Barbastella leucomelas,0.211935312755101,640.0,415.0,0.3939250118652112
Bauerus dubiaquercus,0.128275718055394,374.0,681.0,0.6464167062173707
Brachyphylla cavernarum,0.165056153065966,520.0,535.0,0.5078310393925012
Brachyphylla nana,0.137590747119944,409.0,646.0,0.6131941148552444
Cardioderma cor,0.238504907476754,723.0,332.0,0.31514000949216897
Carollia brevicauda,0.169806090124719,536.0,519.0,0.4926435690555292
Carollia castanea,0.084569901483966,212.0,843.0,0.8001898433792122
Carollia perspicillata,0.383978566698441,900.0,155.0,0.14712861888941622
Carollia subrufa,0.0757843158503579,179.0,876.0,0.8315140009492169
Casinycteris argynnis,0.375386090053916,895.0,160.0,0.15187470336971998
Centronycteris centralis,0.109565271909084,303.0,752.0,0.7138111058376839
Centronycteris maximiliani,0.0755470314779282,177.0,878.0,0.8334124347413384
Centurio senex,0.107292663364047,296.0,759.0,0.7204556241101091
Chaerephon aloysiisabaudiae,0.149639134296049,464.0,591.0,0.5609871855719032
Chaerephon ansorgei,0.249467225773867,749.0,306.0,0.2904603701945895
Chaerephon bemmeleni,0.1708249984175,543.0,512.0,0.48599905078310396
Chaerephon bivittatus,0.257361015621992,767.0,288.0,0.273374466065496
Chaerephon bregullae,0.24951649173346,750.0,305.0,0.2895111532985287
Chaerephon chapini,0.138455847039906,414.0,641.0,0.6084480303749407
Chaerephon gallagheri,0.135910756053754,403.0,652.0,0.6188894162316089
Chaerephon jobensis,0.244080891227399,733.0,322.0,0.30564784053156147
Chaerephon johorensis,0.197028365013374,607.0,448.0,0.42524916943521596
Chaerephon leucogaster,0.15890421745546,502.0,553.0,0.5249169435215947
Chaerephon major,0.293323984621466,822.0,233.0,0.22116753678215473
Chaerephon nigeriae,0.216480358966197,651.0,404.0,0.38348362600854297
Chaerephon plicatus,0.414324266897949,926.0,129.0,0.12244897959183673
Chaerephon pumilus,0.219546648313088,660.0,395.0,0.3749406739439962
Chaerephon russatus,0.15628326338444,488.0,567.0,0.5382059800664452
Chaerephon shortridgei,0.217227099239934,653.0,402.0,0.38158519221642145
Chaerephon solomonis,0.200106219072399,615.0,440.0,0.41765543426672996
Chalinolobus dwyeri,0.202329907903622,621.0,434.0,0.4119601328903654
Chalinolobus gouldii,0.182660286229781,575.0,480.0,0.45562411010915993
Chalinolobus morio,0.17965032899353,568.0,487.0,0.46226862838158517
Chalinolobus neocaledonicus,0.185399572093325,582.0,473.0,0.4489795918367347
Chalinolobus nigrogriseus,0.162614090585944,511.0,544.0,0.516373991457048
Chalinolobus picatus,0.187899781888599,591.0,464.0,0.44043663977218794
Chalinolobus tuberculatus,0.158696847095708,501.0,554.0,0.5258661604176554
Cheiromeles parvidens,0.144455185628928,450.0,605.0,0.5742762221167537
Cheiromeles torquatus,0.079709825651691,192.0,863.0,0.8191741813004272
Chilonatalus micropus,0.106324351529834,292.0,763.0,0.7242524916943521
Chilonatalus tumidifrons,0.1548573348981,484.0,571.0,0.5420028476506882
Chiroderma doriae,0.0872375027946692,227.0,828.0,0.7859515899383009
Chiroderma improvisum,0.119867060811579,344.0,711.0,0.6748932130991931
Chiroderma salvini,0.108095368437351,299.0,756.0,0.717607973421927
Chiroderma trinitatum,0.0635592985202518,133.0,922.0,0.8751779781680114
Chiroderma villosum,0.107659331847603,297.0,758.0,0.7195064072140485
Chironax melanocephalus,0.31718651389342,856.0,199.0,0.18889416231608921
Choeroniscus godmani,0.0828961575163649,206.0,849.0,0.8058851447555766
Choeroniscus minor,0.0402041292132006,59.0,996.0,0.9454200284765069
Choeroniscus periosus,0.0816709501551931,198.0,857.0,0.8134788799240626
Choeronycteris mexicana,0.116180450330769,332.0,723.0,0.6862838158519222
Chrotopterus auritus,0.0478397460877574,79.0,976.0,0.9264356905552918
Cistugo lesueuri,0.1424584251279,436.0,619.0,0.5875652586616041
Cistugo seabrae,0.0963653890849361,259.0,796.0,0.7555766492643569
Cloeotis percivali,0.308282092385028,842.0,213.0,0.20218319886093972
Coelops frithii,0.305532019616976,839.0,216.0,0.20503084954912199
Coelops robinsoni,0.226864438592107,686.0,369.0,0.3502610346464167
Coleura afra,0.30471434377378,838.0,217.0,0.2059800664451827
Coleura seychellensis,0.169836028796109,537.0,518.0,0.49169435215946844
Cormura brevirostris,0.0769294629847971,180.0,875.0,0.8305647840531561
Corynorhinus mexicanus,0.124243146025885,361.0,694.0,0.6587565258661604
Corynorhinus rafinesquii,0.254177849565785,760.0,295.0,0.2800189843379212
Corynorhinus townsendii,0.144183490395372,448.0,607.0,0.5761746559088752
Craseonycteris thonglongyai,0.318905524432208,859.0,196.0,0.18604651162790697
Cynomops abrasus,0.115946986140284,328.0,727.0,0.6900806834361651
Cynomops greenhalli,0.0874714423719512,229.0,826.0,0.7840531561461794
Cynomops mexicanus,0.105121339158758,289.0,766.0,0.7271001423825344
Cynomops paranus,0.0936990629306597,247.0,808.0,0.7669672520170859
Cynomops planirostris,0.10006289950969,275.0,780.0,0.7403891789273849
Cynopterus horsfieldii,0.499129396818589,997.0,58.0,0.05505457997152349
Cynopterus luzoniensis,0.445972893709848,949.0,106.0,0.1006169909824395
Cynopterus minutus,0.422179128321664,930.0,125.0,0.11865211200759374
Cynopterus nusatenggara,0.460857246793365,968.0,87.0,0.08258186995728524
Cynopterus titthaecheilus,0.489700966487405,989.0,66.0,0.06264831514000949
Cyttarops alecto,0.0693851033352201,154.0,901.0,0.8552444233507357
Desmodus rotundus,0.123256468762242,360.0,695.0,0.6597057427622212
Diaemus youngi,0.0673826463200607,143.0,912.0,0.8656858092074039
Diclidurus albus,0.0613404416434132,122.0,933.0,0.8856193640246797
Diclidurus ingens,0.109676423903249,304.0,751.0,0.7128618889416232
Diclidurus isabellus,0.0992442437287701,271.0,784.0,0.7441860465116279
Diclidurus scutatus,0.0980911975903188,268.0,787.0,0.7470336971998102
Diphylla ecaudata,0.0784774669465016,183.0,872.0,0.8277171333649739
Dobsonia anderseni,0.140881558720214,429.0,626.0,0.5942097769340294
Dobsonia beauforti,0.171441806924863,545.0,510.0,0.48410061699098245
Dobsonia crenulata,0.167715506233334,532.0,523.0,0.49644043663977216
Dobsonia emersa,0.173180350096316,553.0,502.0,0.47650688182249645
Dobsonia exoleta,0.164085345564384,516.0,539.0,0.5116279069767442
Dobsonia inermis,0.224531012627356,679.0,376.0,0.35690555291884196
Dobsonia magna,0.315939044381034,854.0,201.0,0.19079259610821073
Dobsonia minor,0.429773502937139,934.0,121.0,0.11485524442335074
Dobsonia moluccensis,0.390289068423476,907.0,148.0,0.140484100616991
Dobsonia pannietensis,0.165534784025895,525.0,530.0,0.5030849549121974
Dobsonia peronii,0.166313238213747,528.0,527.0,0.5002373042240151
Dobsonia praedatrix,0.223517724848884,678.0,377.0,0.3578547698149027
Dobsonia viridis,0.153148312219489,476.0,579.0,0.5495965828191742
Dyacopterus brooksi,0.309475119906059,846.0,209.0,0.19838633127669672
Dyacopterus spadiceus,0.527066137803461,1012.0,43.0,0.04081632653061224
Ectophylla alba,0.0665791798272611,142.0,913.0,0.8666350261034647
Eidolon dupreanum,0.465709318604218,970.0,85.0,0.08068343616516374
Emballonura atrata,0.109844667684508,305.0,750.0,0.7119126720455624
Emballonura beccarii,0.0965057153169148,260.0,795.0,0.7546274323682961
Emballonura dianae,0.145840424791857,453.0,602.0,0.5714285714285714
Emballonura furax,0.153155084644712,477.0,578.0,0.5486473659231135
Emballonura monticola,0.116133702119981,331.0,724.0,0.6872330327479829
Emballonura raffrayana,0.112974489823434,317.0,738.0,0.7005220692928334
Emballonura semicaudata,0.132446154949518,391.0,664.0,0.6302800189843379
Enchisthenes hartii,0.0997165843146789,273.0,782.0,0.7422876127195064
Eonycteris major,0.43088590831616,937.0,118.0,0.11200759373516848
Eonycteris robusta,0.44486537313244,947.0,108.0,0.10251542477456099
Epomophorus angolensis,0.262875930785885,777.0,278.0,0.2638822971048885
Epomophorus crypturus,0.312658964541262,850.0,205.0,0.19458946369245372
Epomophorus grandis,0.484535727960993,985.0,70.0,0.0664451827242525
Epomophorus labiatus,0.553461552985153,1022.0,33.0,0.03132415757000474
Epomophorus minimus,0.517211442394586,1004.0,51.0,0.04841006169909824
Epomophorus minor,0.451750988015849,958.0,97.0,0.09207403891789274
Epomophorus wahlbergi,0.241875164393084,729.0,326.0,0.30944470811580443
Epomops dobsonii,0.226203316703112,684.0,371.0,0.3521594684385382
Eptesicus andinus,0.0392490006628775,55.0,1000.0,0.9492168960607499
Eptesicus bobrinskoi,0.248911575992179,747.0,308.0,0.292358803986711
Eptesicus bottae,0.245710871953162,737.0,318.0,0.30185097294731844
Eptesicus brasiliensis,0.0820965793053683,199.0,856.0,0.8125296630280019
Eptesicus chiriquinus,0.0388852552381743,54.0,1001.0,0.9501661129568106
Eptesicus diminutus,0.101521236376679,281.0,774.0,0.7346938775510204
Eptesicus dimissus,0.144784505788819,451.0,604.0,0.5733270052206929
Eptesicus floweri,0.172870942777048,551.0,504.0,0.47840531561461797
Eptesicus furinalis,0.137146923073419,407.0,648.0,0.615092548647366
Eptesicus fuscus,0.134001659279776,395.0,660.0,0.6264831514000949
Eptesicus gobiensis,0.266931675968515,787.0,268.0,0.25439012814428097
Eptesicus guadeloupensis,0.100480864020822,276.0,779.0,0.7394399620313241
Eptesicus hottentotus,0.14763308845023,456.0,599.0,0.5685809207403891
Eptesicus innoxius,0.0928112571019775,242.0,813.0,0.7717133364973896
Eptesicus japonensis,0.299574447285841,830.0,225.0,0.21357380161366873
Eptesicus kobayashii,0.0712781136138567,163.0,892.0,0.8467014712861889
Eptesicus matroka,0.132006206957341,389.0,666.0,0.6321784527764595
Eptesicus nasutus,0.175666500062477,561.0,494.0,0.46891314665401046
Eptesicus nilssonii,0.351946526251484,878.0,177.0,0.16801139060275272
Eptesicus pachyotis,0.157764042801594,496.0,559.0,0.5306122448979592
Eptesicus platyops,0.12546268961716,366.0,689.0,0.6540104413858566
Eptesicus serotinus,0.471591391811653,977.0,78.0,0.07403891789273849
Eptesicus tatei,0.252197829496714,755.0,300.0,0.28476506881822494
Erophylla bombifrons,0.0543487214170058,97.0,958.0,0.9093497864261983
Erophylla sezekorni,0.0664519609519252,141.0,914.0,0.8675842429995254
Euderma maculatum,0.15063104340828,467.0,588.0,0.5581395348837209
Eudiscopus denticulus,0.123159981444307,359.0,696.0,0.6606549596582819
Eumops auripendulus,0.128036635118764,373.0,682.0,0.6473659231134314
Eumops bonariensis,0.103169199340597,286.0,769.0,0.7299477930707167
Eumops dabbenei,0.134397185544898,397.0,658.0,0.6245847176079734
Eumops glaucinus,0.210218046799046,634.0,421.0,0.3996203132415757
Eumops hansae,0.0752046557124156,175.0,880.0,0.8353108685334599
Eumops maurus,0.135453877622675,401.0,654.0,0.6207878500237304
Eumops patagonicus,0.139705298987371,420.0,635.0,0.6027527289985761
Eumops perotis,0.095327738681366,255.0,800.0,0.7593735168485999
Eumops trumbulli,0.129536599660919,380.0,675.0,0.6407214048410061
Eumops underwoodi,0.137555880251361,408.0,647.0,0.6141433317513052
Falsistrellus affinis,0.253266615535615,759.0,296.0,0.280968201233982
Falsistrellus mackenziei,0.149543281739687,463.0,592.0,0.561936402467964
Falsistrellus mordax,0.11320250476994,319.0,736.0,0.6986236355007119
Falsistrellus petersi,0.0525639059256457,92.0,963.0,0.9140958709065021
Falsistrellus tasmaniensis,0.186267583233442,586.0,469.0,0.44518272425249167
Furipterus horrens,0.0877225296969943,230.0,825.0,0.7831039392501187
Glauconycteris alboguttata,0.0286322975234779,32.0,1023.0,0.9710488846701472
Glauconycteris argentata,0.0632579554958441,131.0,924.0,0.8770764119601329
Glauconycteris beatrix,0.0592224475393479,116.0,939.0,0.8913146654010441
Glauconycteris egeria,0.0791364351590051,188.0,867.0,0.8229710488846701
Glauconycteris gleni,0.0521474365543294,88.0,967.0,0.9178927384907452
Glauconycteris humeralis,0.0535440875061867,93.0,962.0,0.9131466540104414
Glauconycteris kenyacola,0.193156524162398,599.0,456.0,0.43284290460370195
Glauconycteris machadoi,0.140683999172969,427.0,628.0,0.5961082107261509
Glauconycteris poensis,0.0580220807834439,108.0,947.0,0.8989084005695301
Glauconycteris superba,0.0825832940324082,202.0,853.0,0.8096820123398196
Glauconycteris variegata,0.0741502964771892,170.0,885.0,0.8400569530137636
Glischropus javanus,0.0915741740448512,239.0,816.0,0.7745609871855719
Glischropus tylopus,0.0490075527884756,81.0,974.0,0.9245372567631703
Glossophaga commissarisi,0.0508792733477937,84.0,971.0,0.9216896060749882
Glossophaga leachii,0.0575461346159155,106.0,949.0,0.9008068343616517
Glossophaga longirostris,0.0624633648948035,128.0,927.0,0.8799240626483151
Glossophaga morenoi,0.0442930208777309,71.0,984.0,0.9340294257237779
Glossophaga soricina,0.156517860606888,491.0,564.0,0.5353583293782629
Glyphonycteris behnii,0.0605357188467528,119.0,936.0,0.8884670147128619
Glyphonycteris daviesi,0.085021221652728,215.0,840.0,0.7973421926910299
Glyphonycteris sylvestris,0.0362910802423893,47.0,1008.0,0.9568106312292359
Harpiocephalus harpia,0.0750129679474333,174.0,881.0,0.8362600854295207
Harpiocephalus mordax,0.0984065504141819,269.0,786.0,0.7460844803037494
Harpyionycteris celebensis,0.229708431330878,692.0,363.0,0.3445657332700522
Harpyionycteris whiteheadi,0.391244729136009,909.0,146.0,0.13858566682486947
Hesperoptenus blanfordi,0.0708225647459704,159.0,896.0,0.8504983388704319
Hesperoptenus doriae,0.0631578566788819,130.0,925.0,0.8780256288561936
Hesperoptenus gaskelli,0.0826085405350123,203.0,852.0,0.8087327954437589
Hesperoptenus tickelli,0.192437373959429,597.0,458.0,0.43474133839582346
Hesperoptenus tomesi,0.097790683029353,266.0,789.0,0.7489321309919317
Hipposideros abae,0.289242163623648,814.0,241.0,0.22876127195064072
Hipposideros ater,0.283312867008304,806.0,249.0,0.23635500711912671
Hipposideros beatus,0.247696720450395,744.0,311.0,0.2952064546748932
Hipposideros bicolor,0.325280520338393,864.0,191.0,0.18130042714760322
Hipposideros breviceps,0.30689068722688,841.0,214.0,0.20313241575700047
Hipposideros calcaratus,0.244275799498303,734.0,321.0,0.3046986236355007
Hipposideros camerunensis,0.256066861049156,763.0,292.0,0.27717133364973895
Hipposideros cervinus,0.234823160588211,713.0,342.0,0.3246321784527765
Hipposideros coronatus,0.28353841578864,807.0,248.0,0.23540579022306596
Hipposideros corynophyllus,0.256272161855736,764.0,291.0,0.2762221167536782
Hipposideros coxi,0.30294225059274,837.0,218.0,0.20692928334124347
Hipposideros crumeniferus,0.36343073084473,884.0,171.0,0.16231608922638824
Hipposideros curtus,0.26507060424679,784.0,271.0,0.25723777883246324
Hipposideros cyclops,0.228605124772938,689.0,366.0,0.34741338395823446
Hipposideros demissus,0.264748790653372,783.0,272.0,0.258186995728524
Hipposideros dinops,0.211858894639288,639.0,416.0,0.39487422876127193
Hipposideros doriae,0.222637902859905,674.0,381.0,0.3616516373991457
Hipposideros durgadasi,0.394293474451678,913.0,142.0,0.13478879924062648
Hipposideros dyacorum,0.22667293698204,685.0,370.0,0.3512102515424775
Hipposideros fuliginosus,0.249142779930472,748.0,307.0,0.29140958709065024
Hipposideros fulvus,0.403635976328044,919.0,136.0,0.129093497864262
Hipposideros galeritus,0.360346672583921,883.0,172.0,0.16326530612244897
Hipposideros gigas,0.229606320601035,691.0,364.0,0.34551495016611294
Hipposideros grandis,0.381113933509625,899.0,156.0,0.14807783578547698
Hipposideros halophyllus,0.290775931547385,818.0,237.0,0.22496440436639772
Hipposideros inexpectatus,0.208166249852884,632.0,423.0,0.4015187470336972
Hipposideros inornatus,0.2665886170163,786.0,269.0,0.2553393450403417
Hipposideros jonesi,0.268312047278067,791.0,264.0,0.25059326056003794
Hipposideros lamottei,0.32056764725284,861.0,194.0,0.1841480778357855
Hipposideros lankadiva,0.243055971068152,732.0,323.0,0.3065970574276222
Hipposideros lekaguli,0.246481489854422,740.0,315.0,0.29900332225913623
Hipposideros lylei,0.323014941523326,863.0,192.0,0.18224964404366398
Hipposideros macrobullatus,0.253019020779628,758.0,297.0,0.28191741813004273
Hipposideros maggietaylorae,0.261220953204853,773.0,282.0,0.26767916468913144
Hipposideros marisae,0.267479528463854,790.0,265.0,0.2515424774560987
Hipposideros megalotis,0.340980313751072,873.0,182.0,0.17275747508305647
Hipposideros muscinus,0.266581845938548,785.0,270.0,0.2562885619364025
Hipposideros nequam,0.328323069956322,866.0,189.0,0.17940199335548174
Hipposideros obscurus,0.300035185589918,832.0,223.0,0.21167536782154722
Hipposideros papua,0.317859241011885,857.0,198.0,0.1879449454200285
Hipposideros pelingensis,0.296877889269464,825.0,230.0,0.21831988609397246
Hipposideros pratti,0.438444684533607,943.0,112.0,0.10631229235880399
Hipposideros pygmaeus,0.26469861025034,782.0,273.0,0.2591362126245847
Hipposideros ridleyi,0.245513188488743,736.0,319.0,0.3028001898433792
Hipposideros ruber,0.39160844256425,911.0,144.0,0.136687233032748
Hipposideros semoni,0.299752172515875,831.0,224.0,0.21262458471760798
Hipposideros speoris,0.291046928589575,819.0,236.0,0.22401518747033697
Hipposideros stenotis,0.355893546323923,880.0,175.0,0.16611295681063123
Hipposideros sumbae,0.298479527212272,827.0,228.0,0.21642145230185098
Hipposideros thomensis,0.247175794296362,743.0,312.0,0.29615567157095396
Hipposideros turpis,0.288570308844671,813.0,242.0,0.22971048884670148
Hipposideros vittatus,0.262972553260552,780.0,275.0,0.2610346464167062
Hipposideros wollastoni,0.272176229605747,794.0,261.0,0.24774560987185573
Histiotus alienus,0.114174080681407,322.0,733.0,0.6957759848125297
Histiotus laephotis,0.169924849849632,538.0,517.0,0.4907451352634077
Histiotus macrotus,0.0952527151110052,254.0,801.0,0.7603227337446606
Histiotus magellanicus,0.106526972976682,293.0,762.0,0.7233032747982914
Histiotus montanus,0.0618642061460182,126.0,929.0,0.8818224964404366
Histiotus velatus,0.0947637003336706,252.0,803.0,0.7622211675367822
Hylonycteris underwoodi,0.0794017150511998,190.0,865.0,0.8210726150925487
Hypsugo alaschanicus,0.31037557462525,848.0,207.0,0.19648789748457524
Hypsugo anchietae,0.151948940885581,473.0,582.0,0.5524442335073564
Hypsugo anthonyi,0.140209168986688,423.0,632.0,0.599905078310394
Hypsugo arabicus,0.136650260171321,406.0,649.0,0.6160417655434267
Hypsugo ariel,0.201818580099502,620.0,435.0,0.4129093497864262
Hypsugo bodenheimeri,0.205925196585072,627.0,428.0,0.40626483151400095
Hypsugo cadornae,0.187972192101516,592.0,463.0,0.4394874228761272
Hypsugo crassulus,0.04595282091162,76.0,979.0,0.9292833412434741
Hypsugo eisentrauti,0.122336798759814,358.0,697.0,0.6616041765543427
Hypsugo imbricatus,0.0692392126684646,153.0,902.0,0.8561936402467963
Hypsugo joffrei,0.141867324111754,433.0,622.0,0.5904129093497864
Hypsugo kitcheneri,0.0935481669094241,246.0,809.0,0.7679164689131467
Hypsugo lophurus,0.0733894302560895,165.0,890.0,0.8448030374940674
Hypsugo macrotis,0.0639773305017746,135.0,920.0,0.8732795443758898
Hypsugo musciculus,0.030821599066748,38.0,1017.0,0.9653535832937826
Hypsugo pulveratus,0.266954672674377,789.0,266.0,0.25249169435215946
Hypsugo savii,0.386344593005907,903.0,152.0,0.14428096820123398
Hypsugo vordermanni,0.127678187220611,372.0,683.0,0.6483151400094922
Ia io,0.238311478566066,721.0,334.0,0.3170384432842905
Idionycteris phyllotis,0.12984400559403,382.0,673.0,0.6388229710488846
Kerivoula agnella,0.0738433063809484,169.0,886.0,0.8410061699098244
Kerivoula argentata,0.137908448451079,410.0,645.0,0.6122448979591837
Kerivoula cuprosa,0.0493313119058242,82.0,973.0,0.9235880398671097
Kerivoula eriophora,0.191841173730097,595.0,460.0,0.4366397721879449
Kerivoula flora,0.023539962938836,26.0,1029.0,0.9767441860465116
Kerivoula hardwickii,0.0922069793384674,240.0,815.0,0.7736117702895111
Kerivoula intermedia,0.0320681614316889,41.0,1014.0,0.9625059326056004
Kerivoula lanosa,0.0587052261151351,112.0,943.0,0.8951115329852871
Kerivoula lenis,0.0551305470881357,100.0,955.0,0.9065021357380162
Kerivoula minuta,0.0380240887250158,51.0,1004.0,0.9530137636449929
Kerivoula muscina,0.0363028376217526,48.0,1007.0,0.9558614143331752
Kerivoula myrella,0.0546117084784596,98.0,957.0,0.9084005695301376
Kerivoula papillosa,0.0433969957915818,68.0,987.0,0.9368770764119602
Kerivoula pellucida,0.0303571658314104,36.0,1019.0,0.9672520170859041
Kerivoula phalaena,0.0589212435684433,114.0,941.0,0.8932130991931656
Kerivoula picta,0.0976078621903183,263.0,792.0,0.751779781680114
Kerivoula smithii,0.0537130653570019,94.0,961.0,0.9121974371143806
Kerivoula whiteheadi,0.0409663226300192,62.0,993.0,0.9425723777883246
Laephotis angolensis,0.119395780519799,342.0,713.0,0.6767916468913147
Laephotis botswanae,0.138218457905093,412.0,643.0,0.6103464641670622
Laephotis namibensis,0.150131416257589,465.0,590.0,0.5600379686758424
Laephotis wintoni,0.139683697405894,419.0,636.0,0.6037019458946369
Lampronycteris brachyotis,0.0386548374873222,52.0,1003.0,0.9520645467489322
Lasionycteris noctivagans,0.27667300432699,798.0,257.0,0.2439487422876127
Lasiurus blossevillii,0.0853730643368161,217.0,838.0,0.7954437588989084
Lasiurus borealis,0.0567609520533826,104.0,951.0,0.9027052681537732
Lasiurus castaneus,-0.0016639391144703,4.0,1051.0,0.9976269577598481
Lasiurus cinereus,0.163474384177089,513.0,542.0,0.5144755576649265
Lasiurus degelidus,0.0103201065072976,13.0,1042.0,0.9890840056953014
Lasiurus ega,0.0869006266052813,224.0,831.0,0.7887992406264831
Lasiurus egregius,0.0178398404045617,21.0,1034.0,0.9814902705268154
Lasiurus insularis,0.0168449282723725,18.0,1037.0,0.9843379212149976
Lasiurus intermedius,0.0857027807768821,219.0,836.0,0.7935453251067869
Lasiurus minor,-0.0063158999450434,3.0,1052.0,0.9985761746559089
Lasiurus pfeifferi,0.0111152790641976,14.0,1041.0,0.9881347887992407
Lasiurus salinae,-0.0171228925924104,1.5,1053.5,1.0
Lasiurus seminolus,0.116935419949064,335.0,720.0,0.68343616516374
Lasiurus varius,-0.0171228925924104,1.5,1053.5,1.0
Lasiurus xanthinus,0.117779023898112,337.0,718.0,0.6815377313716184
Latidens salimalii,0.364640803644492,888.0,167.0,0.15851922164214524
Lavia frons,0.269611134883447,792.0,263.0,0.24964404366397722
Leptonycteris curasoae,0.0580187664163665,107.0,948.0,0.8998576174655909
Leptonycteris nivalis,0.074628575711336,171.0,884.0,0.8391077361177028
Leptonycteris yerbabuenae,0.110234487502976,306.0,749.0,0.7109634551495017
Lichonycteris obscura,0.0445355350743659,72.0,983.0,0.9330802088277171
Lionycteris spurrelli,0.0298973958917481,34.0,1021.0,0.9691504508780256
Lonchophylla bokermanni,0.0661883016907266,140.0,915.0,0.8685334598955862
Lonchophylla dekeyseri,0.069095028050771,151.0,904.0,0.8580920740389179
Lonchophylla handleyi,0.0959006895905726,258.0,797.0,0.7565258661604176
Lonchophylla hesperia,0.0769781280895963,181.0,874.0,0.8296155671570954
Lonchophylla mordax,0.0868226093971134,223.0,832.0,0.7897484575225439
Lonchophylla robusta,0.0785136992551362,184.0,871.0,0.8267679164689131
Lonchophylla thomasi,0.067654006503436,146.0,909.0,0.8628381585192216
Lonchorhina aurita,0.110282470773945,307.0,748.0,0.7100142382534409
Lonchorhina fernandezi,0.0555999860290822,101.0,954.0,0.9055529188419554
Lonchorhina marinkellei,0.0635403254499024,132.0,923.0,0.8761271950640721
Lonchorhina orinocensis,0.0180832984396552,22.0,1033.0,0.9805410536307546
Lophostoma brasiliense,0.0620652748567511,127.0,928.0,0.8808732795443759
Lophostoma carrikeri,0.0584726819637881,110.0,945.0,0.8970099667774086
Lophostoma evotis,0.0307291149593704,37.0,1018.0,0.9663028001898434
Lophostoma schulzi,0.0395075540921574,57.0,998.0,0.9473184622686284
Lophostoma silvicolum,0.0515505519274983,87.0,968.0,0.9188419553868059
Macroderma gigas,0.172791749065778,550.0,505.0,0.47935453251067867
Macroglossus sobrinus,0.277215000729692,799.0,256.0,0.24299952539155198
Macrophyllum macrophyllum,0.0294423709546815,33.0,1022.0,0.9700996677740864
Macrotus californicus,0.088773581994582,232.0,823.0,0.7812055054579972
Macrotus waterhousii,0.0976117269987331,264.0,791.0,0.7508305647840532
Megaderma lyra,0.248761526652098,746.0,309.0,0.2933080208827717
Megaderma spasma,0.297997748459609,826.0,229.0,0.21737066919791173
Megaerops ecaudatus,0.403124400241836,918.0,137.0,0.13004271476032273
Megaerops kusnotoi,0.384875245907185,901.0,154.0,0.1461794019933555
Megaerops niphanae,0.458803238210407,963.0,92.0,0.08732795443758899
Megaerops wetmorei,0.387313276172348,905.0,150.0,0.14238253440911247
Megaloglossus woermanni,0.453685411071741,960.0,95.0,0.09017560512577123
Melonycteris melanops,0.363552318571563,885.0,170.0,0.16136687233032748
Melonycteris woodfordi,0.314871813824524,853.0,202.0,0.19174181300427148
Mesophylla macconnelli,0.0584029301703982,109.0,946.0,0.8979591836734694
Micronycteris hirsuta,0.0418035088977547,64.0,991.0,0.9406739439962032
Micronycteris homezi,0.0422337815725024,66.0,989.0,0.9387755102040817
Micronycteris megalotis,0.0269475878764654,30.0,1025.0,0.9729473184622687
Micronycteris microtis,0.0601350339491048,118.0,937.0,0.8894162316089227
Micronycteris minuta,0.0421337753887245,65.0,990.0,0.9397247271001424
Micronycteris schmidtorum,0.0337099740778021,43.0,1012.0,0.9606074988134788
Micropteropus intermedius,0.439859748872057,944.0,111.0,0.10536307546274323
Mimetillus moloneyi,0.0585545543053319,111.0,944.0,0.8960607498813479
Mimon bennettii,0.052217347403644,90.0,965.0,0.9159943046986236
Mimon cozumelae,0.0847181323311516,214.0,841.0,0.7982914095870907
Mimon crenulatum,0.0386605848783541,53.0,1002.0,0.9511153298528714
Mimon koepckeae,0.044943435511663,74.0,981.0,0.9311817750355956
Miniopterus africanus,0.170275832887281,540.0,515.0,0.48884670147128617
Miniopterus fraterculus,0.232041218205592,701.0,354.0,0.33602278120550544
Miniopterus fuscus,0.313364810079191,851.0,204.0,0.19364024679639297
Miniopterus macrocneme,0.121373271801426,351.0,704.0,0.668248694826768
Miniopterus magnater,0.112664096363926,316.0,739.0,0.7014712861888942
Miniopterus majori,0.139156629332281,417.0,638.0,0.6056003796867584
Miniopterus manavi,0.120220996648251,346.0,709.0,0.6729947793070716
Miniopterus medius,0.114752794336761,325.0,730.0,0.6929283341243474
Miniopterus minor,0.147437128725294,455.0,600.0,0.5695301376364499
Miniopterus natalensis,0.204951204806043,626.0,429.0,0.4072140484100617
Miniopterus paululus,0.0915599685476791,238.0,817.0,0.7755102040816326
Miniopterus robustior,0.142587124635042,437.0,618.0,0.5866160417655434
Miniopterus shortridgei,0.112390479121475,315.0,740.0,0.702420503084955
Molossops aequatorianus,0.117941371018517,338.0,717.0,0.6805885144755577
Molossops mattogrossensis,0.10708116921022,295.0,760.0,0.7214048410061699
Molossops neglectus,0.067407463895691,144.0,911.0,0.8647365923113431
Molossops temminckii,0.121895598046864,353.0,702.0,0.6663502610346465
Molossus aztecus,0.148337415405526,458.0,597.0,0.5666824869482677
Molossus barnesi,0.11993016886513,345.0,710.0,0.6739439962031324
Molossus coibensis,0.092990011613676,243.0,812.0,0.770764119601329
Molossus currentium,0.0954504874352016,256.0,799.0,0.7584242999525391
Molossus molossus,0.246865688401567,741.0,314.0,0.29805410536307547
Molossus pretiosus,0.115962109539348,329.0,726.0,0.6891314665401044
Molossus rufus,0.143057617623619,443.0,612.0,0.580920740389179
Molossus sinaloae,0.124666497349482,362.0,693.0,0.6578073089700996
Monophyllus plethodon,0.0402937223515523,61.0,994.0,0.9435215946843853
Monophyllus redmani,0.0637189641908243,134.0,921.0,0.8742287612719506
Mops brachypterus,0.140811505164324,428.0,627.0,0.5951589938300902
Mops congicus,0.176379497289869,562.0,493.0,0.4679639297579497
Mops demonstrator,0.276449202545642,797.0,258.0,0.24489795918367346
Mops leucostigma,0.151276485185226,469.0,586.0,0.5562411010915994
Mops midas,0.252616855051582,757.0,298.0,0.2828666350261035
Mops mops,0.183005205499176,576.0,479.0,0.4546748932130992
Mops nanulus,0.144424574538553,449.0,606.0,0.5752254390128144
Mops niangarae,0.180393244057215,572.0,483.0,0.4584717607973422
Mops niveiventer,0.189740117331398,594.0,461.0,0.4375889890840057
Mops petersoni,0.142821085502756,440.0,615.0,0.5837683910773612
Mops sarasinorum,0.183588280618571,578.0,477.0,0.4527764594209777
Mops spurrelli,0.17660563271569,564.0,491.0,0.4660654959658282
Mops thersites,0.165063852540885,521.0,534.0,0.5068818224964404
Mops trevori,0.160203260217671,506.0,549.0,0.5211200759373517
Mormoops blainvillei,0.120565506049304,348.0,707.0,0.6710963455149501
Mormoops megalophylla,0.128983100468204,378.0,677.0,0.6426198386331277
Mormopterus acetabulosus,0.189340327170616,593.0,462.0,0.43853820598006643
Mormopterus beccarii,0.230521674729268,695.0,360.0,0.34171808258187
Mormopterus doriae,0.130304324000973,386.0,669.0,0.6350261034646417
Mormopterus jugularis,0.15755727809515,494.0,561.0,0.5325106786900807
Mormopterus kalinowskii,0.207744367096415,631.0,424.0,0.402467963929758
Mormopterus loriae,0.210574210841731,635.0,420.0,0.39867109634551495
Mormopterus minutus,0.164733074507255,518.0,537.0,0.5097294731846227
Mormopterus norfolkensis,0.248252323740182,745.0,310.0,0.29425723777883245
Mormopterus phrudus,0.139961735290465,422.0,633.0,0.6008542952064547
Mormopterus planiceps,0.211815955850613,638.0,417.0,0.3958234456573327
Mosia nigrescens,0.0823549476823044,201.0,854.0,0.8106312292358804
Murina aenea,0.0184362282396203,23.0,1032.0,0.9795918367346939
Murina aurata,0.172305397515232,547.0,508.0,0.48220218319886093
Murina cyclotis,0.2068783345375,630.0,425.0,0.4034171808258187
Murina florium,0.002335859645378,6.0,1049.0,0.9957285239677266
Murina fusca,0.222818996727292,676.0,379.0,0.35975320360702423
Murina grisea,0.140312533968932,425.0,630.0,0.5980066445182725
Murina hilgendorfi,0.224798631237357,681.0,374.0,0.35500711912672045
Murina huttoni,0.218825523601171,658.0,397.0,0.37683910773611773
Murina leucogaster,0.218782032166512,657.0,398.0,0.37778832463217843
Murina puta,0.156405147578946,490.0,565.0,0.5363075462743236
Murina rozendaali,0.0189265031602299,24.0,1031.0,0.9786426198386331
Murina silvatica,0.222498649526178,673.0,382.0,0.36260085429520644
Murina suilla,0.0139390857199331,16.0,1039.0,0.9862363550071191
Murina tenebrosa,0.228319207895999,688.0,367.0,0.3483626008542952
Murina tubinaris,0.164668737349555,517.0,538.0,0.5106786900806835
Murina ussuriensis,0.233289454939138,706.0,349.0,0.3312766967252017
Musonycteris harrisoni,0.0472539525841191,78.0,977.0,0.9273849074513526
Myonycteris brachycephala,0.415898999607594,927.0,128.0,0.12149976269577599
Myonycteris relicta,0.467616053934798,971.0,84.0,0.07973421926910298
Myopterus daubentonii,0.182581934286596,574.0,481.0,0.4565733270052207
Myopterus whitleyi,0.115129329680744,327.0,728.0,0.6910299003322259
Myotis abei,0.200597456668437,617.0,438.0,0.41575700047460845
Myotis adversus,0.0704348646396076,157.0,898.0,0.8523967726625534
Myotis aelleni,0.106199741929203,291.0,764.0,0.7252017085904129
Myotis albescens,0.0258125166567429,29.0,1026.0,0.9738965353583294
Myotis altarium,0.281474167316919,805.0,250.0,0.23730422401518747
Myotis anjouanensis,0.150592921315607,466.0,589.0,0.5590887517797817
Myotis annectans,0.133257087590135,392.0,663.0,0.6293308020882772
Myotis atacamensis,0.0863443153009016,222.0,833.0,0.7906976744186046
Myotis ater,0.0048749488155393,9.0,1046.0,0.9928808732795443
Myotis auriculus,0.0642581135511367,136.0,919.0,0.8723303274798292
Myotis australis,0.003338954973822,8.0,1047.0,0.9938300901756051
Myotis austroriparius,0.157030048513715,493.0,562.0,0.5334598955861415
Myotis bechsteinii,0.242591735354189,731.0,324.0,0.307546274323683
Myotis blythii,0.170204696909338,539.0,516.0,0.4897959183673469
Myotis bocagii,0.027489989231564,31.0,1024.0,0.9719981015662079
Myotis bombinus,0.21348514067666,644.0,411.0,0.3901281442809682
Myotis brandtii,0.234734401654069,712.0,343.0,0.32558139534883723
Myotis bucharensis,0.0452779264616194,75.0,980.0,0.9302325581395349
Myotis californicus,0.0712025540534861,162.0,893.0,0.8476506881822496
Myotis capaccinii,0.194795066379371,602.0,453.0,0.4299952539155197
Myotis chiloensis,0.0896736445974994,234.0,821.0,0.7793070716658757
Myotis ciliolabrum,0.0393510624961219,56.0,999.0,0.9482676791646891
Myotis cobanensis,0.0318202745225762,40.0,1015.0,0.9634551495016611
Myotis dasycneme,0.280136994768181,802.0,253.0,0.2401518747033697
Myotis dominicensis,0.0299899647312134,35.0,1020.0,0.9682012339819649
Myotis elegans,0.0163458562539471,17.0,1038.0,0.9852871381110584
Myotis emarginatus,0.270306352129959,793.0,262.0,0.24869482676791646
Myotis evotis,0.0822964291834353,200.0,855.0,0.8115804461319411
Myotis findleyi,0.0438154598438822,70.0,985.0,0.9349786426198387
Myotis formosus,0.193310432341828,600.0,455.0,0.4318936877076412
Myotis fortidens,0.0360473032613854,46.0,1009.0,0.9577598481252966
Myotis frater,0.185599858142248,584.0,471.0,0.4470811580446132
Myotis goudoti,0.0674239072870282,145.0,910.0,0.8637873754152824
Myotis grisescens,0.12201481695585,355.0,700.0,0.6644518272425249
Myotis hajastanicus,0.210667345314513,637.0,418.0,0.39677266255339344
Myotis hasseltii,0.0169253012919197,19.0,1036.0,0.9833887043189369
Myotis hermani,0.0689640381229522,150.0,905.0,0.8590412909349786
Myotis horsfieldii,0.0507916575373202,83.0,972.0,0.9226388229710489
Myotis hosonoi,0.219322145037186,659.0,396.0,0.375889890840057
Myotis ikonnikovi,0.226077299563047,683.0,372.0,0.35310868533459894
Myotis insularum,0.0201138567622849,25.0,1030.0,0.9776934029425723
Myotis keaysi,0.0170903206574802,20.0,1035.0,0.9824394874228761
Myotis keenii,0.11076587859677,309.0,746.0,0.7081158044613194
Myotis laniger,0.18742071985419,590.0,465.0,0.4413858566682487
Myotis leibii,0.0710450148887195,160.0,895.0,0.8495491219743712
Myotis levis,0.117495408070716,336.0,719.0,0.6824869482676792
Myotis longipes,0.1740031763846,558.0,497.0,0.4717607973421927
Myotis lucifugus,0.0998113140458498,274.0,781.0,0.7413383958234456
Myotis macrodactylus,0.185516894833739,583.0,472.0,0.44803037494067394
Myotis macropus,0.153885184755469,480.0,575.0,0.5457997152349312
Myotis macrotarsus,0.048700209916724,80.0,975.0,0.9254864736592311
Myotis martiniquensis,0.0447366909367426,73.0,982.0,0.9321309919316564
Myotis melanorhinus,0.120840476531947,349.0,706.0,0.6701471286188894
Myotis moluccarum,0.0251622441553513,28.0,1027.0,0.9748457522543901
Myotis montivagus,0.134657630539822,398.0,657.0,0.6236355007119126
Myotis morrisi,0.0617210625647899,125.0,930.0,0.8827717133364974
Myotis muricola,0.0888864984047226,233.0,822.0,0.7802562885619364
Myotis myotis,0.212075473555539,641.0,414.0,0.39297579496915047
Myotis mystacinus,0.177297382970295,566.0,489.0,0.4641670621737067
Myotis nattereri,0.237664911240654,719.0,336.0,0.31893687707641194
Myotis nesopolus,0.0436424811517582,69.0,986.0,0.9359278595158994
Myotis nigricans,0.0749843214097418,173.0,882.0,0.8372093023255814
Myotis nipalensis,0.0402723825422612,60.0,995.0,0.9444708115804461
Myotis occultus,0.0078763840665016,10.0,1045.0,0.9919316563834836
Myotis oreias,0.0811281650519582,196.0,859.0,0.8153773137161842
Myotis oxygnathus,0.206607072366332,629.0,426.0,0.40436639772187943
Myotis oxyotus,0.0094296915775148,12.0,1043.0,0.9900332225913622
Myotis ozensis,0.214929696640739,647.0,408.0,0.38728049359278593
Myotis peninsularis,0.0898226848761858,235.0,820.0,0.7783578547698149
Myotis pequinius,0.2412084612299,726.0,329.0,0.3122923588039867
Myotis planiceps,0.0901437139146249,236.0,819.0,0.7774086378737541
Myotis pruinosus,0.216246820173154,649.0,406.0,0.3853820598006645
Myotis punicus,0.173009989126165,552.0,503.0,0.4774560987185572
Myotis ridleyi,0.012528806023888,15.0,1040.0,0.9871855719031799
Myotis riparius,0.0244662367037615,27.0,1028.0,0.9757949691504508
Myotis rosseti,0.0626022971820683,129.0,926.0,0.8789748457522544
Myotis ruber,0.0401071722219151,58.0,997.0,0.9463692453725676
Myotis schaubi,0.195140100700287,603.0,452.0,0.4290460370194589
Myotis scotti,0.154804502341426,483.0,572.0,0.5429520645467489
Myotis septentrionalis,0.167356142913178,531.0,524.0,0.4973896535358329
Myotis sicarius,0.206488760542252,628.0,427.0,0.4053156146179402
Myotis siligorensis,0.0802509797737951,193.0,862.0,0.8182249644043664
Myotis simus,0.0022058281780389,5.0,1050.0,0.9966777408637874
Myotis sodalis,0.125367173163779,365.0,690.0,0.6549596582819174
Myotis stalkeri,0.104541568554316,288.0,767.0,0.7280493592785952
Myotis thysanodes,0.0840879490925397,210.0,845.0,0.8020882771713337
Myotis tricolor,0.169415994683068,535.0,520.0,0.49359278595158995
Myotis velifer,0.222109704739619,672.0,383.0,0.3635500711912672
Myotis vivesi,0.130115688786522,384.0,671.0,0.6369245372567631
Myotis volans,0.152140401186663,474.0,581.0,0.5514950166112956
Myotis welwitschii,0.0947340178267262,251.0,804.0,0.7631703844328429
Myotis yesoensis,0.213033680682407,642.0,413.0,0.3920265780730897
Myotis yumanensis,0.101159113549329,278.0,777.0,0.7375415282392026
Mystacina tuberculata,0.145302874445784,452.0,603.0,0.5723777883246322
Myzopoda aurita,0.080404718757782,194.0,861.0,0.8172757475083057
Natalus jamaicensis,0.0980032291659783,267.0,788.0,0.7479829140958709
Natalus major,0.108524122672702,301.0,754.0,0.7157095396298054
Natalus primus,0.119853470100182,343.0,712.0,0.6758424299952539
Natalus stramineus,0.0935452089009058,245.0,810.0,0.7688656858092074
Natalus tumidirostris,0.060986297679749,121.0,934.0,0.8865685809207404
Neonycteris pusilla,0.0365670140506849,49.0,1006.0,0.9549121974371144
Neopteryx frosti,0.183571236503366,577.0,478.0,0.4537256763170384
Neoromicia brunneus,0.0788718017280348,186.0,869.0,0.8248694826767916
Neoromicia capensis,0.328259722962298,865.0,190.0,0.18035121025154247
Neoromicia flavescens,0.173475961222719,554.0,501.0,0.4755576649264357
Neoromicia guineensis,0.227399559885768,687.0,368.0,0.34931181775035597
Neoromicia helios,0.182399777362556,573.0,482.0,0.45752254390128144
Neoromicia melckorum,0.247034989986811,742.0,313.0,0.2971048884670147
Neoromicia nanus,0.198635436209608,611.0,444.0,0.42145230185097293
Neoromicia rendalli,0.186095571252784,585.0,470.0,0.4461319411485524
Neoromicia somalicus,0.238312620774194,722.0,333.0,0.3160892263882297
Neoromicia tenuipinnis,0.199721731421049,614.0,441.0,0.4186046511627907
Neoromicia zuluensis,0.165291134211588,523.0,532.0,0.5049833887043189
Noctilio albiventris,0.125950602206299,368.0,687.0,0.6521120075937352
Noctilio leporinus,0.114452349000014,323.0,732.0,0.6948267679164689
Notopteris macdonaldi,0.300064699424566,833.0,222.0,0.21072615092548647
Notopteris neocaledonica,0.186469828960378,588.0,467.0,0.4432842904603702
Nyctalus aviator,0.256588910688457,765.0,290.0,0.2752728998576175
Nyctalus azoreum,0.232718245244217,705.0,350.0,0.33222591362126247
Nyctalus furvus,0.231237242054109,696.0,359.0,0.3407688656858092
Nyctalus lasiopterus,0.218434872477978,655.0,400.0,0.37968675842429994
Nyctalus leisleri,0.27609464700036,796.0,259.0,0.24584717607973422
Nyctalus montanus,0.231616252815441,698.0,357.0,0.3388704318936877
Nyctalus noctula,0.420552500541698,928.0,127.0,0.12055054579971523
Nyctalus plancyi,0.241814729366275,728.0,327.0,0.3103939250118652
Nycteris arge,0.103592943302596,287.0,768.0,0.7289985761746559
Nycteris aurita,0.173592769799957,555.0,500.0,0.47460844803037494
Nycteris gambiensis,0.098697115585223,270.0,785.0,0.7451352634076887
Nycteris grandis,0.162991594537993,512.0,543.0,0.5154247745609872
Nycteris intermedia,0.0789883744208704,187.0,868.0,0.8239202657807309
Nycteris javanica,0.16480929966667,519.0,536.0,0.5087802562885619
Nycteris macrotis,0.170666502943983,541.0,514.0,0.4878974845752254
Nycteris madagascariensis,0.111894562159224,313.0,742.0,0.7043189368770764
Nycteris major,0.0976483603885435,265.0,790.0,0.7498813478879924
Nycteris nana,0.0873976825405137,228.0,827.0,0.7850023730422402
Nycteris parisii,0.220239454518311,663.0,392.0,0.37209302325581395
Nycteris thebaica,0.172451928968748,549.0,506.0,0.4803037494067394
Nycteris tragata,0.1433941689988,445.0,610.0,0.5790223065970574
Nycteris vinsoni,0.135637481691184,402.0,653.0,0.6198386331276696
Nycteris woodi,0.175557646461479,560.0,495.0,0.4698623635500712
Nycticeinops schlieffeni,0.230011291921355,694.0,361.0,0.34266729947793073
Nycticeius aenobarbus,0.0088264290890318,11.0,1044.0,0.9909824394874229
Nycticeius cubanus,0.06914228779854,152.0,903.0,0.8571428571428571
Nycticeius humeralis,0.204246455886734,625.0,430.0,0.40816326530612246
Nyctiellus lepidus,0.12163412665192,352.0,703.0,0.6672994779307072
Nyctimene aello,0.412670729145639,924.0,131.0,0.12434741338395823
Nyctimene albiventer,0.346618476163967,875.0,180.0,0.170859041290935
Nyctimene cephalotes,0.391429874645962,910.0,145.0,0.13763644992880875
Nyctimene certans,0.372424814539569,892.0,163.0,0.15472235405790222
Nyctimene cyclotis,0.376690534019753,896.0,159.0,0.15092548647365922
Nyctimene draconilla,0.410224145619496,922.0,133.0,0.12624584717607973
Nyctimene major,0.234706876080115,711.0,344.0,0.32653061224489793
Nyctimene malaitensis,0.262942670701272,779.0,276.0,0.26198386331276696
Nyctimene masalai,0.407753923488482,921.0,134.0,0.12719506407214048
Nyctimene minutus,0.370088272930076,891.0,164.0,0.15567157095396297
Nyctimene rabori,0.292578572786551,820.0,235.0,0.2230659705742762
Nyctimene robinsoni,0.281337907404048,803.0,252.0,0.23920265780730898
Nyctimene vizcaccia,0.36463108703956,887.0,168.0,0.15946843853820597
Nyctinomops aurispinosus,0.128950672865284,377.0,678.0,0.6435690555291884
Nyctinomops femorosaccus,0.262810780012609,776.0,279.0,0.26483151400094923
Nyctinomops laticaudatus,0.242183758253279,730.0,325.0,0.30849549121974373
Nyctinomops macrotis,0.161862843602028,508.0,547.0,0.5192216421452301
Nyctophilus arnhemensis,0.15076876726717,468.0,587.0,0.5571903179876602
Nyctophilus bifax,0.192097350327961,596.0,459.0,0.4356905552918842
Nyctophilus geoffroyi,0.208488222985921,633.0,422.0,0.40056953013763646
Nyctophilus gouldi,0.302197838373078,835.0,220.0,0.20882771713336498
Nyctophilus heran,0.139333564623569,418.0,637.0,0.6046511627906976
Nyctophilus microdon,0.0737742471260912,168.0,887.0,0.8419553868058851
Nyctophilus microtis,0.0313522081330126,39.0,1016.0,0.9644043663977219
Nyctophilus timoriensis,0.179957199818967,571.0,484.0,0.45942097769340295
Nyctophilus walkeri,0.135328623914823,400.0,655.0,0.6217370669197911
Otomops formosus,0.166658278095468,530.0,525.0,0.4983388704318937
Otomops madagascariensis,0.147917631342203,457.0,598.0,0.5676317038443285
Otomops martiensseni,0.120948215761127,350.0,705.0,0.6691979117228287
Otomops papuensis,0.15346474722644,479.0,576.0,0.546748932130992
Otomops secundus,0.131448922467429,387.0,668.0,0.634076886568581
Otomops wroughtoni,0.22106066745275,667.0,388.0,0.368296155671571
Otonycteris hemprichii,0.232364061665431,703.0,352.0,0.334124347413384
Otopteropus cartilagonodus,0.296386441201271,824.0,231.0,0.21926910299003322
Paracoelops megalotis,0.389435238516997,906.0,149.0,0.14143331751305174
Paranyctimene raptor,0.322485790398336,862.0,193.0,0.18319886093972473
Penthetor lucasi,0.39983232299583,917.0,138.0,0.13099193165638348
Peropteryx kappleri,0.0645131708266312,138.0,917.0,0.8704318936877077
Peropteryx leucoptera,0.0711230595380002,161.0,894.0,0.8485999050783104
Peropteryx macrotis,0.0853171867628895,216.0,839.0,0.7963929757949691
Peropteryx trinitatis,0.0869297904677468,225.0,830.0,0.7878500237304225
Pharotis imogene,0.0922540741712798,241.0,814.0,0.7726625533934504
Philetor brachypterus,0.0432248748881311,67.0,988.0,0.9378262933080209
Phoniscus aerosa,0.0336957349594129,42.0,1013.0,0.9615567157095396
Phoniscus atrox,0.034863804107028,45.0,1010.0,0.9587090650213573
Phoniscus jagorii,0.0341245088073542,44.0,1011.0,0.9596582819174181
Phoniscus papuensis,0.0856300078457801,218.0,837.0,0.7944945420028476
Phylloderma stenops,0.1563054827152,489.0,566.0,0.5372567631703844
Phyllonycteris aphylla,0.0656412816407799,139.0,916.0,0.8694826767916469
Phyllonycteris poeyi,0.0551191123077265,99.0,956.0,0.9074513526340768
Phyllops falcatus,0.0616232757174954,124.0,931.0,0.8837209302325582
Phyllostomus discolor,0.165193385380339,522.0,533.0,0.5059326056003797
Phyllostomus elongatus,0.142075151259143,434.0,621.0,0.5894636924537257
Phyllostomus hastatus,0.108041626327388,298.0,757.0,0.7185571903179877
Phyllostomus latifolius,0.165404129235454,524.0,531.0,0.5040341718082582
Pipistrellus abramus,0.450642390476397,956.0,99.0,0.09397247271001424
Pipistrellus adamsi,0.198560391713949,610.0,445.0,0.4224015187470337
Pipistrellus aero,0.229932400707589,693.0,362.0,0.34361651637399143
Pipistrellus angulatus,0.110328112362796,308.0,747.0,0.7090650213573801
Pipistrellus ceylonicus,0.357602275060843,882.0,173.0,0.16421452301850972
Pipistrellus collinus,0.114110897450747,321.0,734.0,0.6967252017085904
Pipistrellus coromandra,0.289686165670427,816.0,239.0,0.2268628381585192
Pipistrellus deserti,0.233578505780988,708.0,347.0,0.3293782629330802
Pipistrellus endoi,0.329820838195878,868.0,187.0,0.17750355956336022
Pipistrellus hesperidus,0.375140475555045,894.0,161.0,0.15282392026578073
Pipistrellus hesperus,0.157675179265643,495.0,560.0,0.53156146179402
Pipistrellus inexspectatus,0.160157843424752,505.0,550.0,0.5220692928334124
Pipistrellus kuhlii,0.436752749655901,940.0,115.0,0.10915994304698623
Pipistrellus maderensis,0.312393964783177,849.0,206.0,0.19553868058851448
Pipistrellus minahassae,0.158010311750265,498.0,557.0,0.5287138111058377
Pipistrellus nanulus,0.171617314380998,546.0,509.0,0.4831514000949217
Pipistrellus nathusii,0.429554975055694,933.0,122.0,0.11580446131941148
Pipistrellus papuanus,0.118555527569879,340.0,715.0,0.6786900806834362
Pipistrellus paterculus,0.313418679705879,852.0,203.0,0.19269102990033224
Pipistrellus permixtus,0.218658998915033,656.0,399.0,0.3787375415282392
Pipistrellus pygmaeus,0.430802066838826,936.0,119.0,0.11295681063122924
Pipistrellus rueppellii,0.249522976886878,751.0,304.0,0.28856193640246797
Pipistrellus rusticus,0.292720161232992,821.0,234.0,0.22211675367821548
Pipistrellus stenopterus,0.0837732973979082,209.0,846.0,0.8030374940673944
Pipistrellus subflavus,0.220683509493822,665.0,390.0,0.37019458946369244
Pipistrellus tenuis,0.219830108378269,661.0,394.0,0.37399145704793546
Pipistrellus wattsi,0.176856910258377,565.0,490.0,0.46511627906976744
Pipistrellus westralis,0.216099807889698,648.0,407.0,0.3863312766967252
Platalina genovensium,0.0540080514722331,95.0,960.0,0.9112482202183199
Platymops setiger,0.15340608950726,478.0,577.0,0.5476981490270527
Platyrrhinus aurarius,0.125996300604713,369.0,686.0,0.6511627906976745
Platyrrhinus brachycephalus,0.058830822614232,113.0,942.0,0.8941623160892264
Platyrrhinus chocoensis,0.0937310273839292,248.0,807.0,0.7660180351210252
Platyrrhinus dorsalis,0.119320243183456,341.0,714.0,0.6777408637873754
Platyrrhinus helleri,0.0558437025876407,103.0,952.0,0.9036544850498339
Platyrrhinus infuscus,0.143478754084094,446.0,609.0,0.5780730897009967
Platyrrhinus lineatus,0.151661723530037,471.0,584.0,0.5543426672994779
Platyrrhinus recifinus,0.0704604466974093,158.0,897.0,0.8514475557664927
Platyrrhinus umbratus,0.10240923792649,283.0,772.0,0.7327954437588989
Platyrrhinus vittatus,0.148366907438607,459.0,596.0,0.565733270052207
Plecotus auritus,0.204061957334779,624.0,431.0,0.4091124822021832
Plecotus austriacus,0.231993007260324,700.0,355.0,0.3369719981015662
Plecotus kolombatovici,0.0025137929906717,7.0,1048.0,0.9947793070716658
Plecotus taivanus,0.19619217440211,606.0,449.0,0.4261983863312767
Plecotus teneriffae,0.176565260440948,563.0,492.0,0.46701471286188895
Plerotes anchietae,0.337835590798828,871.0,184.0,0.17465590887517798
Promops centralis,0.113031020721226,318.0,737.0,0.6995728523967727
Promops nasutus,0.133260638878613,393.0,662.0,0.6283815851922164
Ptenochirus minor,0.449133696289204,955.0,100.0,0.09492168960607499
Pteralopex acrodonta,0.170668553521386,542.0,513.0,0.4869482676791647
Pteralopex anceps,0.286669059768052,810.0,245.0,0.23255813953488372
Pteralopex atrata,0.25809538027722,771.0,284.0,0.26957759848125296
Pteralopex pulchra,0.151781322171389,472.0,583.0,0.5533934504034171
Pteronotus davyi,0.245179196314573,735.0,320.0,0.30374940673943995
Pteronotus gymnonotus,0.15795470602823,497.0,558.0,0.5296630280018985
Pteronotus macleayii,0.199162959273985,613.0,442.0,0.4195538680588514
Pteronotus parnellii,0.460798672181219,967.0,88.0,0.083531086853346
Pteronotus personatus,0.15902712984463,503.0,552.0,0.5239677266255339
Pteronotus quadridens,0.175037896428035,559.0,496.0,0.4708115804461319
Pteropus admiralitatum,0.0973649886952032,262.0,793.0,0.7527289985761747
Pteropus aldabrensis,0.234852779996872,714.0,341.0,0.3236829615567157
Pteropus alecto,0.367892480563531,889.0,166.0,0.15757000474608449
Pteropus anetianus,0.213644920049001,646.0,409.0,0.3882297104888467
Pteropus aruensis,0.239004027067976,724.0,331.0,0.3141907925961082
Pteropus caniceps,0.257233367949522,766.0,289.0,0.27432368296155674
Pteropus capistratus,0.102952303195321,285.0,770.0,0.7308970099667774
Pteropus chrysoproctus,0.261967289330211,774.0,281.0,0.26672994779307074
Pteropus cognatus,0.142799990530287,439.0,616.0,0.584717607973422
Pteropus conspicillatus,0.198709651565087,612.0,443.0,0.4205030849549122
Pteropus dasymallus,0.255859542973031,762.0,293.0,0.2781205505457997
Pteropus faunulus,0.129639952519479,381.0,674.0,0.6397721879449454
Pteropus fundatus,0.128581112157731,375.0,680.0,0.6454674893213099
Pteropus giganteus,0.421815252898872,929.0,126.0,0.11960132890365449
Pteropus gilliardorum,0.141178016475877,431.0,624.0,0.5923113431419079
Pteropus griseus,0.166440219541834,529.0,526.0,0.49928808732795443
Pteropus howensis,0.126105819441323,370.0,685.0,0.6502135738016137
Pteropus hypomelanus,0.171332581318792,544.0,511.0,0.4850498338870432
Pteropus insularis,0.12512686005454,364.0,691.0,0.6559088751779781
Pteropus intermedius,0.255467381836825,761.0,294.0,0.27906976744186046
Pteropus keyensis,0.221330704149943,668.0,387.0,0.3673469387755102
Pteropus leucopterus,0.216272961747664,650.0,405.0,0.3844328429046037
Pteropus livingstonii,0.26220184626865,775.0,280.0,0.26578073089701
Pteropus lombocensis,0.122164759746334,356.0,699.0,0.6635026103464642
Pteropus loochoensis,0.118497468928268,339.0,716.0,0.6796392975794969
Pteropus lylei,0.200172734002253,616.0,439.0,0.4167062173706692
Pteropus macrotis,0.234960989753931,715.0,340.0,0.32273374466065496
Pteropus mahaganus,0.163650706760804,514.0,541.0,0.5135263407688657
Pteropus mariannus,0.275820261961366,795.0,260.0,0.24679639297579498
Pteropus melanopogon,0.234991843116364,716.0,339.0,0.3217845277645942
Pteropus melanotus,0.198552607581619,609.0,446.0,0.42335073564309444
Pteropus molossinus,0.17232893406798,548.0,507.0,0.4812529663028002
Pteropus neohibernicus,0.165893555364354,527.0,528.0,0.5011865211200759
Pteropus niger,0.289380200712464,815.0,240.0,0.22781205505457996
Pteropus nitendiensis,0.129099679456776,379.0,676.0,0.6416706217370669
Pteropus ocularis,0.159546679947089,504.0,551.0,0.5230185097294732
Pteropus ornatus,0.2337086000209,709.0,346.0,0.32842904603701945
Pteropus pelewensis,0.122169732659232,357.0,698.0,0.6625533934504034
Pteropus personatus,0.21362562613679,645.0,410.0,0.38917892738490745
Pteropus pohlei,0.186483286565117,589.0,466.0,0.44233507356430946
Pteropus poliocephalus,0.195576473807637,605.0,450.0,0.42714760322733747
Pteropus pselaphon,0.225742864574109,682.0,373.0,0.3540579022306597
Pteropus pumilus,0.233456843252243,707.0,348.0,0.33032747982914096
Pteropus rayneri,0.257812109938654,769.0,286.0,0.27147603227337447
Pteropus rennelli,0.23168884652636,699.0,356.0,0.33792121499762695
Pteropus rodricensis,0.158661589863466,500.0,555.0,0.5268153773137162
Pteropus rufus,0.335465145099649,870.0,185.0,0.17560512577123874
Pteropus samoensis,0.262896760613043,778.0,277.0,0.2629330802088277
Pteropus scapulatus,0.169092254801311,534.0,521.0,0.4945420028476507
Pteropus seychellensis,0.283839541617345,808.0,247.0,0.23445657332700523
Pteropus speciosus,0.116715844277763,334.0,721.0,0.6843853820598007
Pteropus temminckii,0.257672156101905,768.0,287.0,0.2724252491694352
Pteropus tonganus,0.219986822102307,662.0,393.0,0.3730422401518747
Pteropus tuberculatus,0.132072884006798,390.0,665.0,0.6312292358803987
Pteropus ualanus,0.246027602241399,738.0,317.0,0.3009017560512577
Pteropus vampyrus,0.186269338932945,587.0,468.0,0.44423350735643097
Pteropus vetulus,0.155381667589827,487.0,568.0,0.5391551969625059
Pteropus voeltzkowi,0.288419908931281,812.0,243.0,0.23065970574276223
Pteropus woodfordi,0.184018608024881,579.0,476.0,0.45182724252491696
Pteropus yapensis,0.213115743457972,643.0,412.0,0.39107736117702896
Pygoderma bilabiatum,0.0678354106290479,148.0,907.0,0.8609397247271001
Rhinolophus acuminatus,0.490997888054032,991.0,64.0,0.060749881347887995
Rhinolophus adami,0.496318641397334,995.0,60.0,0.05695301376364499
Rhinolophus alcyone,0.446884159922057,950.0,105.0,0.09966777408637874
Rhinolophus beddomei,0.564108032207252,1024.0,31.0,0.029425723777883245
Rhinolophus blasii,0.691009130252593,1049.0,6.0,0.005695301376364499
Rhinolophus bocharicus,0.637210628085331,1044.0,11.0,0.01044138585666825
Rhinolophus borneensis,0.452189701436841,959.0,96.0,0.09112482202183199
Rhinolophus canuti,0.52805471259884,1013.0,42.0,0.03986710963455149
Rhinolophus capensis,0.502065112956679,998.0,57.0,0.054105363075462744
Rhinolophus celebensis,0.493003411321086,992.0,63.0,0.059800664451827246
Rhinolophus clivosus,0.636033588735371,1042.0,13.0,0.012339819648789748
Rhinolophus coelophyllus,0.447985732434389,953.0,102.0,0.09682012339819648
Rhinolophus cognatus,0.469762615520475,974.0,81.0,0.07688656858092074
Rhinolophus cornutus,0.591820411608276,1033.0,22.0,0.0208827717133365
Rhinolophus creaghi,0.493026898425102,993.0,62.0,0.05885144755576649
Rhinolophus darlingi,0.604084014432363,1036.0,19.0,0.018035121025154248
Rhinolophus deckenii,0.502874902878823,999.0,56.0,0.053156146179401995
Rhinolophus denti,0.510275954285461,1001.0,54.0,0.051257712387280496
Rhinolophus euryale,0.783100990327278,1052.0,3.0,0.0028476506881822496
Rhinolophus euryotis,0.4778215985302,980.0,75.0,0.07119126720455624
Rhinolophus formosae,0.631208296701559,1041.0,14.0,0.013289036544850499
Rhinolophus fumigatus,0.520130102780653,1008.0,47.0,0.044613194114855245
Rhinolophus guineensis,0.541516636029355,1019.0,36.0,0.034171808258187
Rhinolophus hildebrandtii,0.445522023868505,948.0,107.0,0.10156620787850024
Rhinolophus hilli,0.486249624547032,986.0,69.0,0.06549596582819174
Rhinolophus hillorum,0.46916168125403,973.0,82.0,0.07783578547698149
Rhinolophus hipposideros,0.583601686735695,1032.0,23.0,0.021831988609397248
Rhinolophus imaizumii,0.579459974629844,1031.0,24.0,0.022781205505457997
Rhinolophus inops,0.521467067543194,1009.0,46.0,0.043663977218794496
Rhinolophus keyensis,0.438294000104924,942.0,113.0,0.10726150925486473
Rhinolophus landeri,0.450833839597544,957.0,98.0,0.09302325581395349
Rhinolophus lepidus,0.523412941953757,1011.0,44.0,0.041765543426673
Rhinolophus luctus,0.521903929591119,1010.0,45.0,0.04271476032273375
Rhinolophus maclaudi,0.534638887815778,1016.0,39.0,0.037019458946369245
Rhinolophus macrotis,0.645477188921834,1046.0,9.0,0.00854295206454675
Rhinolophus madurensis,0.557922908269637,1023.0,32.0,0.030374940673943997
Rhinolophus malayanus,0.489381737358314,988.0,67.0,0.06359753203607024
Rhinolophus marshalli,0.496867190225525,996.0,59.0,0.05600379686758424
Rhinolophus megaphyllus,0.432544108341906,938.0,117.0,0.11105837683910774
Rhinolophus mehelyi,0.646420978384491,1047.0,8.0,0.007593735168485999
Rhinolophus mitratus,0.623495302895823,1040.0,15.0,0.014238253440911248
Rhinolophus monoceros,0.564281465272191,1025.0,30.0,0.028476506881822496
Rhinolophus montanus,0.505472252139233,1000.0,55.0,0.052206929283341245
Rhinolophus nereis,0.518156636270807,1005.0,50.0,0.04746084480303749
Rhinolophus osgoodi,0.636440924974309,1043.0,12.0,0.011390602752728999
Rhinolophus paradoxolophus,0.608227554611447,1037.0,18.0,0.0170859041290935
Rhinolophus philippinensis,0.444343518281431,945.0,110.0,0.10441385856668249
Rhinolophus rex,0.658442906186048,1048.0,7.0,0.006644518272425249
Rhinolophus robinsoni,0.493663849654808,994.0,61.0,0.05790223065970574
Rhinolophus rouxii,0.332583200286885,869.0,186.0,0.17655434266729947
Rhinolophus ruwenzorii,0.47586534246869,979.0,76.0,0.07214048410061699
Rhinolophus sedulus,0.447303497742037,951.0,104.0,0.09871855719031798
Rhinolophus shameli,0.478867357956801,981.0,74.0,0.0702420503084955
Rhinolophus shortridgei,0.535912925433756,1017.0,38.0,0.036070242050308496
Rhinolophus siamensis,0.455028384051953,962.0,93.0,0.08827717133364973
Rhinolophus silvestris,0.45430135566767,961.0,94.0,0.08922638822971049
Rhinolophus simulator,0.448463963777288,954.0,101.0,0.09587090650213574
Rhinolophus stheno,0.413873306482736,925.0,130.0,0.12339819648789749
Rhinolophus subbadius,0.536032729097035,1018.0,37.0,0.03512102515424775
Rhinolophus subrufus,0.511487369213311,1002.0,53.0,0.05030849549121975
Rhinolophus swinnyi,0.56457129589845,1026.0,29.0,0.027527289985761746
Rhinolophus thomasi,0.543558572737677,1020.0,35.0,0.03322259136212625
Rhinolophus trifoliatus,0.470146404735832,976.0,79.0,0.07498813478879925
Rhinolophus virgo,0.460032221996367,965.0,90.0,0.0854295206454675
Rhinolophus yunanensis,0.596987791557067,1035.0,20.0,0.018984337921214997
Rhinonicteris aurantia,0.40569409230886,920.0,135.0,0.12814428096820124
Rhinophylla alethina,0.054063916206468,96.0,959.0,0.9102990033222591
Rhinophylla fischerae,0.0511010341220547,85.0,970.0,0.9207403891789274
Rhinophylla pumilio,0.0589964097393668,115.0,940.0,0.8922638822971048
Rhinopoma hardwickii,0.486305886489433,987.0,68.0,0.064546748932131
Rhinopoma macinnesi,0.391009131013446,908.0,147.0,0.13953488372093023
Rhinopoma microphyllum,0.410235168817793,923.0,132.0,0.12529663028001897
Rhinopoma muscatellum,0.395253438013548,916.0,139.0,0.13194114855244424
Rhogeessa aeneus,0.0757405382939247,178.0,877.0,0.8324632178452777
Rhogeessa alleni,0.14886642484449,461.0,594.0,0.5638348362600855
Rhogeessa genowaysi,0.0514510633285955,86.0,969.0,0.9197911722828667
Rhogeessa gracilis,0.149104471670364,462.0,593.0,0.5628856193640247
Rhogeessa io,0.0523956027644676,91.0,964.0,0.9150450878025629
Rhogeessa minutilla,0.0557086715999216,102.0,953.0,0.9046037019458947
Rhogeessa mira,0.107065171755981,294.0,761.0,0.7223540579022306
Rhogeessa parvula,0.197320022848816,608.0,447.0,0.4242999525391552
Rhogeessa tumida,0.0903233860167996,237.0,818.0,0.7764594209776934
Rhynchonycteris naso,0.0958865436339392,257.0,798.0,0.7574750830564784
Rousettus bidens,0.301645191004309,834.0,221.0,0.2097769340294257
Rousettus celebensis,0.519730340155513,1007.0,48.0,0.045562411010915994
Rousettus lanosus,0.569488067342006,1027.0,28.0,0.026578073089700997
Rousettus madagascariensis,0.369182628533375,890.0,165.0,0.15662078785002373
Rousettus obliviosus,0.391864912732552,912.0,143.0,0.13573801613668723
Rousettus spinalatus,0.480683737797984,982.0,73.0,0.06929283341243474
Saccolaimus flaviventris,0.165570321592963,526.0,529.0,0.5021357380161366
Saccolaimus mixtus,0.111661682767039,312.0,743.0,0.7052681537731371
Saccolaimus peli,0.140473783557718,426.0,629.0,0.5970574276222117
Saccolaimus saccolaimus,0.105844975744816,290.0,765.0,0.7261509254864736
Saccopteryx bilineata,0.179716785720334,569.0,486.0,0.46131941148552447
Saccopteryx canescens,0.093043326134246,244.0,811.0,0.7698149027052682
Saccopteryx gymnura,0.0940018500506963,249.0,806.0,0.7650688182249644
Saccopteryx leptura,0.0828201405049572,204.0,851.0,0.8077835785476981
Sauromys petrophilus,0.221921268900155,671.0,384.0,0.36449928808732796
Scleronycteris ega,0.115987346213208,330.0,725.0,0.6881822496440436
Scoteanax rueppellii,0.13017265423024,385.0,670.0,0.6359753203607024
Scotoecus albigula,0.14288732145543,441.0,614.0,0.5828191741813005
Scotoecus albofuscus,0.135212516246353,399.0,656.0,0.6226862838158519
Scotoecus hindei,0.111099078632821,311.0,744.0,0.7062173706691979
Scotoecus hirundo,0.222667176119645,675.0,380.0,0.36070242050308493
Scotoecus pallidus,0.231580902521405,697.0,358.0,0.33981964878974846
Scotomanes ornatus,0.283912267492957,809.0,246.0,0.23350735643094447
Scotonycteris ophiodon,0.447359431204363,952.0,103.0,0.09776934029425724
Scotonycteris zenkeri,0.379167331921121,898.0,157.0,0.14902705268153774
Scotophilus borbonicus,0.251449128377967,754.0,301.0,0.2857142857142857
Scotophilus celebensis,0.143832628183175,447.0,608.0,0.5771238728049359
Scotophilus collinus,0.167749451745192,533.0,522.0,0.49549121974371146
Scotophilus dinganii,0.339840008507436,872.0,183.0,0.17370669197911723
Scotophilus heathii,0.281378567851721,804.0,251.0,0.23825344091124823
Scotophilus leucogaster,0.308340801397487,844.0,211.0,0.20028476506881823
Scotophilus nigrita,0.152231155117491,475.0,580.0,0.550545799715235
Scotophilus nucella,0.15533746129958,486.0,569.0,0.5401044138585667
Scotophilus nux,0.138626741501947,415.0,640.0,0.6074988134788799
Scotophilus robustus,0.0694896078935925,155.0,900.0,0.8542952064546749
Scotophilus viridis,0.263471018110687,781.0,274.0,0.26008542952064545
Scotorepens balstoni,0.158274172149086,499.0,556.0,0.527764594209777
Scotorepens greyii,0.140923847956234,430.0,625.0,0.5932605600379687
Scotorepens orion,0.232606313603036,704.0,351.0,0.3331751305173232
Scotorepens sanborni,0.10253570406895,284.0,771.0,0.7318462268628382
Scotozous dormeri,0.246219946345412,739.0,316.0,0.299952539155197
Sphaerias blanfordi,0.386915360838057,904.0,151.0,0.14333175130517323
Sphaeronycteris toxophyllum,0.0684451202414346,149.0,906.0,0.8599905078310394
Stenoderma rufum,0.110921248271929,310.0,745.0,0.7071665875652586
Sturnira aratathomasi,0.173758016989686,556.0,499.0,0.4736592311343142
Sturnira bidens,0.0734296952811068,166.0,889.0,0.8438538205980066
Sturnira bogotensis,0.086056805472367,221.0,834.0,0.7916468913146654
Sturnira erythromos,0.06769369481444,147.0,908.0,0.8618889416231609
Sturnira lilium,0.173960971651201,557.0,498.0,0.47271001423825343
Sturnira ludovici,0.074938183351584,172.0,883.0,0.8381585192216422
Sturnira luisi,0.0813390091691459,197.0,858.0,0.8144280968201234
Sturnira magna,0.114969743436316,326.0,729.0,0.6919791172282866
Sturnira mordax,0.0829257455955396,207.0,848.0,0.804935927859516
Sturnira nana,0.0522131748742313,89.0,966.0,0.9169435215946844
Sturnira oporaphilum,0.0786069870738517,185.0,870.0,0.8258186995728524
Sturnira thomasi,0.0600248711654248,117.0,938.0,0.8903654485049833
Sturnira tildae,0.0776131325090041,182.0,873.0,0.8286663502610346
Styloctenium wallacei,0.203583258801567,622.0,433.0,0.4110109159943047
Syconycteris australis,0.252482564202358,756.0,299.0,0.28381585192216424
Syconycteris carolinae,0.354914224601186,879.0,176.0,0.167062173706692
Syconycteris hobbit,0.260542344380172,772.0,283.0,0.2686283815851922
Tadarida aegyptiaca,0.203667871522018,623.0,432.0,0.41006169909824397
Tadarida australis,0.142762353549249,438.0,617.0,0.5856668248694826
Tadarida brasiliensis,0.220301782750478,664.0,391.0,0.3711438063597532
Tadarida fulminans,0.17987138868696,570.0,485.0,0.4603701945894637
Tadarida insignis,0.298992575637774,829.0,226.0,0.21452301850972946
Tadarida kuboriensis,0.114065334358647,320.0,735.0,0.6976744186046512
Tadarida latouchei,0.288403156394246,811.0,244.0,0.23160892263882296
Tadarida lobata,0.138293006987539,413.0,642.0,0.6093972472710014
Tadarida teniotis,0.251377410472791,753.0,302.0,0.28666350261034645
Tadarida ventralis,0.151302335039301,470.0,585.0,0.5552918841955387
Taphozous achates,0.116314549319949,333.0,722.0,0.6853345989558615
Taphozous australis,0.131478543364608,388.0,667.0,0.6331276696725202
Taphozous georgianus,0.124820072440459,363.0,692.0,0.6568580920740389
Taphozous hamiltoni,0.192796694081127,598.0,457.0,0.4337921214997627
Taphozous hildegardeae,0.133578943013821,394.0,661.0,0.6274323682961557
Taphozous hilli,0.142441660623377,435.0,620.0,0.5885144755576649
Taphozous kapalgensis,0.154525531404461,482.0,573.0,0.5439012814428097
Taphozous longimanus,0.210663203715572,636.0,419.0,0.3977218794494542
Taphozous mauritianus,0.0967259052764374,261.0,794.0,0.7536782154722355
Taphozous melanopogon,0.201152399699041,619.0,436.0,0.41385856668248694
Taphozous nudiventris,0.224773996863908,680.0,375.0,0.3559563360227812
Taphozous perforatus,0.309149439926528,845.0,210.0,0.19933554817275748
Taphozous theobaldi,0.136018140365818,404.0,651.0,0.6179401993355482
Taphozous troughtoni,0.134211064979809,396.0,659.0,0.6255339345040342
Thoopterus nigrescens,0.433645317096636,939.0,116.0,0.11010915994304699
Thyroptera discifera,0.101477687752258,280.0,775.0,0.7356430944470812
Thyroptera tricolor,0.0753761337453118,176.0,879.0,0.8343616516373992
Tomopeas ravus,0.154984744736871,485.0,570.0,0.5410536307546274
Tonatia bidens,0.0871249887055047,226.0,829.0,0.7869008068343617
Tonatia saurophila,0.0645019751502053,137.0,918.0,0.8713811105837684
Trachops cirrhosus,0.121927403668744,354.0,701.0,0.6654010441385857
Triaenops auritus,0.460174217583515,966.0,89.0,0.08448030374940674
Triaenops furculus,0.385389672579001,902.0,153.0,0.14523018509729474
Triaenops persicus,0.458962259030059,964.0,91.0,0.08637873754152824
Triaenops rufus,0.394614673832124,915.0,140.0,0.132890365448505
Trinycteris nicefori,0.0378639825947569,50.0,1005.0,0.9539629805410537
Tylonycteris pachypus,0.293728817213813,823.0,232.0,0.22021831988609397
Tylonycteris robustula,0.237792340651846,720.0,335.0,0.3179876601803512
Uroderma bilobatum,0.126318258950338,371.0,684.0,0.649264356905553
Uroderma magnirostrum,0.0846473319504371,213.0,842.0,0.7992406264831514
Vampyressa bidens,0.041460085724392,63.0,992.0,0.9416231608922638
Vampyressa brocki,0.0730739064512948,164.0,891.0,0.8457522543901281
Vampyressa melissa,0.061561253102771,123.0,932.0,0.8846701471286189
Vampyressa nymphaea,0.100955051151104,277.0,778.0,0.7384907451352634
Vampyressa pusilla,0.0737740797835342,167.0,888.0,0.8429046037019459
Vampyressa thyone,0.0467616460538673,77.0,978.0,0.9283341243474134
Vampyrodes caraccioli,0.101183607166017,279.0,776.0,0.736592311343142
Vampyrum spectrum,0.184030773384037,580.0,475.0,0.4508780256288562
Vespadelus baverstocki,0.142932705308722,442.0,613.0,0.5818699572852397
Vespadelus caurinus,0.143214372449946,444.0,611.0,0.5799715234931182
Vespadelus darlingtoni,0.193934097903887,601.0,454.0,0.43094447081158044
Vespadelus douglasorum,0.136542874458722,405.0,650.0,0.6169909824394875
Vespadelus finlaysoni,0.139831439834818,421.0,634.0,0.6018035121025154
Vespadelus pumilus,0.0828376012219968,205.0,850.0,0.8068343616516374
Vespadelus regulus,0.14874718136221,460.0,595.0,0.5647840531561462
Vespadelus troughtoni,0.156584583607203,492.0,563.0,0.5344091124822021
Vespadelus vulturnus,0.12867892432637,376.0,679.0,0.6445182724252492
Vespertilio murinus,0.235764582758833,717.0,338.0,0.32083531086853345
Vespertilio sinensis,0.318605017545189,858.0,197.0,0.18699572852396773
