Sp,P.Gut1,P_rank,R.Gut1,R.Gut1_prop
Acerodon celebensis,0.675535046964439,841.0,276.0,0.24731182795698925
Acerodon humilis,0.515004954706875,638.0,479.0,0.4292114695340502
Acerodon jubatus,0.853246909688531,978.0,139.0,0.12455197132616487
Acerodon leucotis,0.505512298312441,625.0,492.0,0.44086021505376344
Acerodon mackloti,0.589357020328432,744.0,373.0,0.3342293906810036
Aethalops aequalis,0.589844814099803,746.0,371.0,0.3324372759856631
Aethalops alecto,0.589179173442081,743.0,374.0,0.33512544802867383
Alionycteris paucidentata,0.397500726650152,509.0,608.0,0.5448028673835126
Ametrida centurio,0.137326110378308,136.0,981.0,0.8790322580645161
Amorphochilus schnablii,0.0509756136153603,12.0,1105.0,0.9901433691756273
Anoura caudifer,0.311457631024042,403.0,714.0,0.6397849462365591
Anoura cultrata,0.198844258403779,231.0,886.0,0.7939068100358423
Anoura geoffroyi,0.62681496839671,791.0,326.0,0.2921146953405018
Anoura latidens,0.227522722929855,264.0,853.0,0.764336917562724
Anoura luismanueli,0.0774240320683259,37.0,1080.0,0.967741935483871
Anthops ornatus,0.141821558049174,142.0,975.0,0.8736559139784946
Antrozous pallidus,0.371238879541322,482.0,635.0,0.5689964157706093
Aproteles bulmerae,0.423189960096161,539.0,578.0,0.517921146953405
Ardops nichollsi,0.287509777067532,347.0,770.0,0.6899641577060932
Arielulus aureocollaris,0.562378965049939,705.0,412.0,0.36917562724014336
Arielulus circumdatus,0.822572483963197,943.0,174.0,0.15591397849462366
Arielulus cuprosus,0.29007181290097,351.0,766.0,0.6863799283154122
Arielulus societatis,0.300256095048802,376.0,741.0,0.6639784946236559
Arielulus torquatus,0.612554826887422,778.0,339.0,0.30376344086021506
Ariteus flavescens,0.109666339811286,81.0,1036.0,0.9283154121863799
Artibeus amplus,0.320746908520974,416.0,701.0,0.6281362007168458
Artibeus anderseni,0.110382340829546,82.0,1035.0,0.9274193548387096
Artibeus aztecus,0.398106510722826,511.0,606.0,0.543010752688172
Artibeus cinereus,0.164313247557621,177.0,940.0,0.8422939068100358
Artibeus concolor,0.298842587964233,367.0,750.0,0.6720430107526881
Artibeus fimbriatus,0.325901748886881,423.0,694.0,0.6218637992831542
Artibeus fraterculus,0.1438825347948,146.0,971.0,0.8700716845878136
Artibeus glaucus,0.409419358722918,525.0,592.0,0.5304659498207885
Artibeus gnomus,0.363976505422293,471.0,646.0,0.578853046594982
Artibeus hirsutus,0.409846059990604,526.0,591.0,0.5295698924731183
Artibeus incomitatus,0.0680448460300319,29.0,1088.0,0.974910394265233
Artibeus inopinatus,0.294669636401582,357.0,760.0,0.6810035842293907
Artibeus jamaicensis,0.866028284827,995.0,122.0,0.10931899641577061
Artibeus lituratus,0.779811756074537,908.0,209.0,0.18727598566308243
Artibeus obscurus,0.161806185598585,173.0,944.0,0.8458781362007168
Artibeus phaeotis,0.15297034781389,160.0,957.0,0.8575268817204301
Artibeus toltecus,0.454473756624405,574.0,543.0,0.48655913978494625
Artibeus watsoni,0.25307926018086,296.0,821.0,0.735663082437276
Asellia patrizii,0.468505643171844,589.0,528.0,0.4731182795698925
Asellia tridens,0.931627004299981,1069.0,48.0,0.043010752688172046
Aselliscus stoliczkanus,0.845704700182833,968.0,149.0,0.1335125448028674
Aselliscus tricuspidatus,0.194358403304934,224.0,893.0,0.8001792114695341
Balantiopteryx infusca,0.0870472579384616,49.0,1068.0,0.956989247311828
Balantiopteryx io,0.1155012376369,94.0,1023.0,0.9166666666666666
Balantiopteryx plicata,0.29574828990142,360.0,757.0,0.6783154121863799
Balionycteris maculata,0.722938768601899,879.0,238.0,0.2132616487455197
Barbastella barbastellus,0.8640081874925,992.0,125.0,0.11200716845878136
Barbastella leucomelas,0.908275147638829,1048.0,69.0,0.06182795698924731
Bauerus dubiaquercus,0.259801581727558,304.0,813.0,0.728494623655914
Brachyphylla cavernarum,0.394624119421005,506.0,611.0,0.5474910394265233
Brachyphylla nana,0.276322287037684,328.0,789.0,0.706989247311828
Cardioderma cor,0.917465534213384,1053.0,64.0,0.05734767025089606
Carollia brevicauda,0.607188784020158,767.0,350.0,0.31362007168458783
Carollia castanea,0.195199136411894,225.0,892.0,0.7992831541218638
Carollia colombiana,0.0675711055839294,27.0,1090.0,0.9767025089605734
Carollia perspicillata,0.485215010522262,602.0,515.0,0.4614695340501792
Carollia sowelli,0.566883747798338,714.0,403.0,0.3611111111111111
Carollia subrufa,0.2079377065131,238.0,879.0,0.7876344086021505
Casinycteris argynnis,0.523432655107002,648.0,469.0,0.42025089605734767
Centronycteris centralis,0.177391025563037,196.0,921.0,0.8252688172043011
Centronycteris maximiliani,0.208698921909201,239.0,878.0,0.7867383512544803
Centurio senex,0.66299379292536,834.0,283.0,0.253584229390681
Chaerephon aloysiisabaudiae,0.401080570947268,515.0,602.0,0.5394265232974911
Chaerephon ansorgei,0.601602665242818,757.0,360.0,0.3225806451612903
Chaerephon bemmeleni,0.658790420027874,830.0,287.0,0.257168458781362
Chaerephon bivittatus,0.90662258098568,1047.0,70.0,0.06272401433691756
Chaerephon bregullae,0.137393631862081,137.0,980.0,0.8781362007168458
Chaerephon chapini,0.364932965593511,473.0,644.0,0.5770609318996416
Chaerephon gallagheri,0.134618309496285,128.0,989.0,0.8862007168458781
Chaerephon jobensis,0.605329778206438,764.0,353.0,0.3163082437275986
Chaerephon johorensis,0.420732932390501,536.0,581.0,0.5206093189964157
Chaerephon leucogaster,0.766346559587355,900.0,217.0,0.19444444444444445
Chaerephon major,0.738889477618063,884.0,233.0,0.20878136200716846
Chaerephon nigeriae,0.806542123157634,930.0,187.0,0.16756272401433692
Chaerephon plicatus,0.895021155149887,1030.0,87.0,0.07795698924731183
Chaerephon pumilus,0.898531955240131,1036.0,81.0,0.07258064516129033
Chaerephon russatus,0.618958262556978,783.0,334.0,0.2992831541218638
Chaerephon shortridgei,0.212217578028199,245.0,872.0,0.7813620071684588
Chaerephon solomonis,0.104582415347641,77.0,1040.0,0.931899641577061
Chaerephon tomensis,0.129627714306777,116.0,1001.0,0.8969534050179212
Chalinolobus dwyeri,0.230662790659868,269.0,848.0,0.7598566308243727
Chalinolobus gouldii,0.482265206394505,600.0,517.0,0.4632616487455197
Chalinolobus morio,0.3136430303325,408.0,709.0,0.6353046594982079
Chalinolobus neocaledonicus,0.119624785673722,101.0,1016.0,0.910394265232975
Chalinolobus nigrogriseus,0.31700406697767,413.0,704.0,0.6308243727598566
Chalinolobus picatus,0.217206609918667,249.0,868.0,0.7777777777777778
Chalinolobus tuberculatus,0.220541088322521,254.0,863.0,0.7732974910394266
Cheiromeles parvidens,0.448342286042892,568.0,549.0,0.49193548387096775
Cheiromeles torquatus,0.871927537546179,1004.0,113.0,0.10125448028673835
Chilonatalus micropus,0.0845538517741713,47.0,1070.0,0.9587813620071685
Chilonatalus tumidifrons,0.0904961261093248,55.0,1062.0,0.9516129032258065
Chiroderma doriae,0.306591013017153,387.0,730.0,0.6541218637992832
Chiroderma improvisum,0.231978363371129,270.0,847.0,0.7589605734767025
Chiroderma salvini,0.601797628767014,758.0,359.0,0.3216845878136201
Chiroderma trinitatum,0.180119830524221,201.0,916.0,0.8207885304659498
Chiroderma villosum,0.459940440286418,580.0,537.0,0.48118279569892475
Chironax melanocephalus,0.70488519465159,864.0,253.0,0.22670250896057348
Choeroniscus godmani,0.260770490766155,307.0,810.0,0.7258064516129032
Choeroniscus minor,0.119462410368204,100.0,1017.0,0.9112903225806451
Choeroniscus periosus,0.100012386018345,67.0,1050.0,0.9408602150537635
Choeronycteris mexicana,0.37265629017594,485.0,632.0,0.5663082437275986
Chrotopterus auritus,0.666233151448273,835.0,282.0,0.25268817204301075
Cistugo lesueuri,0.0986557154209406,64.0,1053.0,0.9435483870967742
Cistugo seabrae,0.111773230643456,83.0,1034.0,0.9265232974910395
Cloeotis percivali,0.328733036829592,430.0,687.0,0.6155913978494624
Coelops frithii,0.902787970299327,1043.0,74.0,0.06630824372759857
Coelops robinsoni,0.437686648776305,557.0,560.0,0.5017921146953405
Coleura afra,0.931330757292172,1068.0,49.0,0.04390681003584229
Coleura seychellensis,0.365516187324898,474.0,643.0,0.5761648745519713
Cormura brevirostris,0.191428330408689,220.0,897.0,0.803763440860215
Corynorhinus mexicanus,0.185786385512814,212.0,905.0,0.8109318996415771
Corynorhinus rafinesquii,0.354838067145521,459.0,658.0,0.589605734767025
Corynorhinus townsendii,0.308732456244081,393.0,724.0,0.6487455197132617
Craseonycteris thonglongyai,0.410042476742952,527.0,590.0,0.5286738351254481
Cynomops abrasus,0.356225030126271,465.0,652.0,0.5842293906810035
Cynomops greenhalli,0.178649652740623,198.0,919.0,0.8234767025089605
Cynomops mexicanus,0.229176892506824,266.0,851.0,0.7625448028673835
Cynomops paranus,0.302558106395217,380.0,737.0,0.660394265232975
Cynomops planirostris,0.262137333487814,310.0,807.0,0.7231182795698925
Cynopterus brachyotis,0.939392456558616,1081.0,36.0,0.03225806451612903
Cynopterus horsfieldii,0.802655152176542,924.0,193.0,0.17293906810035842
Cynopterus luzoniensis,0.367275164802606,477.0,640.0,0.5734767025089605
Cynopterus minutus,0.807960553089379,931.0,186.0,0.16666666666666666
Cynopterus nusatenggara,0.346767050611105,454.0,663.0,0.5940860215053764
Cynopterus sphinx,0.971556247774849,1114.0,3.0,0.002688172043010753
Cynopterus titthaecheilus,0.608714025127164,770.0,347.0,0.3109318996415771
Cyttarops alecto,0.0742686199798857,33.0,1084.0,0.9713261648745519
Desmodus rotundus,0.655659502936962,826.0,291.0,0.260752688172043
Diaemus youngi,0.754617510390246,893.0,224.0,0.2007168458781362
Diclidurus albus,0.417610807167804,532.0,585.0,0.5241935483870968
Diclidurus ingens,0.152703699407486,159.0,958.0,0.8584229390681004
Diclidurus isabellus,0.105291792695298,79.0,1038.0,0.9301075268817204
Diclidurus scutatus,0.150427760511357,155.0,962.0,0.8620071684587813
Diphylla ecaudata,0.805220426484813,926.0,191.0,0.17114695340501793
Dobsonia anderseni,0.325634620369782,422.0,695.0,0.6227598566308243
Dobsonia beauforti,0.442733332823108,563.0,554.0,0.496415770609319
Dobsonia chapmani,0.63584440416481,799.0,318.0,0.2849462365591398
Dobsonia crenulata,0.647893743175623,817.0,300.0,0.26881720430107525
Dobsonia emersa,0.467428186872905,588.0,529.0,0.47401433691756273
Dobsonia exoleta,0.647950202033654,818.0,299.0,0.267921146953405
Dobsonia inermis,0.267600078581615,316.0,801.0,0.717741935483871
Dobsonia magna,0.473905071264217,592.0,525.0,0.47043010752688175
Dobsonia minor,0.529511192321361,654.0,463.0,0.41487455197132617
Dobsonia moluccensis,0.28063391781184,335.0,782.0,0.7007168458781362
Dobsonia pannietensis,0.269490905265734,321.0,796.0,0.7132616487455197
Dobsonia peronii,0.571818409577305,723.0,394.0,0.35304659498207885
Dobsonia praedatrix,0.372495559227305,484.0,633.0,0.5672043010752689
Dobsonia viridis,0.735028365922202,881.0,236.0,0.2114695340501792
Dyacopterus brooksi,0.581642066499608,734.0,383.0,0.3431899641577061
Dyacopterus spadiceus,0.836758970096641,963.0,154.0,0.13799283154121864
Ectophylla alba,0.106660257979867,80.0,1037.0,0.9292114695340502
Eidolon dupreanum,0.694164810850253,860.0,257.0,0.2302867383512545
Eidolon helvum,0.970758494547665,1113.0,4.0,0.0035842293906810036
Emballonura alecto,0.88219130861877,1011.0,106.0,0.09498207885304659
Emballonura atrata,0.343741667246709,450.0,667.0,0.5976702508960573
Emballonura beccarii,0.149519153033048,153.0,964.0,0.8637992831541219
Emballonura dianae,0.165165825282771,180.0,937.0,0.839605734767025
Emballonura furax,0.225857767358665,260.0,857.0,0.767921146953405
Emballonura monticola,0.644468780578903,810.0,307.0,0.27508960573476704
Emballonura raffrayana,0.299329992997299,373.0,744.0,0.6666666666666666
Emballonura semicaudata,0.276736396413651,329.0,788.0,0.7060931899641577
Emballonura serii,0.102541016014725,73.0,1044.0,0.9354838709677419
Enchisthenes hartii,0.560118641632789,701.0,416.0,0.3727598566308244
Eonycteris major,0.813435227153229,937.0,180.0,0.16129032258064516
Eonycteris robusta,0.714212132030881,872.0,245.0,0.21953405017921146
Eonycteris spelaea,0.965983994389957,1112.0,5.0,0.004480286738351254
Epomophorus angolensis,0.309372471033491,396.0,721.0,0.6460573476702509
Epomophorus crypturus,0.6448669375285,812.0,305.0,0.2732974910394265
Epomophorus gambianus,0.872446284757455,1005.0,112.0,0.1003584229390681
Epomophorus grandis,0.466436992916739,586.0,531.0,0.47580645161290325
Epomophorus labiatus,0.904172979944959,1045.0,72.0,0.06451612903225806
Epomophorus minimus,0.763132625917508,899.0,218.0,0.1953405017921147
Epomophorus minor,0.662132872408801,832.0,285.0,0.2553763440860215
Epomophorus wahlbergi,0.896544433717088,1034.0,83.0,0.07437275985663082
Epomops buettikoferi,0.534664870413286,658.0,459.0,0.4112903225806452
Epomops dobsonii,0.583990412696271,740.0,377.0,0.3378136200716846
Epomops franqueti,0.805354331344155,927.0,190.0,0.17025089605734767
Eptesicus andinus,0.113418347428843,85.0,1032.0,0.9247311827956989
Eptesicus bobrinskoi,0.566848476071576,713.0,404.0,0.36200716845878134
Eptesicus bottae,0.887331269797042,1023.0,94.0,0.08422939068100359
Eptesicus brasiliensis,0.493988864667621,617.0,500.0,0.44802867383512546
Eptesicus chiriquinus,0.1006039976987,69.0,1048.0,0.9390681003584229
Eptesicus diminutus,0.171309214862565,189.0,928.0,0.8315412186379928
Eptesicus dimissus,0.387853182286649,503.0,614.0,0.5501792114695341
Eptesicus floweri,0.312659786034879,406.0,711.0,0.6370967741935484
Eptesicus furinalis,0.42781408154919,546.0,571.0,0.5116487455197133
Eptesicus fuscus,0.569511084747405,720.0,397.0,0.3557347670250896
Eptesicus gobiensis,0.808734823691316,932.0,185.0,0.16577060931899643
Eptesicus guadeloupensis,0.143037352215029,144.0,973.0,0.8718637992831542
Eptesicus hottentotus,0.523144529008113,647.0,470.0,0.4211469534050179
Eptesicus innoxius,0.0615920180106993,22.0,1095.0,0.9811827956989247
Eptesicus japonensis,0.610452918083495,774.0,343.0,0.30734767025089604
Eptesicus kobayashii,0.608670412124393,769.0,348.0,0.3118279569892473
Eptesicus matroka,0.435884291120947,554.0,563.0,0.5044802867383512
Eptesicus nasutus,0.780432245708936,910.0,207.0,0.18548387096774194
Eptesicus nilssonii,0.847117850586884,970.0,147.0,0.13172043010752688
Eptesicus pachyotis,0.751430246210896,889.0,228.0,0.20430107526881722
Eptesicus platyops,0.29803221468154,365.0,752.0,0.6738351254480287
Eptesicus serotinus,0.959542998797563,1104.0,13.0,0.011648745519713262
Eptesicus tatei,0.583283849054438,738.0,379.0,0.3396057347670251
Erophylla bombifrons,0.193265502804357,222.0,895.0,0.8019713261648745
Erophylla sezekorni,0.373771533831287,489.0,628.0,0.5627240143369175
Euderma maculatum,0.26066362810657,306.0,811.0,0.7267025089605734
Eudiscopus denticulus,0.61708446421335,781.0,336.0,0.3010752688172043
Eumops auripendulus,0.713905080856688,871.0,246.0,0.22043010752688172
Eumops bonariensis,0.487291928354927,607.0,510.0,0.45698924731182794
Eumops dabbenei,0.354143668542958,458.0,659.0,0.5905017921146953
Eumops glaucinus,0.602113020944013,759.0,358.0,0.3207885304659498
Eumops hansae,0.0769649902038755,36.0,1081.0,0.9686379928315412
Eumops maurus,0.112944106884328,84.0,1033.0,0.9256272401433692
Eumops patagonicus,0.0867706941019974,48.0,1069.0,0.9578853046594982
Eumops perotis,0.718496040172057,875.0,242.0,0.2168458781362007
Eumops trumbulli,0.14585316388066,149.0,968.0,0.8673835125448028
Eumops underwoodi,0.440624405230737,560.0,557.0,0.49910394265232977
Falsistrellus affinis,0.813042593447388,936.0,181.0,0.16218637992831542
Falsistrellus mackenziei,0.400431725080368,513.0,604.0,0.5412186379928315
Falsistrellus mordax,0.280441780464822,334.0,783.0,0.7016129032258065
Falsistrellus petersi,0.7819957357247,912.0,205.0,0.18369175627240145
Falsistrellus tasmaniensis,0.506375661477494,627.0,490.0,0.4390681003584229
Furipterus horrens,0.169219635547129,185.0,932.0,0.8351254480286738
Glauconycteris alboguttata,0.149856669635583,154.0,963.0,0.8629032258064516
Glauconycteris argentata,0.60569984514891,765.0,352.0,0.3154121863799283
Glauconycteris beatrix,0.223452869974012,256.0,861.0,0.771505376344086
Glauconycteris curryae,0.150816891991694,157.0,960.0,0.8602150537634409
Glauconycteris egeria,0.196514982601357,226.0,891.0,0.7983870967741935
Glauconycteris gleni,0.434634075459658,552.0,565.0,0.5062724014336918
Glauconycteris humeralis,0.326161617657003,424.0,693.0,0.6209677419354839
Glauconycteris kenyacola,0.218581954116819,251.0,866.0,0.7759856630824373
Glauconycteris machadoi,0.126707789398441,110.0,1007.0,0.9023297491039427
Glauconycteris poensis,0.305209012380615,383.0,734.0,0.6577060931899642
Glauconycteris superba,0.279267486255588,331.0,786.0,0.7043010752688172
Glauconycteris variegata,0.837949476665767,964.0,153.0,0.13709677419354838
Glischropus javanus,0.317698904515873,414.0,703.0,0.6299283154121864
Glischropus tylopus,0.618090392609415,782.0,335.0,0.300179211469534
Glossophaga commissarisi,0.291633789966381,354.0,763.0,0.6836917562724014
Glossophaga leachii,0.171090212614276,188.0,929.0,0.8324372759856631
Glossophaga longirostris,0.161042825421815,170.0,947.0,0.8485663082437276
Glossophaga morenoi,0.173316785901636,191.0,926.0,0.8297491039426523
Glossophaga soricina,0.638600016157084,805.0,312.0,0.27956989247311825
Glyphonycteris behnii,0.127251823165293,112.0,1005.0,0.9005376344086021
Glyphonycteris daviesi,0.268788371864887,319.0,798.0,0.7150537634408602
Glyphonycteris sylvestris,0.366867148296383,475.0,642.0,0.5752688172043011
Haplonycteris fischeri,0.768274771173412,901.0,216.0,0.1935483870967742
Harpiocephalus harpia,0.823572278440988,944.0,173.0,0.1550179211469534
Harpiocephalus mordax,0.858081108682527,984.0,133.0,0.11917562724014337
Harpyionycteris celebensis,0.600857120662633,756.0,361.0,0.3234767025089606
Harpyionycteris whiteheadi,0.829631956007766,953.0,164.0,0.14695340501792115
Hesperoptenus blanfordi,0.59489953408991,752.0,365.0,0.3270609318996416
Hesperoptenus doriae,0.329892827443395,432.0,685.0,0.6137992831541219
Hesperoptenus gaskelli,0.21957406496426,253.0,864.0,0.7741935483870968
Hesperoptenus tickelli,0.867165678498579,997.0,120.0,0.10752688172043011
Hesperoptenus tomesi,0.538755267584836,663.0,454.0,0.4068100358422939
Hipposideros abae,0.522484755118072,646.0,471.0,0.4220430107526882
Hipposideros armiger,0.963991698219747,1108.0,9.0,0.008064516129032258
Hipposideros ater,0.847556802626387,971.0,146.0,0.13082437275985664
Hipposideros beatus,0.341875118092977,449.0,668.0,0.5985663082437276
Hipposideros bicolor,0.683140722167644,851.0,266.0,0.23835125448028674
Hipposideros breviceps,0.332796951050524,437.0,680.0,0.6093189964157706
Hipposideros caffer,0.964968577194413,1111.0,6.0,0.005376344086021506
Hipposideros calcaratus,0.2999108341374,375.0,742.0,0.6648745519713262
Hipposideros camerunensis,0.512993325744502,636.0,481.0,0.43100358422939067
Hipposideros cervinus,0.640285221874393,807.0,310.0,0.2777777777777778
Hipposideros cineraceus,0.829371151913011,952.0,165.0,0.1478494623655914
Hipposideros commersoni,0.964315789985994,1110.0,7.0,0.0062724014336917565
Hipposideros coronatus,0.428399529381194,548.0,569.0,0.5098566308243727
Hipposideros corynophyllus,0.296908669993421,362.0,755.0,0.6765232974910395
Hipposideros coxi,0.333350608074456,438.0,679.0,0.6084229390681004
Hipposideros crumeniferus,0.384775559506101,500.0,617.0,0.5528673835125448
Hipposideros curtus,0.210689876424271,243.0,874.0,0.7831541218637993
Hipposideros cyclops,0.770821248195232,902.0,215.0,0.19265232974910393
Hipposideros demissus,0.0981402587206183,62.0,1055.0,0.9453405017921147
Hipposideros diadema,0.898781983350496,1038.0,79.0,0.07078853046594982
Hipposideros dinops,0.157552129664315,162.0,955.0,0.8557347670250897
Hipposideros doriae,0.306952438843789,388.0,729.0,0.6532258064516129
Hipposideros durgadasi,0.466854574779057,587.0,530.0,0.47491039426523296
Hipposideros dyacorum,0.481431456992808,599.0,518.0,0.46415770609318996
Hipposideros edwardshilli,0.160366394364035,168.0,949.0,0.850358422939068
Hipposideros fuliginosus,0.638272242403911,803.0,314.0,0.28136200716845877
Hipposideros fulvus,0.867810234313701,999.0,118.0,0.1057347670250896
Hipposideros galeritus,0.873691321740743,1006.0,111.0,0.09946236559139784
Hipposideros gigas,0.903943371752236,1044.0,73.0,0.06541218637992832
Hipposideros grandis,0.685211725128819,853.0,264.0,0.23655913978494625
Hipposideros halophyllus,0.341780346687801,448.0,669.0,0.5994623655913979
Hipposideros hypophyllus,0.377713634255135,492.0,625.0,0.5600358422939068
Hipposideros inexpectatus,0.309437751112338,397.0,720.0,0.6451612903225806
Hipposideros inornatus,0.499254188320825,621.0,496.0,0.4444444444444444
Hipposideros jonesi,0.37717522116152,491.0,626.0,0.5609318996415771
Hipposideros lamottei,0.325538913774361,421.0,696.0,0.6236559139784946
Hipposideros lankadiva,0.88409842083745,1018.0,99.0,0.08870967741935484
Hipposideros larvatus,0.943044391786586,1083.0,34.0,0.03046594982078853
Hipposideros lekaguli,0.687675649885262,856.0,261.0,0.23387096774193547
Hipposideros lylei,0.891747534628477,1028.0,89.0,0.07974910394265233
Hipposideros macrobullatus,0.335567770995646,440.0,677.0,0.6066308243727598
Hipposideros madurae,0.366890525735833,476.0,641.0,0.5743727598566308
Hipposideros maggietaylorae,0.291643295283582,355.0,762.0,0.6827956989247311
Hipposideros marisae,0.160948735894414,169.0,948.0,0.8494623655913979
Hipposideros megalotis,0.361409130935198,469.0,648.0,0.5806451612903226
Hipposideros muscinus,0.247899965527372,291.0,826.0,0.7401433691756273
Hipposideros nequam,0.314426148215881,410.0,707.0,0.6335125448028673
Hipposideros obscurus,0.59418315850776,751.0,366.0,0.3279569892473118
Hipposideros orbiculus,0.295525957592139,359.0,758.0,0.6792114695340502
Hipposideros papua,0.276869430048245,330.0,787.0,0.7051971326164874
Hipposideros pelingensis,0.280711999284864,336.0,781.0,0.6998207885304659
Hipposideros pomona,0.924238789414077,1058.0,59.0,0.0528673835125448
Hipposideros pratti,0.932143947815619,1070.0,47.0,0.042114695340501794
Hipposideros pygmaeus,0.463776610862821,584.0,533.0,0.4775985663082437
Hipposideros ridleyi,0.723943512024423,880.0,237.0,0.21236559139784947
Hipposideros rotalis,0.648680853524725,820.0,297.0,0.2661290322580645
Hipposideros ruber,0.830771124906345,956.0,161.0,0.1442652329749104
Hipposideros scutinares,0.55706486534957,679.0,438.0,0.3924731182795699
Hipposideros semoni,0.367424774083033,478.0,639.0,0.5725806451612904
Hipposideros sorenseni,0.244714964668377,284.0,833.0,0.746415770609319
Hipposideros speoris,0.885931499852193,1020.0,97.0,0.08691756272401434
Hipposideros stenotis,0.49146154220286,614.0,503.0,0.4507168458781362
Hipposideros sumbae,0.321253993439361,419.0,698.0,0.6254480286738351
Hipposideros thomensis,0.122699278122291,107.0,1010.0,0.9050179211469535
Hipposideros turpis,0.891203158279758,1027.0,90.0,0.08064516129032258
Hipposideros vittatus,0.847862772054076,972.0,145.0,0.12992831541218638
Hipposideros wollastoni,0.221242808332082,255.0,862.0,0.7724014336917563
Histiotus alienus,0.116317850691924,96.0,1021.0,0.9148745519713262
Histiotus humboldti,0.559959855550305,699.0,418.0,0.37455197132616486
Histiotus laephotis,0.0754582148394607,35.0,1082.0,0.9695340501792115
Histiotus macrotus,0.122352414905764,106.0,1011.0,0.9059139784946236
Histiotus magellanicus,0.0647740633898392,25.0,1092.0,0.978494623655914
Histiotus montanus,0.193692421111976,223.0,894.0,0.8010752688172043
Histiotus velatus,0.305510222103846,385.0,732.0,0.6559139784946236
Hylonycteris underwoodi,0.400490151387889,514.0,603.0,0.5403225806451613
Hypsignathus monstrosus,0.888833976216734,1025.0,92.0,0.08243727598566308
Hypsugo alaschanicus,0.683072128261178,850.0,267.0,0.239247311827957
Hypsugo anchietae,0.274386915184125,326.0,791.0,0.7087813620071685
Hypsugo anthonyi,0.456518898929538,575.0,542.0,0.48566308243727596
Hypsugo arabicus,0.421735774300567,537.0,580.0,0.5197132616487455
Hypsugo ariel,0.355538932219762,463.0,654.0,0.5860215053763441
Hypsugo bodenheimeri,0.59026984383165,747.0,370.0,0.33154121863799285
Hypsugo cadornae,0.830612609467496,955.0,162.0,0.14516129032258066
Hypsugo crassulus,0.206199493206507,236.0,881.0,0.7894265232974911
Hypsugo eisentrauti,0.457547299069988,577.0,540.0,0.4838709677419355
Hypsugo imbricatus,0.436741122195943,555.0,562.0,0.503584229390681
Hypsugo joffrei,0.452581814776491,572.0,545.0,0.4883512544802867
Hypsugo kitcheneri,0.181492861284627,205.0,912.0,0.8172043010752689
Hypsugo lophurus,0.260946643686411,308.0,809.0,0.724910394265233
Hypsugo macrotis,0.378172674434963,494.0,623.0,0.5582437275985663
Hypsugo musciculus,0.181409668727529,203.0,914.0,0.8189964157706093
Hypsugo pulveratus,0.88989776795123,1026.0,91.0,0.08154121863799284
Hypsugo savii,0.83098929203498,957.0,160.0,0.14336917562724014
Hypsugo vordermanni,0.271034815595114,323.0,794.0,0.7114695340501792
Ia io,0.932267903297865,1071.0,46.0,0.04121863799283154
Idionycteris phyllotis,0.299060177227992,368.0,749.0,0.671146953405018
Kerivoula africana,0.547858918568339,669.0,448.0,0.4014336917562724
Kerivoula agnella,0.094527568152129,60.0,1057.0,0.9471326164874552
Kerivoula argentata,0.42601590682379,542.0,575.0,0.5152329749103942
Kerivoula cuprosa,0.268832704047901,320.0,797.0,0.71415770609319
Kerivoula eriophora,0.270723344992923,322.0,795.0,0.7123655913978495
Kerivoula flora,0.417189617171986,531.0,586.0,0.525089605734767
Kerivoula hardwickii,0.86905028621353,1001.0,116.0,0.1039426523297491
Kerivoula intermedia,0.426775413602656,543.0,574.0,0.514336917562724
Kerivoula lanosa,0.619961192672231,784.0,333.0,0.29838709677419356
Kerivoula lenis,0.558185115732211,692.5,424.5,0.3803763440860215
Kerivoula minuta,0.327126839627859,426.0,691.0,0.6191756272401434
Kerivoula muscina,0.132984605687692,123.0,994.0,0.8906810035842294
Kerivoula myrella,0.0999319420996435,66.0,1051.0,0.9417562724014337
Kerivoula papillosa,0.777499522747719,904.0,213.0,0.19086021505376344
Kerivoula pellucida,0.592646191830826,748.0,369.0,0.33064516129032256
Kerivoula phalaena,0.135255982334259,131.0,986.0,0.8835125448028673
Kerivoula picta,0.856023912376837,981.0,136.0,0.12186379928315412
Kerivoula smithii,0.296358310125325,361.0,756.0,0.6774193548387096
Kerivoula whiteheadi,0.649118516593369,821.0,296.0,0.26523297491039427
Laephotis angolensis,0.12357923586315,108.0,1009.0,0.9041218637992832
Laephotis botswanae,0.214148397536065,246.0,871.0,0.7804659498207885
Laephotis namibensis,0.100501998838379,68.0,1049.0,0.9399641577060932
Laephotis wintoni,0.457482641271752,576.0,541.0,0.48476702508960573
Lampronycteris brachyotis,0.130972679454004,119.0,998.0,0.8942652329749103
Lasionycteris noctivagans,0.397723232224697,510.0,607.0,0.5439068100358423
Lasiurus atratus,0.559959855550305,699.0,418.0,0.37455197132616486
Lasiurus blossevillii,0.32824727690666,428.0,689.0,0.6173835125448028
Lasiurus borealis,0.4283463618688,547.0,570.0,0.510752688172043
Lasiurus castaneus,0.0468911215846105,7.0,1110.0,0.9946236559139785
Lasiurus cinereus,0.633893726549078,796.0,321.0,0.28763440860215056
Lasiurus degelidus,0.0789944467365654,39.0,1078.0,0.9659498207885304
Lasiurus ebenus,0.0876866725222993,51.0,1066.0,0.9551971326164874
Lasiurus ega,0.688284043965626,857.0,260.0,0.23297491039426524
Lasiurus egregius,0.189867754693168,217.0,900.0,0.8064516129032258
Lasiurus insularis,0.127197270563582,111.0,1006.0,0.9014336917562724
Lasiurus intermedius,0.434678688381347,553.0,564.0,0.5053763440860215
Lasiurus minor,0.103484612208289,75.0,1042.0,0.9336917562724014
Lasiurus pfeifferi,0.128832411380577,114.0,1003.0,0.8987455197132617
Lasiurus salinae,0.558156800698023,690.0,427.0,0.3826164874551971
Lasiurus seminolus,0.346032329866939,453.0,664.0,0.5949820788530465
Lasiurus varius,0.557548766157433,687.0,430.0,0.38530465949820786
Lasiurus xanthinus,0.183718412244466,210.0,907.0,0.8127240143369175
Latidens salimalii,0.522262026842605,645.0,472.0,0.4229390681003584
Lavia frons,0.936017795343394,1075.0,42.0,0.03763440860215054
Leptonycteris curasoae,0.262117354715154,309.0,808.0,0.7240143369175627
Leptonycteris nivalis,0.43045576388297,549.0,568.0,0.5089605734767025
Leptonycteris yerbabuenae,0.432037475704038,550.0,567.0,0.5080645161290323
Lichonycteris obscura,0.21080888900437,244.0,873.0,0.782258064516129
Lionycteris spurrelli,0.145519200580031,148.0,969.0,0.8682795698924731
Lissonycteris angolensis,0.920118637377585,1054.0,63.0,0.056451612903225805
Lonchophylla bokermanni,0.118877833908731,99.0,1018.0,0.9121863799283154
Lonchophylla dekeyseri,0.0633748511740943,24.0,1093.0,0.9793906810035843
Lonchophylla handleyi,0.0830263853862823,44.0,1073.0,0.9614695340501792
Lonchophylla hesperia,0.0777627682780419,38.0,1079.0,0.9668458781362007
Lonchophylla mordax,0.340918882154351,445.0,672.0,0.6021505376344086
Lonchophylla robusta,0.189546230844991,216.0,901.0,0.807347670250896
Lonchophylla thomasi,0.130871679704261,118.0,999.0,0.8951612903225806
Lonchorhina aurita,0.611574224042802,776.0,341.0,0.3055555555555556
Lonchorhina fernandezi,0.0524888494495136,14.0,1103.0,0.9883512544802867
Lonchorhina inusitata,0.0910287983920437,56.0,1061.0,0.9507168458781362
Lonchorhina marinkellei,0.116059520479413,95.0,1022.0,0.9157706093189965
Lonchorhina orinocensis,0.0725424441873355,32.0,1085.0,0.9722222222222222
Lophostoma brasiliense,0.288799449541163,349.0,768.0,0.6881720430107527
Lophostoma carrikeri,0.167790404030953,182.0,935.0,0.8378136200716846
Lophostoma evotis,0.262532658816979,311.0,806.0,0.7222222222222222
Lophostoma schulzi,0.0799542103132828,40.0,1077.0,0.9650537634408602
Lophostoma silvicolum,0.579402208839649,730.0,387.0,0.3467741935483871
Macroderma gigas,0.662364985951327,833.0,284.0,0.25448028673835127
Macroglossus minimus,0.757255054233314,897.0,220.0,0.1971326164874552
Macroglossus sobrinus,0.957103146000997,1100.0,17.0,0.015232974910394265
Macrophyllum macrophyllum,0.355827759415437,464.0,653.0,0.5851254480286738
Macrotus californicus,0.235000673513309,274.0,843.0,0.7553763440860215
Macrotus waterhousii,0.406298291819301,520.0,597.0,0.5349462365591398
Megaderma lyra,0.958935647587857,1102.0,15.0,0.013440860215053764
Megaderma spasma,0.950730381669499,1091.0,26.0,0.023297491039426525
Megaerops ecaudatus,0.91168124312343,1051.0,66.0,0.05913978494623656
Megaerops kusnotoi,0.525035910880031,650.0,467.0,0.41845878136200715
Megaerops niphanae,0.882501046784936,1012.0,105.0,0.09408602150537634
Megaerops wetmorei,0.826942605876963,946.0,171.0,0.1532258064516129
Megaloglossus woermanni,0.448995097534798,571.0,546.0,0.489247311827957
Melonycteris fardoulisi,0.12909043822162,115.0,1002.0,0.8978494623655914
Melonycteris melanops,0.294515428033962,356.0,761.0,0.681899641577061
Melonycteris woodfordi,0.224766319707537,258.0,859.0,0.7697132616487455
Mesophylla macconnelli,0.133728260105631,126.0,991.0,0.8879928315412187
Micronycteris brosseti,0.0582874211335915,20.0,1097.0,0.9829749103942652
Micronycteris hirsuta,0.114507565223738,89.0,1028.0,0.921146953405018
Micronycteris homezi,0.0928634992976882,58.0,1059.0,0.9489247311827957
Micronycteris matses,0.035651796290714,1.0,1116.0,1.0
Micronycteris megalotis,0.227430170349827,261.0,856.0,0.7670250896057348
Micronycteris microtis,0.312625045301832,405.0,712.0,0.6379928315412187
Micronycteris minuta,0.234310815295957,273.0,844.0,0.7562724014336918
Micronycteris sanborni,0.0806475360100849,42.0,1075.0,0.9632616487455197
Micronycteris schmidtorum,0.188837526046934,215.0,902.0,0.8082437275985663
Micropteropus intermedius,0.398519294596828,512.0,605.0,0.5421146953405018
Micropteropus pusillus,0.85933149399865,985.0,132.0,0.11827956989247312
Mimetillus moloneyi,0.636399944162151,801.0,316.0,0.2831541218637993
Mimon bennettii,0.490159637516747,612.0,505.0,0.4525089605734767
Mimon cozumelae,0.337260616515731,443.0,674.0,0.6039426523297491
Mimon crenulatum,0.47585717826503,593.0,524.0,0.46953405017921146
Mimon koepckeae,0.041982959255137,5.0,1112.0,0.996415770609319
Miniopterus africanus,0.538484998489648,662.0,455.0,0.40770609318996415
Miniopterus australis,0.503117966603739,624.0,493.0,0.44175627240143367
Miniopterus fraterculus,0.564190192306904,710.0,407.0,0.36469534050179214
Miniopterus fuscus,0.581443036853051,732.0,385.0,0.3449820788530466
Miniopterus gleni,0.404721739748321,518.0,599.0,0.5367383512544803
Miniopterus inflatus,0.714860698106647,874.0,243.0,0.21774193548387097
Miniopterus macrocneme,0.237368379923435,277.0,840.0,0.7526881720430108
Miniopterus magnater,0.845659040364371,967.0,150.0,0.13440860215053763
Miniopterus majori,0.508894323107012,631.0,486.0,0.43548387096774194
Miniopterus manavi,0.4852425760828,603.0,514.0,0.460573476702509
Miniopterus medius,0.669111557017674,837.0,280.0,0.25089605734767023
Miniopterus minor,0.412339991325228,528.0,589.0,0.5277777777777778
Miniopterus natalensis,0.629483605216909,793.0,324.0,0.2903225806451613
Miniopterus paululus,0.552663206486388,673.0,444.0,0.3978494623655914
Miniopterus pusillus,0.787771903500521,914.0,203.0,0.18189964157706093
Miniopterus robustior,0.134378965467075,127.0,990.0,0.8870967741935484
Miniopterus schreibersii,0.932449961453237,1073.0,44.0,0.03942652329749104
Miniopterus shortridgei,0.557301579136892,685.5,431.5,0.3866487455197133
Miniopterus tristis,0.747088727102387,886.0,231.0,0.20698924731182797
Molossops aequatorianus,0.0750413422560432,34.0,1083.0,0.9704301075268817
Molossops mattogrossensis,0.165493736753792,181.0,936.0,0.8387096774193549
Molossops neglectus,0.134833993300398,130.0,987.0,0.8844086021505376
Molossops temminckii,0.173200769479207,190.0,927.0,0.8306451612903226
Molossus aztecus,0.180846967967875,202.0,915.0,0.8198924731182796
Molossus barnesi,0.0838065879542245,46.0,1071.0,0.9596774193548387
Molossus coibensis,0.136216131688219,134.0,983.0,0.8808243727598566
Molossus currentium,0.18336003143129,209.0,908.0,0.8136200716845878
Molossus molossus,0.54097412226339,665.0,452.0,0.4050179211469534
Molossus pretiosus,0.332384427560219,436.0,681.0,0.6102150537634409
Molossus rufus,0.534991648171015,659.0,458.0,0.4103942652329749
Molossus sinaloae,0.549494551431573,671.0,446.0,0.3996415770609319
Monophyllus plethodon,0.196598065677065,227.0,890.0,0.7974910394265233
Monophyllus redmani,0.161434243580271,172.0,945.0,0.8467741935483871
Mops brachypterus,0.537590065316066,661.0,456.0,0.40860215053763443
Mops condylurus,0.944102458476509,1086.0,31.0,0.027777777777777776
Mops congicus,0.609371631116974,772.0,345.0,0.30913978494623656
Mops demonstrator,0.271916162216912,324.0,793.0,0.7105734767025089
Mops leucostigma,0.546981870945899,668.0,449.0,0.40232974910394265
Mops midas,0.896924470533419,1035.0,82.0,0.07347670250896057
Mops mops,0.653973316351224,824.0,293.0,0.2625448028673835
Mops nanulus,0.415378540105249,530.0,587.0,0.5259856630824373
Mops niangarae,0.117677667133835,98.0,1019.0,0.9130824372759857
Mops niveiventer,0.446192109090507,566.0,551.0,0.49372759856630827
Mops petersoni,0.136468449249321,135.0,982.0,0.8799283154121864
Mops sarasinorum,0.563923021673001,708.0,409.0,0.3664874551971326
Mops spurrelli,0.193152645459244,221.0,896.0,0.8028673835125448
Mops thersites,0.585749111701496,741.0,376.0,0.33691756272401435
Mops trevori,0.372917648026532,487.0,630.0,0.5645161290322581
Mormoops blainvillei,0.163850241700852,175.0,942.0,0.8440860215053764
Mormoops magna,0.557301579136892,685.5,431.5,0.3866487455197133
Mormoops megalophylla,0.594142914419011,749.0,368.0,0.32974910394265233
Mormopterus acetabulosus,0.472328524129849,591.0,526.0,0.471326164874552
Mormopterus beccarii,0.491501358043169,615.0,502.0,0.449820788530466
Mormopterus doriae,0.242079349765229,283.0,834.0,0.7473118279569892
Mormopterus jugularis,0.423879492134655,541.0,576.0,0.5161290322580645
Mormopterus kalinowskii,0.0500665246023587,9.0,1108.0,0.992831541218638
Mormopterus loriae,0.333765544179318,439.0,678.0,0.6075268817204301
Mormopterus minutus,0.101115902922023,70.0,1047.0,0.9381720430107527
Mormopterus norfolkensis,0.257574110195891,302.0,815.0,0.7302867383512545
Mormopterus phrudus,0.0369085060550973,2.0,1115.0,0.9991039426523297
Mormopterus planiceps,0.347345198602315,455.0,662.0,0.5931899641577061
Mosia nigrescens,0.303770486778213,382.0,735.0,0.6586021505376344
Murina aenea,0.383426689635426,497.0,620.0,0.5555555555555556
Murina aurata,0.752259299776324,891.0,226.0,0.2025089605734767
Murina cyclotis,0.869828541526263,1003.0,114.0,0.10215053763440861
Murina florium,0.18235708924582,208.0,909.0,0.8145161290322581
Murina fusca,0.682507232752116,848.0,269.0,0.2410394265232975
Murina grisea,0.486186770955979,604.0,513.0,0.4596774193548387
Murina hilgendorfi,0.803743007835906,925.0,192.0,0.17204301075268819
Murina huttoni,0.864314320987361,993.0,124.0,0.1111111111111111
Murina leucogaster,0.896168888842429,1032.0,85.0,0.07616487455197132
Murina puta,0.583007402500685,735.0,382.0,0.34229390681003585
Murina rozendaali,0.282999875102816,338.0,779.0,0.6980286738351255
Murina ryukyuana,0.510019031628064,633.0,484.0,0.4336917562724014
Murina silvatica,0.627796046934132,792.0,325.0,0.29121863799283154
Murina suilla,0.516518257598823,640.0,477.0,0.4274193548387097
Murina tenebrosa,0.503025692285185,623.0,494.0,0.44265232974910396
Murina tubinaris,0.817782433616001,939.0,178.0,0.15949820788530467
Murina ussuriensis,0.580124320061041,731.0,386.0,0.34587813620071683
Musonycteris harrisoni,0.133329407877526,124.0,993.0,0.8897849462365591
Myonycteris brachycephala,0.240103996668267,280.0,837.0,0.75
Myonycteris relicta,0.682510685887117,849.0,268.0,0.24014336917562723
Myonycteris torquata,0.854968279094411,980.0,137.0,0.12275985663082438
Myopterus daubentonii,0.355094955129021,461.0,656.0,0.5878136200716846
Myopterus whitleyi,0.470631750516374,590.0,527.0,0.4722222222222222
Myotis abei,0.407084902504551,522.0,595.0,0.5331541218637993
Myotis adversus,0.63842947448476,804.0,313.0,0.28046594982078854
Myotis aelleni,0.0378126847422392,3.0,1114.0,0.9982078853046595
Myotis albescens,0.345483721773992,451.0,666.0,0.5967741935483871
Myotis alcathoe,0.556049632721557,677.0,440.0,0.3942652329749104
Myotis altarium,0.928873825994113,1065.0,52.0,0.04659498207885305
Myotis anjouanensis,0.21066130330379,242.0,875.0,0.7840501792114696
Myotis annamiticus,0.383971294619783,498.0,619.0,0.5546594982078853
Myotis annectans,0.827475434831879,948.0,169.0,0.15143369175627241
Myotis atacamensis,0.0489881516680098,8.0,1109.0,0.9937275985663082
Myotis ater,0.404479798981377,517.0,600.0,0.5376344086021505
Myotis auriculus,0.135311498906293,132.0,985.0,0.8826164874551972
Myotis australis,0.552726020669557,674.0,443.0,0.39695340501792115
Myotis austroriparius,0.227498276989383,263.0,854.0,0.7652329749103942
Myotis bechsteinii,0.88313928888881,1015.0,102.0,0.0913978494623656
Myotis blythii,0.937614680699499,1077.0,40.0,0.035842293906810034
Myotis bocagii,0.843604897960568,966.0,151.0,0.13530465949820789
Myotis bombinus,0.794800006761992,919.0,198.0,0.1774193548387097
Myotis brandtii,0.88462435048103,1019.0,98.0,0.08781362007168458
Myotis bucharensis,0.558449937363526,694.0,423.0,0.3790322580645161
Myotis californicus,0.210058966744768,241.0,876.0,0.7849462365591398
Myotis capaccinii,0.863408431441647,990.0,127.0,0.11379928315412187
Myotis chiloensis,0.0500692763047407,10.0,1107.0,0.9919354838709677
Myotis chinensis,0.945499333444418,1088.0,29.0,0.025985663082437275
Myotis ciliolabrum,0.562028352163585,704.0,413.0,0.37007168458781364
Myotis cobanensis,0.0896347766946908,53.0,1064.0,0.953405017921147
Myotis csorbai,0.621504157057055,786.0,331.0,0.29659498207885304
Myotis dasycneme,0.924813935568674,1059.0,58.0,0.05197132616487455
Myotis daubentonii,0.883143749777149,1016.0,101.0,0.09050179211469533
Myotis davidii,0.556948793756565,678.0,439.0,0.39336917562724016
Myotis dominicensis,0.0963268750574495,61.0,1056.0,0.946236559139785
Myotis elegans,0.25619719615876,299.0,818.0,0.7329749103942652
Myotis emarginatus,0.882799410742652,1014.0,103.0,0.09229390681003584
Myotis evotis,0.147958889888541,151.0,966.0,0.8655913978494624
Myotis fimbriatus,0.686051905446146,855.0,262.0,0.23476702508960573
Myotis findleyi,0.0680333697609281,28.0,1089.0,0.9758064516129032
Myotis formosus,0.951626780827706,1092.0,25.0,0.022401433691756272
Myotis fortidens,0.249352742489958,292.0,825.0,0.739247311827957
Myotis frater,0.57292337545037,725.0,392.0,0.35125448028673834
Myotis gomantongensis,0.610461765748135,775.0,342.0,0.3064516129032258
Myotis goudoti,0.459233076912139,579.0,538.0,0.482078853046595
Myotis grisescens,0.286479912905891,344.0,773.0,0.692652329749104
Myotis hajastanicus,0.558018244384109,688.0,429.0,0.3844086021505376
Myotis hasseltii,0.813814580315161,938.0,179.0,0.1603942652329749
Myotis hermani,0.309916187583539,398.0,719.0,0.6442652329749103
Myotis horsfieldii,0.818203423310925,940.0,177.0,0.1586021505376344
Myotis hosonoi,0.563837018269136,707.0,410.0,0.3673835125448029
Myotis ikonnikovi,0.77840817616446,905.0,212.0,0.18996415770609318
Myotis insularum,0.0387655431899767,4.0,1113.0,0.9973118279569892
Myotis keaysi,0.299325348466299,372.0,745.0,0.6675627240143369
Myotis keenii,0.104812904308821,78.0,1039.0,0.9310035842293907
Myotis laniger,0.865080327968711,994.0,123.0,0.11021505376344086
Myotis leibii,0.225817782015613,259.0,858.0,0.7688172043010753
Myotis levis,0.137757396403601,138.0,979.0,0.8772401433691757
Myotis longipes,0.697647090327261,861.0,256.0,0.22939068100358423
Myotis lucifugus,0.568113634034114,717.0,400.0,0.35842293906810035
Myotis macrodactylus,0.779599507819652,907.0,210.0,0.1881720430107527
Myotis macropus,0.246506989901567,288.0,829.0,0.742831541218638
Myotis macrotarsus,0.690173176552829,858.0,259.0,0.23207885304659498
Myotis martiniquensis,0.0988897677001341,65.0,1052.0,0.942652329749104
Myotis melanorhinus,0.164641013387645,178.0,939.0,0.8413978494623656
Myotis moluccarum,0.287123303611387,345.0,772.0,0.6917562724014337
Myotis montivagus,0.898671667396109,1037.0,80.0,0.07168458781362007
Myotis morrisi,0.494512416919673,618.0,499.0,0.44713261648745517
Myotis muricola,0.862973976992709,988.0,129.0,0.11559139784946236
Myotis myotis,0.875580095031663,1007.0,110.0,0.0985663082437276
Myotis mystacinus,0.558156800698023,690.0,427.0,0.3826164874551971
Myotis nattereri,0.901730761105323,1040.0,77.0,0.06899641577060932
Myotis nesopolus,0.0892041340050051,52.0,1065.0,0.9543010752688172
Myotis nigricans,0.551276478410699,672.0,445.0,0.39874551971326166
Myotis nipalensis,0.559959855550305,699.0,418.0,0.37455197132616486
Myotis occultus,0.573069774204148,726.0,391.0,0.3503584229390681
Myotis oreias,0.198753936740201,230.0,887.0,0.7948028673835126
Myotis oxygnathus,0.895581184460054,1031.0,86.0,0.07706093189964158
Myotis oxyotus,0.144106168209179,147.0,970.0,0.8691756272401434
Myotis ozensis,0.506357627006565,626.0,491.0,0.4399641577060932
Myotis peninsularis,0.0529323575960534,15.0,1102.0,0.9874551971326165
Myotis pequinius,0.849657032318637,975.0,142.0,0.12724014336917563
Myotis planiceps,0.0627046946356595,23.0,1094.0,0.9802867383512545
Myotis pruinosus,0.642014751002416,809.0,308.0,0.27598566308243727
Myotis punicus,0.4144599041638,529.0,588.0,0.5268817204301075
Myotis ricketti,0.860488512053254,987.0,130.0,0.11648745519713262
Myotis ridleyi,0.371125102767262,481.0,636.0,0.5698924731182796
Myotis riparius,0.287449932473301,346.0,771.0,0.6908602150537635
Myotis rosseti,0.511083848693172,634.0,483.0,0.4327956989247312
Myotis ruber,0.177344464447394,194.0,923.0,0.8270609318996416
Myotis schaubi,0.721474721567412,878.0,239.0,0.21415770609318996
Myotis scotti,0.299290398790872,371.0,746.0,0.6684587813620072
Myotis septentrionalis,0.299141780376147,369.0,748.0,0.6702508960573477
Myotis sicarius,0.789509525311971,916.0,201.0,0.18010752688172044
Myotis siligorensis,0.836145089504754,961.0,156.0,0.13978494623655913
Myotis simus,0.170155800703044,186.0,931.0,0.8342293906810035
Myotis sodalis,0.308971426593791,394.0,723.0,0.6478494623655914
Myotis stalkeri,0.331033944685666,434.0,683.0,0.6120071684587813
Myotis thysanodes,0.308509815429301,392.0,725.0,0.649641577060932
Myotis tricolor,0.711484360614698,869.0,248.0,0.2222222222222222
Myotis velifer,0.282694710542378,337.0,780.0,0.6989247311827957
Myotis vivesi,0.138812877649525,139.0,978.0,0.8763440860215054
Myotis volans,0.197979488094506,228.0,889.0,0.796594982078853
Myotis welwitschii,0.603037166016345,761.0,356.0,0.31899641577060933
Myotis yanbarensis,0.516650907986791,642.0,475.0,0.42562724014336917
Myotis yesoensis,0.546874315366109,667.0,450.0,0.4032258064516129
Myotis yumanensis,0.174623647432457,193.0,924.0,0.8279569892473119
Mystacina robusta,0.625503204388714,790.0,327.0,0.29301075268817206
Mystacina tuberculata,0.299154537488122,370.0,747.0,0.6693548387096774
Myzopoda aurita,0.443290776515538,564.0,553.0,0.49551971326164873
Nanonycteris veldkampii,0.615191450428672,780.0,337.0,0.30197132616487454
Natalus jamaicensis,0.0802289577954292,41.0,1076.0,0.96415770609319
Natalus major,0.102064952417559,71.0,1046.0,0.9372759856630825
Natalus primus,0.113942726457312,87.0,1030.0,0.9229390681003584
Natalus stramineus,0.531627956078542,655.0,462.0,0.41397849462365593
Natalus tumidirostris,0.115490415723293,93.0,1024.0,0.9175627240143369
Neonycteris pusilla,0.0509718365559068,11.0,1106.0,0.9910394265232975
Neopteryx frosti,0.53721240169923,660.0,457.0,0.40949820788530467
Neoromicia brunneus,0.159384391011364,165.0,952.0,0.8530465949820788
Neoromicia capensis,0.647688731596519,816.0,301.0,0.26971326164874554
Neoromicia flavescens,0.299357414765106,374.0,743.0,0.6657706093189965
Neoromicia guineensis,0.595682656986158,753.0,364.0,0.32616487455197135
Neoromicia helios,0.759555690857923,898.0,219.0,0.19623655913978494
Neoromicia melckorum,0.151283625871995,158.0,959.0,0.8593189964157706
Neoromicia nanus,0.863155349618084,989.0,128.0,0.11469534050179211
Neoromicia rendalli,0.789612287872638,917.0,200.0,0.17921146953405018
Neoromicia somalicus,0.754253090278435,892.0,225.0,0.20161290322580644
Neoromicia tenuipinnis,0.650623913357912,823.0,294.0,0.26344086021505375
Neoromicia zuluensis,0.184439067396169,211.0,906.0,0.8118279569892473
Noctilio albiventris,0.558908526820082,696.0,421.0,0.3772401433691756
Noctilio leporinus,0.644869046686622,813.0,304.0,0.2724014336917563
Notopteris macdonaldi,0.327453124416062,427.0,690.0,0.6182795698924731
Notopteris neocaledonica,0.158040674537645,163.0,954.0,0.8548387096774194
Nyctalus aviator,0.848040416265188,973.0,144.0,0.12903225806451613
Nyctalus azoreum,0.251297430254087,294.0,823.0,0.7374551971326165
Nyctalus furvus,0.602702819844143,760.0,357.0,0.31989247311827956
Nyctalus lasiopterus,0.928683119225119,1064.0,53.0,0.047491039426523295
Nyctalus leisleri,0.936568849601332,1076.0,41.0,0.036738351254480286
Nyctalus montanus,0.75463535020022,894.0,223.0,0.19982078853046595
Nyctalus noctula,0.960583684278914,1105.0,12.0,0.010752688172043012
Nyctalus plancyi,0.820847162363939,942.0,175.0,0.15681003584229392
Nycteris arge,0.672379740356202,840.0,277.0,0.2482078853046595
Nycteris aurita,0.458415393945383,578.0,539.0,0.4829749103942652
Nycteris gambiensis,0.320779231521022,417.0,700.0,0.6272401433691757
Nycteris grandis,0.828379859368832,949.0,168.0,0.15053763440860216
Nycteris hispida,0.876004746459319,1008.0,109.0,0.09767025089605735
Nycteris intermedia,0.448850020648661,570.0,547.0,0.49014336917562723
Nycteris javanica,0.417991534603205,533.0,584.0,0.5232974910394266
Nycteris macrotis,0.866542792125973,996.0,121.0,0.10842293906810035
Nycteris madagascariensis,0.490203804209105,613.0,504.0,0.45161290322580644
Nycteris major,0.50845600403452,630.0,487.0,0.43637992831541217
Nycteris nana,0.480256286733932,598.0,519.0,0.4650537634408602
Nycteris parisii,0.320407385332322,415.0,702.0,0.6290322580645161
Nycteris thebaica,0.964143472235786,1109.0,8.0,0.007168458781362007
Nycteris tragata,0.809771623080197,933.0,184.0,0.16487455197132617
Nycteris vinsoni,0.236492649685582,276.0,841.0,0.753584229390681
Nycteris woodi,0.310626613782981,401.0,716.0,0.6415770609318996
Nycticeinops schlieffeni,0.905846980204305,1046.0,71.0,0.06362007168458782
Nycticeius aenobarbus,0.55894334924423,697.0,420.0,0.3763440860215054
Nycticeius cubanus,0.127990140295577,113.0,1004.0,0.899641577060932
Nycticeius humeralis,0.336769071869108,441.0,676.0,0.6057347670250897
Nyctiellus lepidus,0.148960524711926,152.0,965.0,0.8646953405017921
Nyctimene aello,0.513578114191914,637.0,480.0,0.43010752688172044
Nyctimene albiventer,0.432229132263493,551.0,566.0,0.507168458781362
Nyctimene cephalotes,0.566126768787207,712.0,405.0,0.3629032258064516
Nyctimene certans,0.35519631898605,462.0,655.0,0.5869175627240143
Nyctimene cyclotis,0.328811570129116,431.0,686.0,0.6146953405017921
Nyctimene draconilla,0.331650760739847,435.0,682.0,0.6111111111111112
Nyctimene keasti,0.14186240447571,143.0,974.0,0.8727598566308243
Nyctimene major,0.275494232406125,327.0,790.0,0.7078853046594982
Nyctimene malaitensis,0.239218409035278,278.0,839.0,0.7517921146953405
Nyctimene masalai,0.288440564633507,348.0,769.0,0.6890681003584229
Nyctimene minutus,0.509893232990441,632.0,485.0,0.4345878136200717
Nyctimene rabori,0.620263587871242,785.0,332.0,0.2974910394265233
Nyctimene robinsoni,0.525106475918046,651.0,466.0,0.4175627240143369
Nyctimene sanctacrucis,0.227453185657387,262.0,855.0,0.7661290322580645
Nyctimene vizcaccia,0.233357950076002,272.0,845.0,0.757168458781362
Nyctinomops aurispinosus,0.633113286904138,795.0,322.0,0.2885304659498208
Nyctinomops femorosaccus,0.306270290048908,386.0,731.0,0.6550179211469535
Nyctinomops laticaudatus,0.507813743478062,629.0,488.0,0.43727598566308246
Nyctinomops macrotis,0.711227218674765,868.0,249.0,0.22311827956989247
Nyctophilus arnhemensis,0.498712898385993,620.0,497.0,0.4453405017921147
Nyctophilus bifax,0.528999415500739,653.0,464.0,0.4157706093189964
Nyctophilus geoffroyi,0.420202553484049,535.0,582.0,0.521505376344086
Nyctophilus gouldi,0.377731870155973,493.0,624.0,0.5591397849462365
Nyctophilus heran,0.308085204065138,391.0,726.0,0.6505376344086021
Nyctophilus howensis,0.557091888687656,681.0,436.0,0.3906810035842294
Nyctophilus microdon,0.165102062210864,179.0,938.0,0.8405017921146953
Nyctophilus microtis,0.159597934770933,166.0,951.0,0.8521505376344086
Nyctophilus nebulosus,0.122028169058084,104.0,1013.0,0.9077060931899642
Nyctophilus timoriensis,0.39166265120977,505.0,612.0,0.5483870967741935
Nyctophilus walkeri,0.338695080224657,444.0,673.0,0.6030465949820788
Otomops formosus,0.386694100103469,501.0,616.0,0.5519713261648745
Otomops johnstonei,0.251513013287579,295.0,822.0,0.7365591397849462
Otomops madagascariensis,0.378707075331531,495.0,622.0,0.557347670250896
Otomops martiensseni,0.828545449996142,950.0,167.0,0.1496415770609319
Otomops papuensis,0.160120814896928,167.0,950.0,0.8512544802867383
Otomops secundus,0.239777861293045,279.0,838.0,0.7508960573476703
Otomops wroughtoni,0.454281096058769,573.0,544.0,0.4874551971326165
Otonycteris hemprichii,0.92913934294996,1066.0,51.0,0.0456989247311828
Otopteropus cartilagonodus,0.719362720777402,876.0,241.0,0.21594982078853048
Paracoelops megalotis,0.583241279262283,737.0,380.0,0.34050179211469533
Paranyctimene raptor,0.358580415334052,467.0,650.0,0.5824372759856631
Paranyctimene tenax,0.568753966140667,718.0,399.0,0.3575268817204301
Penthetor lucasi,0.836221245588615,962.0,155.0,0.1388888888888889
Peropteryx kappleri,0.583120475830161,736.0,381.0,0.34139784946236557
Peropteryx leucoptera,0.114559674590047,90.0,1027.0,0.9202508960573477
Peropteryx macrotis,0.49262418560678,616.0,501.0,0.4489247311827957
Peropteryx trinitatis,0.122139370815589,105.0,1012.0,0.9068100358422939
Pharotis imogene,0.14638949786743,150.0,967.0,0.8664874551971327
Philetor brachypterus,0.686032819877568,854.0,263.0,0.235663082437276
Phoniscus aerosa,0.555269654695269,675.0,442.0,0.3960573476702509
Phoniscus atrox,0.328270164673976,429.0,688.0,0.6164874551971327
Phoniscus jagorii,0.341758515721886,447.0,670.0,0.600358422939068
Phoniscus papuensis,0.223893367155298,257.0,860.0,0.7706093189964157
Phylloderma stenops,0.702019931976259,863.0,254.0,0.22759856630824374
Phyllonycteris aphylla,0.150769405809331,156.0,961.0,0.8611111111111112
Phyllonycteris major,0.572232008628232,724.0,393.0,0.3521505376344086
Phyllonycteris poeyi,0.168714963231857,183.0,934.0,0.8369175627240143
Phyllops falcatus,0.131123282580382,120.0,997.0,0.8933691756272402
Phyllostomus discolor,0.65750423562696,829.0,288.0,0.25806451612903225
Phyllostomus elongatus,0.443319685607252,565.0,552.0,0.4946236559139785
Phyllostomus hastatus,0.599723980075271,754.0,363.0,0.32526881720430106
Phyllostomus latifolius,0.173691257477693,192.0,925.0,0.828853046594982
Pipistrellus abramus,0.832523910574838,958.0,159.0,0.1424731182795699
Pipistrellus adamsi,0.280363220884877,333.0,784.0,0.7025089605734767
Pipistrellus aero,0.267477411863895,315.0,802.0,0.7186379928315412
Pipistrellus angulatus,0.178331567539339,197.0,920.0,0.8243727598566308
Pipistrellus ceylonicus,0.896172279454706,1033.0,84.0,0.07526881720430108
Pipistrellus collinus,0.191318299460106,219.0,898.0,0.8046594982078853
Pipistrellus coromandra,0.834460542009856,959.0,158.0,0.14157706093189965
Pipistrellus deserti,0.489473848475182,611.0,506.0,0.45340501792114696
Pipistrellus endoi,0.637171945440279,802.0,315.0,0.28225806451612906
Pipistrellus hesperidus,0.794843834429756,920.0,197.0,0.17652329749103943
Pipistrellus hesperus,0.181721662872302,207.0,910.0,0.8154121863799283
Pipistrellus inexspectatus,0.487050838983152,605.0,512.0,0.45878136200716846
Pipistrellus javanicus,0.867363165153067,998.0,119.0,0.10663082437275985
Pipistrellus kuhlii,0.859815424142974,986.0,131.0,0.11738351254480286
Pipistrellus maderensis,0.202255657009057,234.0,883.0,0.7912186379928315
Pipistrellus minahassae,0.310226919544165,400.0,717.0,0.6424731182795699
Pipistrellus nanulus,0.370469332129275,480.0,637.0,0.5707885304659498
Pipistrellus nathusii,0.851033139250872,977.0,140.0,0.12544802867383512
Pipistrellus papuanus,0.201242616123729,233.0,884.0,0.7921146953405018
Pipistrellus paterculus,0.805518621182778,928.0,189.0,0.1693548387096774
Pipistrellus permixtus,0.179823065838091,199.0,918.0,0.8225806451612904
Pipistrellus pipistrellus,0.868954561546873,1000.0,117.0,0.10483870967741936
Pipistrellus pygmaeus,0.846354382608249,969.0,148.0,0.13261648745519714
Pipistrellus rueppellii,0.92033419236136,1056.0,61.0,0.05465949820788531
Pipistrellus rusticus,0.570363391885923,722.0,395.0,0.3539426523297491
Pipistrellus stenopterus,0.561845371225963,703.0,414.0,0.3709677419354839
Pipistrellus sturdeei,0.548973265699552,670.0,447.0,0.40053763440860213
Pipistrellus subflavus,0.345968068393817,452.0,665.0,0.5958781362007168
Pipistrellus tenuis,0.892569088138634,1029.0,88.0,0.07885304659498207
Pipistrellus wattsi,0.102212299414095,72.0,1045.0,0.9363799283154122
Pipistrellus westralis,0.371940167562379,483.0,634.0,0.568100358422939
Platalina genovensium,0.140748813589928,140.0,977.0,0.8754480286738351
Platymops setiger,0.489038022748847,610.0,507.0,0.4543010752688172
Platyrrhinus aurarius,0.181457694097872,204.0,913.0,0.818100358422939
Platyrrhinus brachycephalus,0.188035808361126,214.0,903.0,0.8091397849462365
Platyrrhinus chocoensis,0.0871381864235513,50.0,1067.0,0.9560931899641577
Platyrrhinus dorsalis,0.286292584564052,343.0,774.0,0.6935483870967742
Platyrrhinus helleri,0.27428400675319,325.0,792.0,0.7096774193548387
Platyrrhinus infuscus,0.158669548038104,164.0,953.0,0.8539426523297491
Platyrrhinus lineatus,0.447431670005616,567.0,550.0,0.492831541218638
Platyrrhinus recifinus,0.303346142474196,381.0,736.0,0.6594982078853047
Platyrrhinus umbratus,0.329922267014511,433.0,684.0,0.6129032258064516
Platyrrhinus vittatus,0.310896657849302,402.0,715.0,0.6406810035842294
Plecotus alpinus,0.557167939819349,683.0,434.0,0.3888888888888889
Plecotus auritus,0.920244434504744,1055.0,62.0,0.05555555555555555
Plecotus austriacus,0.908599100847867,1049.0,68.0,0.06093189964157706
Plecotus balensis,0.298269887368478,366.0,751.0,0.6729390681003584
Plecotus kolombatovici,0.557167939819349,683.0,434.0,0.3888888888888889
Plecotus sardus,0.558185115732211,692.5,424.5,0.3803763440860215
Plecotus taivanus,0.613633870024825,779.0,338.0,0.30286738351254483
Plecotus teneriffae,0.207120603644509,237.0,880.0,0.7885304659498208
Plerotes anchietae,0.320923114868191,418.0,699.0,0.6263440860215054
Promops centralis,0.477524178970028,596.0,521.0,0.4668458781362007
Promops nasutus,0.256040062045714,298.0,819.0,0.7338709677419355
Ptenochirus jagori,0.680906641172352,846.0,271.0,0.24283154121863798
Ptenochirus minor,0.603206130857272,762.0,355.0,0.31810035842293904
Pteralopex acrodonta,0.341387032227526,446.0,671.0,0.6012544802867383
Pteralopex anceps,0.294994345547468,358.0,759.0,0.6801075268817204
Pteralopex atrata,0.284797702298827,342.0,775.0,0.6944444444444444
Pteralopex pulchra,0.179894562804192,200.0,917.0,0.8216845878136201
Pteralopex taki,0.133690081392586,125.0,992.0,0.8888888888888888
Pteronotus davyi,0.394662274813465,507.0,610.0,0.546594982078853
Pteronotus gymnonotus,0.421756771207839,538.0,579.0,0.5188172043010753
Pteronotus macleayii,0.169146274156198,184.0,933.0,0.8360215053763441
Pteronotus parnellii,0.640537033001901,808.0,309.0,0.2768817204301075
Pteronotus personatus,0.669114635005886,838.0,279.0,0.25
Pteronotus pristinus,0.558156800698023,690.0,427.0,0.3826164874551971
Pteronotus quadridens,0.103127108173506,74.0,1043.0,0.9345878136200717
Pteropus admiralitatum,0.297914672130471,364.0,753.0,0.6747311827956989
Pteropus aldabrensis,0.423644981807871,540.0,577.0,0.5170250896057348
Pteropus alecto,0.499959990597927,622.0,495.0,0.4435483870967742
Pteropus anetianus,0.309278242561713,395.0,722.0,0.6469534050179212
Pteropus aruensis,0.132714869667676,122.0,995.0,0.8915770609318996
Pteropus banakrisi,0.217285557830031,250.0,867.0,0.7768817204301075
Pteropus brunneus,0.676732900826039,842.0,275.0,0.246415770609319
Pteropus caniceps,0.621865042659796,788.0,329.0,0.2948028673835125
Pteropus capistratus,0.134680225117509,129.0,988.0,0.8853046594982079
Pteropus chrysoproctus,0.659935774625961,831.0,286.0,0.25627240143369173
Pteropus cognatus,0.181624958637595,206.0,911.0,0.8163082437275986
Pteropus conspicillatus,0.564773461265624,711.0,406.0,0.36379928315412186
Pteropus dasymallus,0.827236613240869,947.0,170.0,0.15232974910394265
Pteropus faunulus,0.520351975551637,643.0,474.0,0.42473118279569894
Pteropus fundatus,0.297654356814883,363.0,754.0,0.6756272401433692
Pteropus giganteus,0.950337109766604,1090.0,27.0,0.024193548387096774
Pteropus gilliardorum,0.353518483244061,457.0,660.0,0.5913978494623656
Pteropus griseus,0.354905677720705,460.0,657.0,0.5887096774193549
Pteropus howensis,0.322528480865074,420.0,697.0,0.6245519713261649
Pteropus hypomelanus,0.857083312925379,983.0,134.0,0.12007168458781362
Pteropus insularis,0.358495056625873,466.0,651.0,0.5833333333333334
Pteropus intermedius,0.742002811058188,885.0,232.0,0.2078853046594982
Pteropus keyensis,0.141057928344839,141.0,976.0,0.8745519713261649
Pteropus leucopterus,0.824272988873949,945.0,172.0,0.15412186379928317
Pteropus livingstonii,0.487150155440482,606.0,511.0,0.4578853046594982
Pteropus lombocensis,0.600351496843263,755.0,362.0,0.32437275985663083
Pteropus loochoensis,0.567290096718215,715.0,402.0,0.3602150537634409
Pteropus lylei,0.850566646944694,976.0,141.0,0.12634408602150538
Pteropus macrotis,0.47833317870542,597.0,520.0,0.4659498207885305
Pteropus mahaganus,0.268787234370753,318.0,799.0,0.7159498207885304
Pteropus mariannus,0.713513167808753,870.0,247.0,0.22132616487455198
Pteropus melanopogon,0.461329507252236,581.0,536.0,0.48028673835125446
Pteropus melanotus,0.589565038255928,745.0,372.0,0.3333333333333333
Pteropus molossinus,0.36163957898301,470.0,647.0,0.5797491039426523
Pteropus neohibernicus,0.528382276326388,652.0,465.0,0.4166666666666667
Pteropus niger,0.543356482300565,666.0,451.0,0.40412186379928317
Pteropus nitendiensis,0.3077307083294,389.0,728.0,0.6523297491039427
Pteropus ocularis,0.534226657308562,657.0,460.0,0.4121863799283154
Pteropus ornatus,0.307846711222417,390.0,727.0,0.6514336917562724
Pteropus pelewensis,0.372887531659233,486.0,631.0,0.5654121863799283
Pteropus personatus,0.632422202036014,794.0,323.0,0.289426523297491
Pteropus pilosus,0.635510835058819,798.0,319.0,0.28584229390681004
Pteropus pohlei,0.408267525744475,524.0,593.0,0.5313620071684588
Pteropus poliocephalus,0.609253437922602,771.0,346.0,0.3100358422939068
Pteropus pselaphon,0.65413428222161,825.0,292.0,0.2616487455197133
Pteropus pumilus,0.853813776699728,979.0,138.0,0.12365591397849462
Pteropus rayneri,0.256986914444609,301.0,816.0,0.7311827956989247
Pteropus rennelli,0.161366152383927,171.0,946.0,0.8476702508960573
Pteropus rodricensis,0.462738192262008,583.0,534.0,0.478494623655914
Pteropus rufus,0.539055848208587,664.0,453.0,0.40591397849462363
Pteropus samoensis,0.364921031612339,472.0,645.0,0.5779569892473119
Pteropus scapulatus,0.735545879894011,882.0,235.0,0.21057347670250895
Pteropus seychellensis,0.567744597701221,716.0,401.0,0.3593189964157706
Pteropus speciosus,0.644727918568941,811.0,306.0,0.27419354838709675
Pteropus subniger,0.636350226736474,800.0,317.0,0.2840501792114695
Pteropus temminckii,0.283506836799744,340.0,777.0,0.696236559139785
Pteropus tokudae,0.680231879213122,845.0,272.0,0.24372759856630824
Pteropus tonganus,0.439905446141285,559.0,558.0,0.5
Pteropus tuberculatus,0.235609914086349,275.0,842.0,0.7544802867383512
Pteropus ualanus,0.230245225261603,267.0,850.0,0.7616487455197133
Pteropus vampyrus,0.927002604296489,1062.0,55.0,0.0492831541218638
Pteropus vetulus,0.305308844813241,384.0,733.0,0.6568100358422939
Pteropus voeltzkowi,0.437599806562446,556.0,561.0,0.5026881720430108
Pteropus woodfordi,0.262754481343532,312.0,805.0,0.7213261648745519
Pteropus yapensis,0.427015552776385,544.0,573.0,0.5134408602150538
Pygoderma bilabiatum,0.257637653448929,303.0,814.0,0.7293906810035843
Rhinolophus acuminatus,0.656989880481146,827.0,290.0,0.25985663082437277
Rhinolophus adami,0.219083118348376,252.0,865.0,0.775089605734767
Rhinolophus affinis,0.951650552380784,1093.0,24.0,0.021505376344086023
Rhinolophus alcyone,0.608033240216624,768.0,349.0,0.31272401433691754
Rhinolophus arcuatus,0.748557810848769,887.0,230.0,0.2060931899641577
Rhinolophus beddomei,0.680188395463107,844.0,273.0,0.2446236559139785
Rhinolophus blasii,0.911341730260849,1050.0,67.0,0.06003584229390681
Rhinolophus bocharicus,0.750983055809763,888.0,229.0,0.20519713261648745
Rhinolophus borneensis,0.829292627645388,951.0,166.0,0.14874551971326164
Rhinolophus canuti,0.38727331599269,502.0,615.0,0.5510752688172043
Rhinolophus capensis,0.302075040292643,379.0,738.0,0.6612903225806451
Rhinolophus celebensis,0.37327646977403,488.0,629.0,0.5636200716845878
Rhinolophus clivosus,0.902353702918835,1041.0,76.0,0.06810035842293907
Rhinolophus coelophyllus,0.798902586371323,922.0,195.0,0.17473118279569894
Rhinolophus cognatus,0.266588248882585,314.0,803.0,0.7195340501792115
Rhinolophus convexus,0.516214192686307,639.0,478.0,0.4283154121863799
Rhinolophus cornutus,0.573192364568002,727.0,390.0,0.34946236559139787
Rhinolophus creaghi,0.352177105378191,456.0,661.0,0.5922939068100358
Rhinolophus darlingi,0.569172140413035,719.0,398.0,0.35663082437275984
Rhinolophus deckenii,0.496643035471959,619.0,498.0,0.44623655913978494
Rhinolophus denti,0.228893953774099,265.0,852.0,0.7634408602150538
Rhinolophus eloquens,0.75147642972097,890.0,227.0,0.20340501792114696
Rhinolophus euryale,0.92367528120969,1057.0,60.0,0.053763440860215055
Rhinolophus euryotis,0.461796047492381,582.0,535.0,0.47939068100358423
Rhinolophus ferrumequinum,0.943541189374634,1085.0,32.0,0.02867383512544803
Rhinolophus formosae,0.62486725701648,789.0,328.0,0.2939068100358423
Rhinolophus fumigatus,0.938634878241097,1080.0,37.0,0.033154121863799284
Rhinolophus guineensis,0.177349504647709,195.0,922.0,0.8261648745519713
Rhinolophus hildebrandtii,0.788300292318715,915.0,202.0,0.18100358422939067
Rhinolophus hilli,0.289287857480434,350.0,767.0,0.6872759856630825
Rhinolophus hillorum,0.246718095839655,290.0,827.0,0.7410394265232975
Rhinolophus hipposideros,0.863779611733054,991.0,126.0,0.11290322580645161
Rhinolophus imaizumii,0.583347156229391,739.0,378.0,0.3387096774193548
Rhinolophus inops,0.634106653593599,797.0,320.0,0.2867383512544803
Rhinolophus keyensis,0.419592828811029,534.0,583.0,0.5224014336917563
Rhinolophus landeri,0.887156307768455,1022.0,95.0,0.08512544802867383
Rhinolophus lepidus,0.856878802479341,982.0,135.0,0.12096774193548387
Rhinolophus luctus,0.959437468859242,1103.0,14.0,0.012544802867383513
Rhinolophus maclaudi,0.230625355560518,268.0,849.0,0.760752688172043
Rhinolophus macrotis,0.883287605830466,1017.0,100.0,0.08960573476702509
Rhinolophus madurensis,0.336882281774432,442.0,675.0,0.6048387096774194
Rhinolophus maendeleo,0.153708328933541,161.0,956.0,0.8566308243727598
Rhinolophus malayanus,0.829735501781429,954.0,163.0,0.1460573476702509
Rhinolophus marshalli,0.869068728660864,1002.0,115.0,0.10304659498207885
Rhinolophus megaphyllus,0.369788673046384,479.0,638.0,0.5716845878136201
Rhinolophus mehelyi,0.90253073328034,1042.0,75.0,0.06720430107526881
Rhinolophus mitratus,0.667550788390578,836.0,281.0,0.2517921146953405
Rhinolophus monoceros,0.291284792315666,353.0,764.0,0.6845878136200717
Rhinolophus montanus,0.240259133956566,281.0,836.0,0.7491039426523297
Rhinolophus nereis,0.312360481443129,404.0,713.0,0.6388888888888888
Rhinolophus osgoodi,0.882661158333562,1013.0,104.0,0.0931899641577061
Rhinolophus paradoxolophus,0.838857407567233,965.0,152.0,0.13620071684587814
Rhinolophus pearsonii,0.952425984834292,1094.0,23.0,0.02060931899641577
Rhinolophus philippinensis,0.783103703752071,913.0,204.0,0.1827956989247312
Rhinolophus pusillus,0.721380194265271,877.0,240.0,0.21505376344086022
Rhinolophus rex,0.792918074383161,918.0,199.0,0.17831541218637992
Rhinolophus robinsoni,0.374899545701059,490.0,627.0,0.5618279569892473
Rhinolophus rouxii,0.81025106757963,934.0,183.0,0.1639784946236559
Rhinolophus rufus,0.48870805118566,609.0,508.0,0.4551971326164875
Rhinolophus ruwenzorii,0.260496187618999,305.0,812.0,0.7275985663082437
Rhinolophus sakejiensis,0.114017162025337,88.0,1029.0,0.9220430107526881
Rhinolophus sedulus,0.735630290151101,883.0,234.0,0.20967741935483872
Rhinolophus shameli,0.877454772451192,1009.0,108.0,0.0967741935483871
Rhinolophus shortridgei,0.439824367226975,558.0,559.0,0.5008960573476703
Rhinolophus siamensis,0.557167939819349,683.0,434.0,0.3888888888888889
Rhinolophus silvestris,0.217117046958249,248.0,869.0,0.7786738351254481
Rhinolophus simulator,0.714657339125554,873.0,244.0,0.21863799283154123
Rhinolophus sinicus,0.87876272029516,1010.0,107.0,0.09587813620071685
Rhinolophus stheno,0.780213446058113,909.0,208.0,0.1863799283154122
Rhinolophus subbadius,0.646884737666816,815.0,302.0,0.27060931899641577
Rhinolophus subrufus,0.621675384361868,787.0,330.0,0.2956989247311828
Rhinolophus swinnyi,0.507557754804404,628.0,489.0,0.4381720430107527
Rhinolophus thomasi,0.781453879935714,911.0,206.0,0.18458781362007168
Rhinolophus trifoliatus,0.932394982693348,1072.0,45.0,0.04032258064516129
Rhinolophus virgo,0.511759842364567,635.0,482.0,0.43189964157706096
Rhinolophus yunanensis,0.938259301485051,1079.0,38.0,0.034050179211469536
Rhinolophus ziama,0.561015530103227,702.0,415.0,0.3718637992831541
Rhinonicteris aurantia,0.217074635829202,247.0,870.0,0.7795698924731183
Rhinophylla alethina,0.0915641499045048,57.0,1060.0,0.9498207885304659
Rhinophylla fischerae,0.117278667770091,97.0,1020.0,0.9139784946236559
Rhinophylla pumilio,0.208756613657591,240.0,877.0,0.78584229390681
Rhinopoma hardwickii,0.943141131620878,1084.0,33.0,0.02956989247311828
Rhinopoma macinnesi,0.47663056573663,595.0,522.0,0.46774193548387094
Rhinopoma microphyllum,0.937693838626402,1078.0,39.0,0.03494623655913978
Rhinopoma muscatellum,0.898922739151906,1039.0,78.0,0.06989247311827956
Rhogeessa aeneus,0.11483787937507,92.0,1025.0,0.9184587813620072
Rhogeessa alleni,0.0984619724373426,63.0,1054.0,0.9444444444444444
Rhogeessa genowaysi,0.0574509742310583,18.0,1099.0,0.9847670250896058
Rhogeessa gracilis,0.120066891921307,102.0,1015.0,0.9094982078853047
Rhogeessa hussoni,0.0589389116852046,21.0,1096.0,0.982078853046595
Rhogeessa io,0.280122861180686,332.0,785.0,0.703405017921147
Rhogeessa minutilla,0.126285045391279,109.0,1008.0,0.9032258064516129
Rhogeessa mira,0.0834864355733449,45.0,1072.0,0.9605734767025089
Rhogeessa parvula,0.163297383349508,174.0,943.0,0.8449820788530465
Rhogeessa tumida,0.31393276174304,409.0,708.0,0.6344086021505376
Rhynchonycteris naso,0.284709281681736,341.0,776.0,0.6953405017921147
Rousettus aegyptiacus,0.976128275758219,1115.0,2.0,0.0017921146953405018
Rousettus amplexicaudatus,0.926008672315695,1060.0,57.0,0.051075268817204304
Rousettus bidens,0.563265785349781,706.0,411.0,0.3682795698924731
Rousettus celebensis,0.705417426964953,865.0,252.0,0.22580645161290322
Rousettus lanosus,0.798618264520634,921.0,196.0,0.17562724014336917
Rousettus leschenaultii,0.977294882791808,1116.0,1.0,0.0008960573476702509
Rousettus linduensis,0.581549472415167,733.0,384.0,0.34408602150537637
Rousettus madagascariensis,0.778664000278634,906.0,211.0,0.18906810035842295
Rousettus obliviosus,0.44883890879285,569.0,548.0,0.4910394265232975
Rousettus spinalatus,0.773208484657438,903.0,214.0,0.1917562724014337
Saccolaimus flaviventris,0.610411846016989,773.0,344.0,0.30824372759856633
Saccolaimus mixtus,0.300930620126758,377.0,740.0,0.6630824372759857
Saccolaimus peli,0.799324093191119,923.0,194.0,0.17383512544802868
Saccolaimus saccolaimus,0.926466467673882,1061.0,56.0,0.05017921146953405
Saccopteryx antioquensis,0.0429277442517523,6.0,1111.0,0.9955197132616488
Saccopteryx bilineata,0.564056869395251,709.0,408.0,0.3655913978494624
Saccopteryx canescens,0.0813302450541779,43.0,1074.0,0.9623655913978495
Saccopteryx gymnura,0.0516474148367397,13.0,1104.0,0.989247311827957
Saccopteryx leptura,0.246360075662249,287.0,830.0,0.7437275985663082
Sauromys petrophilus,0.187503852608143,213.0,904.0,0.8100358422939068
Scleronycteris ega,0.0651422453282661,26.0,1091.0,0.9775985663082437
Scoteanax rueppellii,0.407966734896418,523.0,594.0,0.532258064516129
Scotoecus albigula,0.711200701641802,867.0,250.0,0.22401433691756273
Scotoecus albofuscus,0.683775603587544,852.0,265.0,0.23745519713261648
Scotoecus hindei,0.806012543218769,929.0,188.0,0.16845878136200718
Scotoecus hirundo,0.558622661233012,695.0,422.0,0.3781362007168459
Scotoecus pallidus,0.692178748469053,859.0,258.0,0.23118279569892472
Scotomanes ornatus,0.954536194746781,1097.0,20.0,0.017921146953405017
Scotonycteris ophiodon,0.516590857482153,641.0,476.0,0.4265232974910394
Scotonycteris zenkeri,0.555667812697539,676.0,441.0,0.3951612903225806
Scotophilus borbonicus,0.316922732545246,412.0,705.0,0.6317204301075269
Scotophilus celebensis,0.327035867387969,425.0,692.0,0.6200716845878136
Scotophilus collinus,0.557078377018613,680.0,437.0,0.39157706093189965
Scotophilus dinganii,0.887151524132102,1021.0,96.0,0.08602150537634409
Scotophilus heathii,0.955204039099104,1098.0,19.0,0.017025089605734768
Scotophilus kuhlii,0.648442011544761,819.0,298.0,0.2670250896057348
Scotophilus leucogaster,0.929871495829192,1067.0,50.0,0.044802867383512544
Scotophilus nigrita,0.961873645107785,1106.0,11.0,0.00985663082437276
Scotophilus nucella,0.464588431620335,585.0,532.0,0.4767025089605735
Scotophilus nux,0.605047252864101,763.0,354.0,0.3172043010752688
Scotophilus robustus,0.649458683863341,822.0,295.0,0.26433691756272404
Scotophilus viridis,0.84954138303518,974.0,143.0,0.12813620071684587
Scotorepens balstoni,0.390617545973576,504.0,613.0,0.5492831541218638
Scotorepens greyii,0.476574721030559,594.0,523.0,0.46863799283154123
Scotorepens orion,0.36103778615616,468.0,649.0,0.5815412186379928
Scotorepens sanborni,0.312759234810824,407.0,710.0,0.6362007168458781
Scotozous dormeri,0.755298268118752,896.0,221.0,0.19802867383512546
Sphaerias blanfordi,0.927751394204558,1063.0,54.0,0.04838709677419355
Sphaeronycteris toxophyllum,0.131717243936155,121.0,996.0,0.8924731182795699
Stenoderma rufum,0.232360404118498,271.0,846.0,0.7580645161290323
Sturnira aratathomasi,0.290168631088234,352.0,765.0,0.6854838709677419
Sturnira bidens,0.129665895083265,117.0,1000.0,0.8960573476702509
Sturnira bogotensis,0.200225399355928,232.0,885.0,0.793010752688172
Sturnira erythromos,0.24595508917775,286.0,831.0,0.7446236559139785
Sturnira lilium,0.678885726547556,843.0,274.0,0.24551971326164876
Sturnira ludovici,0.708334439464347,866.0,251.0,0.224910394265233
Sturnira luisi,0.114630378278632,91.0,1026.0,0.9193548387096774
Sturnira magna,0.113597231236995,86.0,1031.0,0.9238351254480287
Sturnira mistratensis,0.0708472681843856,30.0,1087.0,0.9740143369175627
Sturnira mordax,0.135888609606424,133.0,984.0,0.8817204301075269
Sturnira nana,0.0579148709814037,19.0,1098.0,0.9838709677419355
Sturnira oporaphilum,0.143087571760702,145.0,972.0,0.8709677419354839
Sturnira thomasi,0.170799944805312,187.0,930.0,0.8333333333333334
Sturnira tildae,0.523878003376114,649.0,468.0,0.41935483870967744
Styloctenium wallacei,0.645368067250145,814.0,303.0,0.271505376344086
Syconycteris australis,0.264363493193108,313.0,804.0,0.7204301075268817
Syconycteris carolinae,0.534033973350959,656.0,461.0,0.41308243727598565
Syconycteris hobbit,0.314490649746255,411.0,706.0,0.6326164874551972
Tadarida aegyptiaca,0.956942937835786,1099.0,18.0,0.016129032258064516
Tadarida australis,0.521756234780252,644.0,473.0,0.42383512544802865
Tadarida brasiliensis,0.594154968604415,750.0,367.0,0.3288530465949821
Tadarida fulminans,0.681990044070341,847.0,270.0,0.24193548387096775
Tadarida insignis,0.755267795941151,895.0,222.0,0.1989247311827957
Tadarida kuboriensis,0.198188603871436,229.0,888.0,0.7956989247311828
Tadarida latouchei,0.819383699178683,941.0,176.0,0.15770609318996415
Tadarida lobata,0.406928713458469,521.0,596.0,0.5340501792114696
Tadarida teniotis,0.945427935894886,1087.0,30.0,0.026881720430107527
Tadarida ventralis,0.698278926177545,862.0,255.0,0.22849462365591397
Taphozous achates,0.255961180962074,297.0,820.0,0.7347670250896058
Taphozous australis,0.256903372720387,300.0,817.0,0.732078853046595
Taphozous georgianus,0.670554571970536,839.0,278.0,0.24910394265232974
Taphozous hamiltoni,0.397375870357074,508.0,609.0,0.5456989247311828
Taphozous hildegardeae,0.427429158299703,545.0,572.0,0.5125448028673835
Taphozous hilli,0.612318185550932,777.0,340.0,0.3046594982078853
Taphozous kapalgensis,0.482881647771938,601.0,516.0,0.46236559139784944
Taphozous longimanus,0.939841155879402,1082.0,35.0,0.03136200716845878
Taphozous mauritianus,0.952635076890004,1096.0,21.0,0.01881720430107527
Taphozous melanopogon,0.96240168994933,1107.0,10.0,0.008960573476702509
Taphozous nudiventris,0.952498862240424,1095.0,22.0,0.01971326164874552
Taphozous perforatus,0.946810974853267,1089.0,28.0,0.025089605734767026
Taphozous theobaldi,0.91564414346645,1052.0,65.0,0.05824372759856631
Taphozous troughtoni,0.383359557466677,496.0,621.0,0.5564516129032258
Thoopterus nigrescens,0.606278734414775,766.0,351.0,0.31451612903225806
Thyroptera discifera,0.0714074281113466,31.0,1086.0,0.9731182795698925
Thyroptera lavali,0.054505398887612,16.0,1101.0,0.9865591397849462
Thyroptera tricolor,0.244971469662322,285.0,832.0,0.7455197132616488
Tomopeas ravus,0.0547218850978581,17.0,1100.0,0.985663082437276
Tonatia bidens,0.384146076114354,499.0,618.0,0.553763440860215
Tonatia saurophila,0.205661410476101,235.0,882.0,0.7903225806451613
Trachops cirrhosus,0.638954970609551,806.0,311.0,0.278673835125448
Triaenops auritus,0.190904493720378,218.0,899.0,0.8055555555555556
Triaenops furculus,0.402549385416439,516.0,601.0,0.5385304659498208
Triaenops persicus,0.958096856112857,1101.0,16.0,0.014336917562724014
Triaenops rufus,0.586899078944378,742.0,375.0,0.33602150537634407
Trinycteris nicefori,0.103948486008662,76.0,1041.0,0.9327956989247311
Tylonycteris pachypus,0.812520091620315,935.0,182.0,0.16308243727598568
Tylonycteris robustula,0.835398656764755,960.0,157.0,0.14068100358422939
Uroderma bilobatum,0.657394824289243,828.0,289.0,0.2589605734767025
Uroderma magnirostrum,0.488546133144785,608.0,509.0,0.4560931899641577
Vampyressa bidens,0.163943393757614,176.0,941.0,0.8431899641577061
Vampyressa brocki,0.0942557559291492,59.0,1058.0,0.9480286738351255
Vampyressa melissa,0.0903954821308168,54.0,1063.0,0.9525089605734767
Vampyressa nymphaea,0.121648416538211,103.0,1014.0,0.9086021505376344
Vampyressa pusilla,0.577002946733655,729.0,388.0,0.34767025089605735
Vampyressa thyone,0.569524693649108,721.0,396.0,0.3548387096774194
Vampyrodes caraccioli,0.441107522947026,561.0,556.0,0.4982078853046595
Vampyrum spectrum,0.573983168616388,728.0,389.0,0.3485663082437276
Vespadelus baverstocki,0.250568200963129,293.0,824.0,0.7383512544802867
Vespadelus caurinus,0.405881630221385,519.0,598.0,0.53584229390681
Vespadelus darlingtoni,0.301742238545595,378.0,739.0,0.6621863799283154
Vespadelus douglasorum,0.309968679374159,399.0,718.0,0.6433691756272402
Vespadelus finlaysoni,0.44222273950415,562.0,555.0,0.49731182795698925
Vespadelus pumilus,0.240645391501236,282.0,835.0,0.7482078853046595
Vespadelus regulus,0.283376186099344,339.0,778.0,0.6971326164874552
Vespadelus troughtoni,0.24654109406801,289.0,828.0,0.7419354838709677
Vespadelus vulturnus,0.268247889077753,317.0,800.0,0.7168458781362007
Vespertilio murinus,0.934911871394721,1074.0,43.0,0.03853046594982079
Vespertilio sinensis,0.887405511766832,1024.0,93.0,0.08333333333333333
