seed,corrupt,r01,r10,precision,recall,f1,TP,FP,FN
9,100,0.3,0.6,0.8421052631578947,0.8,0.8205128205128205,80,15,20
9,100,0.3,0.7,0.7474747474747475,0.74,0.743718592964824,74,25,26
9,100,0.4,0.5,0.8316831683168316,0.84,0.835820895522388,84,17,16
9,100,0.5,0.7,0.77,0.77,0.7699999999999999,77,23,23
9,100,0.5,0.6,0.83,0.83,0.83,83,17,17
9,100,0.4,0.4,0.86,0.86,0.8599999999999999,86,14,14
9,100,0.4,0.3,0.9494949494949495,0.94,0.9447236180904524,94,5,6
9,100,0.6,0.3,0.9696969696969697,0.96,0.964824120603015,96,3,4
9,100,0.6,0.4,0.8585858585858586,0.85,0.8542713567839195,85,14,15
9,100,0.7,0.6,0.79,0.79,0.79,79,21,21
9,100,0.7,0.7,0.75,0.75,0.75,75,25,25
9,100,0.6,0.5,0.85,0.85,0.85,85,15,15
9,100,0.3,0.5,0.8316831683168316,0.84,0.835820895522388,84,17,16
9,100,0.3,0.4,0.84,0.84,0.8399999999999999,84,16,16
9,100,0.3,0.3,0.9504950495049505,0.96,0.9552238805970149,96,5,4
9,100,0.4,0.6,0.7878787878787878,0.78,0.7839195979899497,78,21,22
9,100,0.5,0.3,0.9504950495049505,0.96,0.9552238805970149,96,5,4
9,100,0.5,0.4,0.8613861386138614,0.87,0.8656716417910448,87,14,13
9,100,0.5,0.5,0.8080808080808081,0.8,0.8040201005025126,80,19,20
9,100,0.4,0.7,0.7474747474747475,0.74,0.743718592964824,74,25,26
9,100,0.6,0.7,0.801980198019802,0.81,0.8059701492537314,81,20,19
9,100,0.7,0.5,0.83,0.83,0.83,83,17,17
9,100,0.7,0.4,0.89,0.89,0.89,89,11,11
9,100,0.7,0.3,0.96,0.96,0.96,96,4,4
9,100,0.6,0.6,0.79,0.79,0.79,79,21,21
9,10,0.3,0.6,0.5,0.5,0.5,5,5,5
9,10,0.3,0.7,0.6,0.6,0.6,6,4,4
9,10,0.4,0.5,0.6,0.6,0.6,6,4,4
9,10,0.5,0.7,0.4,0.4,0.4000000000000001,4,6,6
9,10,0.5,0.6,0.5,0.5,0.5,5,5,5
9,10,0.4,0.4,0.5,0.5,0.5,5,5,5
9,10,0.4,0.3,0.7,0.7,0.7,7,3,3
9,10,0.6,0.3,0.8,0.8,0.8000000000000002,8,2,2
9,10,0.6,0.4,0.6,0.6,0.6,6,4,4
9,10,0.7,0.6,0.5,0.5,0.5,5,5,5
9,10,0.7,0.7,0.5555555555555556,0.5,0.5263157894736842,5,4,5
9,10,0.6,0.5,0.5,0.5,0.5,5,5,5
9,10,0.3,0.5,0.6,0.6,0.6,6,4,4
9,10,0.3,0.4,0.5,0.5,0.5,5,5,5
9,10,0.3,0.3,0.7,0.7,0.7,7,3,3
9,10,0.4,0.6,0.5,0.5,0.5,5,5,5
9,10,0.5,0.3,0.7,0.7,0.7,7,3,3
9,10,0.5,0.4,0.5,0.5,0.5,5,5,5
9,10,0.5,0.5,0.4,0.4,0.4000000000000001,4,6,6
9,10,0.4,0.7,0.5,0.5,0.5,5,5,5
9,10,0.6,0.7,0.5,0.5,0.5,5,5,5
9,10,0.7,0.5,0.5,0.5,0.5,5,5,5
9,10,0.7,0.4,0.7,0.7,0.7,7,3,3
9,10,0.7,0.3,0.8,0.8,0.8000000000000002,8,2,2
9,10,0.6,0.6,0.5,0.5,0.5,5,5,5
9,50,0.3,0.6,0.7647058823529411,0.78,0.7722772277227723,39,12,11
9,50,0.3,0.7,0.68,0.68,0.68,34,16,16
9,50,0.4,0.5,0.72,0.72,0.72,36,14,14
9,50,0.5,0.7,0.7,0.7,0.7,35,15,15
9,50,0.5,0.6,0.6938775510204082,0.68,0.686868686868687,34,15,16
9,50,0.4,0.4,0.76,0.76,0.76,38,12,12
9,50,0.4,0.3,0.9,0.9,0.9,45,5,5
9,50,0.6,0.3,0.9183673469387755,0.9,0.9090909090909091,45,4,5
9,50,0.6,0.4,0.8,0.8,0.8000000000000002,40,10,10
9,50,0.7,0.6,0.68,0.68,0.68,34,16,16
9,50,0.7,0.7,0.66,0.66,0.66,33,17,17
9,50,0.6,0.5,0.76,0.76,0.76,38,12,12
9,50,0.3,0.5,0.78,0.78,0.78,39,11,11
9,50,0.3,0.4,0.78,0.78,0.78,39,11,11
9,50,0.3,0.3,0.9019607843137255,0.92,0.9108910891089109,46,5,4
9,50,0.4,0.6,0.7,0.7,0.7,35,15,15
9,50,0.5,0.3,0.9,0.9,0.9,45,5,5
9,50,0.5,0.4,0.8163265306122449,0.8,0.8080808080808082,40,9,10
9,50,0.5,0.5,0.76,0.76,0.76,38,12,12
9,50,0.4,0.7,0.66,0.66,0.66,33,17,17
9,50,0.6,0.7,0.66,0.66,0.66,33,17,17
9,50,0.7,0.5,0.76,0.76,0.76,38,12,12
9,50,0.7,0.4,0.8163265306122449,0.8,0.8080808080808082,40,9,10
9,50,0.7,0.3,0.9387755102040817,0.92,0.9292929292929293,46,3,4
9,50,0.6,0.6,0.7346938775510204,0.72,0.7272727272727272,36,13,14
0,100,0.3,0.6,0.8,0.8,0.8000000000000002,80,20,20
0,100,0.3,0.7,0.8,0.8,0.8000000000000002,80,20,20
0,100,0.4,0.5,0.8415841584158416,0.85,0.845771144278607,85,16,15
0,100,0.5,0.7,0.82,0.82,0.82,82,18,18
0,100,0.5,0.6,0.8,0.8,0.8000000000000002,80,20,20
0,100,0.4,0.4,0.8613861386138614,0.87,0.8656716417910448,87,14,13
0,100,0.4,0.3,0.89,0.89,0.89,89,11,11
0,100,0.6,0.3,0.91,0.91,0.91,91,9,9
0,100,0.6,0.4,0.88,0.88,0.88,88,12,12
0,100,0.7,0.6,0.84,0.84,0.8399999999999999,84,16,16
0,100,0.7,0.7,0.83,0.83,0.83,83,17,17
0,100,0.6,0.5,0.84,0.84,0.8399999999999999,84,16,16
0,100,0.3,0.5,0.8217821782178217,0.83,0.8258706467661692,83,18,17
0,100,0.3,0.4,0.8585858585858586,0.85,0.8542713567839195,85,14,15
0,100,0.3,0.3,0.89,0.89,0.89,89,11,11
0,100,0.4,0.6,0.8,0.8,0.8000000000000002,80,20,20
0,100,0.5,0.3,0.91,0.91,0.91,91,9,9
0,100,0.5,0.4,0.8686868686868687,0.86,0.864321608040201,86,13,14
0,100,0.5,0.5,0.8514851485148515,0.86,0.8557213930348259,86,15,14
0,100,0.4,0.7,0.7821782178217822,0.79,0.7860696517412936,79,22,21
0,100,0.6,0.7,0.77,0.77,0.7699999999999999,77,23,23
0,100,0.7,0.5,0.86,0.86,0.8599999999999999,86,14,14
0,100,0.7,0.4,0.9,0.9,0.9,90,10,10
0,100,0.7,0.3,0.9207920792079208,0.93,0.9253731343283582,93,8,7
0,100,0.6,0.6,0.82,0.82,0.82,82,18,18
0,10,0.3,0.6,0.5,0.5,0.5,5,5,5
0,10,0.3,0.7,0.4,0.4,0.4000000000000001,4,6,6
0,10,0.4,0.5,0.6,0.6,0.6,6,4,4
0,10,0.5,0.7,0.4,0.4,0.4000000000000001,4,6,6
0,10,0.5,0.6,0.5,0.5,0.5,5,5,5
0,10,0.4,0.4,0.6,0.6,0.6,6,4,4
0,10,0.4,0.3,0.7,0.7,0.7,7,3,3
0,10,0.6,0.3,0.7,0.7,0.7,7,3,3
0,10,0.6,0.4,0.7,0.7,0.7,7,3,3
0,10,0.7,0.6,0.4,0.4,0.4000000000000001,4,6,6
0,10,0.7,0.7,0.6,0.6,0.6,6,4,4
0,10,0.6,0.5,0.6,0.6,0.6,6,4,4
0,10,0.3,0.5,0.5,0.5,0.5,5,5,5
0,10,0.3,0.4,0.7,0.7,0.7,7,3,3
0,10,0.3,0.3,0.8,0.8,0.8000000000000002,8,2,2
0,10,0.4,0.6,0.5,0.5,0.5,5,5,5
0,10,0.5,0.3,0.7,0.7,0.7,7,3,3
0,10,0.5,0.4,0.6,0.6,0.6,6,4,4
0,10,0.5,0.5,0.6,0.6,0.6,6,4,4
0,10,0.4,0.7,0.4,0.4,0.4000000000000001,4,6,6
0,10,0.6,0.7,0.6,0.6,0.6,6,4,4
0,10,0.7,0.5,0.6,0.6,0.6,6,4,4
0,10,0.7,0.4,0.7,0.7,0.7,7,3,3
0,10,0.7,0.3,0.7,0.7,0.7,7,3,3
0,10,0.6,0.6,0.4,0.4,0.4000000000000001,4,6,6
0,50,0.3,0.6,0.72,0.72,0.72,36,14,14
0,50,0.3,0.7,0.76,0.76,0.76,38,12,12
0,50,0.4,0.5,0.8,0.8,0.8000000000000002,40,10,10
0,50,0.5,0.7,0.74,0.74,0.74,37,13,13
0,50,0.5,0.6,0.76,0.76,0.76,38,12,12
0,50,0.4,0.4,0.86,0.86,0.8599999999999999,43,7,7
0,50,0.4,0.3,0.88,0.88,0.88,44,6,6
0,50,0.6,0.3,0.9,0.9,0.9,45,5,5
0,50,0.6,0.4,0.86,0.86,0.8599999999999999,43,7,7
0,50,0.7,0.6,0.76,0.76,0.76,38,12,12
0,50,0.7,0.7,0.74,0.74,0.74,37,13,13
0,50,0.6,0.5,0.84,0.84,0.8399999999999999,42,8,8
0,50,0.3,0.5,0.76,0.76,0.76,38,12,12
0,50,0.3,0.4,0.84,0.84,0.8399999999999999,42,8,8
0,50,0.3,0.3,0.9,0.9,0.9,45,5,5
0,50,0.4,0.6,0.76,0.76,0.76,38,12,12
0,50,0.5,0.3,0.9,0.9,0.9,45,5,5
0,50,0.5,0.4,0.86,0.86,0.8599999999999999,43,7,7
0,50,0.5,0.5,0.82,0.82,0.82,41,9,9
0,50,0.4,0.7,0.72,0.72,0.72,36,14,14
0,50,0.6,0.7,0.76,0.76,0.76,38,12,12
0,50,0.7,0.5,0.84,0.84,0.8399999999999999,42,8,8
0,50,0.7,0.4,0.88,0.88,0.88,44,6,6
0,50,0.7,0.3,0.92,0.92,0.92,46,4,4
0,50,0.6,0.6,0.76,0.76,0.76,38,12,12
11,100,0.3,0.6,0.81,0.81,0.81,81,19,19
11,100,0.3,0.7,0.7821782178217822,0.79,0.7860696517412936,79,22,21
11,100,0.4,0.5,0.8431372549019608,0.86,0.8514851485148515,86,16,14
11,100,0.5,0.7,0.8163265306122449,0.8,0.8080808080808082,80,18,20
11,100,0.5,0.6,0.7878787878787878,0.78,0.7839195979899497,78,21,22
11,100,0.4,0.4,0.9108910891089109,0.92,0.9154228855721394,92,9,8
11,100,0.4,0.3,0.9696969696969697,0.96,0.964824120603015,96,3,4
11,100,0.6,0.3,0.9696969696969697,0.96,0.964824120603015,96,3,4
11,100,0.6,0.4,0.93,0.93,0.93,93,7,7
11,100,0.7,0.6,0.82,0.82,0.82,82,18,18
11,100,0.7,0.7,0.8210526315789474,0.78,0.8,78,17,22
11,100,0.6,0.5,0.898989898989899,0.89,0.8944723618090452,89,10,11
11,100,0.3,0.5,0.82,0.82,0.82,82,18,18
11,100,0.3,0.4,0.93,0.93,0.93,93,7,7
11,100,0.3,0.3,0.9603960396039604,0.97,0.9651741293532338,97,4,3
11,100,0.4,0.6,0.81,0.81,0.81,81,19,19
11,100,0.5,0.3,0.9696969696969697,0.96,0.964824120603015,96,3,4
11,100,0.5,0.4,0.9207920792079208,0.93,0.9253731343283582,93,8,7
11,100,0.5,0.5,0.8686868686868687,0.86,0.864321608040201,86,13,14
11,100,0.4,0.7,0.8,0.8,0.8000000000000002,80,20,20
11,100,0.6,0.7,0.81,0.81,0.81,81,19,19
11,100,0.7,0.5,0.9,0.9,0.9,90,10,10
11,100,0.7,0.4,0.94,0.94,0.94,94,6,6
11,100,0.7,0.3,0.9696969696969697,0.96,0.964824120603015,96,3,4
11,100,0.6,0.6,0.8316831683168316,0.84,0.835820895522388,84,17,16
11,10,0.3,0.6,0.6,0.6,0.6,6,4,4
11,10,0.3,0.7,0.4,0.4,0.4000000000000001,4,6,6
11,10,0.4,0.5,0.6,0.6,0.6,6,4,4
11,10,0.5,0.7,0.4,0.4,0.4000000000000001,4,6,6
11,10,0.5,0.6,0.7,0.7,0.7,7,3,3
11,10,0.4,0.4,0.6,0.6,0.6,6,4,4
11,10,0.4,0.3,0.7,0.7,0.7,7,3,3
11,10,0.6,0.3,0.7,0.7,0.7,7,3,3
11,10,0.6,0.4,0.8,0.8,0.8000000000000002,8,2,2
11,10,0.7,0.6,0.5,0.5,0.5,5,5,5
11,10,0.7,0.7,0.5,0.5,0.5,5,5,5
11,10,0.6,0.5,0.7,0.7,0.7,7,3,3
11,10,0.3,0.5,0.6,0.6,0.6,6,4,4
11,10,0.3,0.4,0.5,0.5,0.5,5,5,5
11,10,0.3,0.3,0.8,0.8,0.8000000000000002,8,2,2
11,10,0.4,0.6,0.7,0.7,0.7,7,3,3
11,10,0.5,0.3,0.7,0.7,0.7,7,3,3
11,10,0.5,0.4,0.7,0.7,0.7,7,3,3
11,10,0.5,0.5,0.6,0.6,0.6,6,4,4
11,10,0.4,0.7,0.4,0.4,0.4000000000000001,4,6,6
11,10,0.6,0.7,0.4,0.4,0.4000000000000001,4,6,6
11,10,0.7,0.5,0.7,0.7,0.7,7,3,3
11,10,0.7,0.4,0.8,0.8,0.8000000000000002,8,2,2
11,10,0.7,0.3,0.7,0.7,0.7,7,3,3
11,10,0.6,0.6,0.6,0.6,0.6,6,4,4
11,50,0.3,0.6,0.78,0.78,0.78,39,11,11
11,50,0.3,0.7,0.6078431372549019,0.62,0.6138613861386139,31,20,19
11,50,0.4,0.5,0.8,0.8,0.8000000000000002,40,10,10
11,50,0.5,0.7,0.6666666666666666,0.68,0.6732673267326733,34,17,16
11,50,0.5,0.6,0.72,0.72,0.72,36,14,14
11,50,0.4,0.4,0.9,0.9,0.9,45,5,5
11,50,0.4,0.3,0.94,0.94,0.94,47,3,3
11,50,0.6,0.3,0.94,0.94,0.94,47,3,3
11,50,0.6,0.4,0.94,0.94,0.94,47,3,3
11,50,0.7,0.6,0.7,0.7,0.7,35,15,15
11,50,0.7,0.7,0.7,0.7,0.7,35,15,15
11,50,0.6,0.5,0.82,0.82,0.82,41,9,9
11,50,0.3,0.5,0.76,0.76,0.76,38,12,12
11,50,0.3,0.4,0.9,0.9,0.9,45,5,5
11,50,0.3,0.3,0.92,0.92,0.92,46,4,4
11,50,0.4,0.6,0.72,0.72,0.72,36,14,14
11,50,0.5,0.3,0.94,0.94,0.94,47,3,3
11,50,0.5,0.4,0.92,0.92,0.92,46,4,4
11,50,0.5,0.5,0.8,0.8,0.8000000000000002,40,10,10
11,50,0.4,0.7,0.64,0.64,0.64,32,18,18
11,50,0.6,0.7,0.7254901960784313,0.74,0.7326732673267328,37,14,13
11,50,0.7,0.5,0.82,0.82,0.82,41,9,9
11,50,0.7,0.4,0.94,0.94,0.94,47,3,3
11,50,0.7,0.3,0.94,0.94,0.94,47,3,3
11,50,0.6,0.6,0.76,0.76,0.76,38,12,12
7,100,0.3,0.6,0.7524752475247525,0.76,0.7562189054726369,76,25,24
7,100,0.3,0.7,0.72,0.72,0.72,72,28,28
7,100,0.4,0.5,0.84,0.84,0.8399999999999999,84,16,16
7,100,0.5,0.7,0.7524752475247525,0.76,0.7562189054726369,76,25,24
7,100,0.5,0.6,0.76,0.76,0.76,76,24,24
7,100,0.4,0.4,0.8613861386138614,0.87,0.8656716417910448,87,14,13
7,100,0.4,0.3,0.9,0.9,0.9,90,10,10
7,100,0.6,0.3,0.9215686274509803,0.94,0.9306930693069307,94,8,6
7,100,0.6,0.4,0.8673469387755102,0.85,0.8585858585858585,85,13,15
7,100,0.7,0.6,0.76,0.76,0.76,76,24,24
7,100,0.7,0.7,0.7425742574257426,0.75,0.746268656716418,75,26,25
7,100,0.6,0.5,0.8514851485148515,0.86,0.8557213930348259,86,15,14
7,100,0.3,0.5,0.8383838383838383,0.83,0.8341708542713568,83,16,17
7,100,0.3,0.4,0.8514851485148515,0.86,0.8557213930348259,86,15,14
7,100,0.3,0.3,0.88,0.88,0.88,88,12,12
7,100,0.4,0.6,0.77,0.77,0.7699999999999999,77,23,23
7,100,0.5,0.3,0.900990099009901,0.91,0.9054726368159204,91,10,9
7,100,0.5,0.4,0.8585858585858586,0.85,0.8542713567839195,85,14,15
7,100,0.5,0.5,0.8686868686868687,0.86,0.864321608040201,86,13,14
7,100,0.4,0.7,0.72,0.72,0.72,72,28,28
7,100,0.6,0.7,0.7745098039215687,0.79,0.7821782178217823,79,23,21
7,100,0.7,0.5,0.85,0.85,0.85,85,15,15
7,100,0.7,0.4,0.89,0.89,0.89,89,11,11
7,100,0.7,0.3,0.9278350515463918,0.9,0.9137055837563451,90,7,10
7,100,0.6,0.6,0.78,0.78,0.78,78,22,22
7,10,0.3,0.6,0.2,0.2,0.20000000000000004,2,8,8
7,10,0.3,0.7,0.3,0.3,0.3,3,7,7
7,10,0.4,0.5,0.6,0.6,0.6,6,4,4
7,10,0.5,0.7,0.3,0.3,0.3,3,7,7
7,10,0.5,0.6,0.4,0.4,0.4000000000000001,4,6,6
7,10,0.4,0.4,0.6,0.6,0.6,6,4,4
7,10,0.4,0.3,0.6,0.6,0.6,6,4,4
7,10,0.6,0.3,0.6,0.6,0.6,6,4,4
7,10,0.6,0.4,0.6,0.6,0.6,6,4,4
7,10,0.7,0.6,0.3,0.3,0.3,3,7,7
7,10,0.7,0.7,0.4,0.4,0.4000000000000001,4,6,6
7,10,0.6,0.5,0.5,0.5,0.5,5,5,5
7,10,0.3,0.5,0.4,0.4,0.4000000000000001,4,6,6
7,10,0.3,0.4,0.4,0.4,0.4000000000000001,4,6,6
7,10,0.3,0.3,0.7,0.7,0.7,7,3,3
7,10,0.4,0.6,0.2,0.2,0.20000000000000004,2,8,8
7,10,0.5,0.3,0.6,0.6,0.6,6,4,4
7,10,0.5,0.4,0.6,0.6,0.6,6,4,4
7,10,0.5,0.5,0.7,0.7,0.7,7,3,3
7,10,0.4,0.7,0.2,0.2,0.20000000000000004,2,8,8
7,10,0.6,0.7,0.6,0.6,0.6,6,4,4
7,10,0.7,0.5,0.5,0.5,0.5,5,5,5
7,10,0.7,0.4,0.6,0.6,0.6,6,4,4
7,10,0.7,0.3,0.5,0.5,0.5,5,5,5
7,10,0.6,0.6,0.4,0.4,0.4000000000000001,4,6,6
7,50,0.3,0.6,0.7,0.7,0.7,35,15,15
7,50,0.3,0.7,0.62,0.62,0.62,31,19,19
7,50,0.4,0.5,0.74,0.74,0.74,37,13,13
7,50,0.5,0.7,0.64,0.64,0.64,32,18,18
7,50,0.5,0.6,0.58,0.58,0.58,29,21,21
7,50,0.4,0.4,0.8,0.8,0.8000000000000002,40,10,10
7,50,0.4,0.3,0.84,0.84,0.8399999999999999,42,8,8
7,50,0.6,0.3,0.86,0.86,0.8599999999999999,43,7,7
7,50,0.6,0.4,0.82,0.82,0.82,41,9,9
7,50,0.7,0.6,0.7,0.7,0.7,35,15,15
7,50,0.7,0.7,0.58,0.58,0.58,29,21,21
7,50,0.6,0.5,0.78,0.78,0.78,39,11,11
7,50,0.3,0.5,0.76,0.76,0.76,38,12,12
7,50,0.3,0.4,0.8,0.8,0.8000000000000002,40,10,10
7,50,0.3,0.3,0.82,0.82,0.82,41,9,9
7,50,0.4,0.6,0.68,0.68,0.68,34,16,16
7,50,0.5,0.3,0.86,0.86,0.8599999999999999,43,7,7
7,50,0.5,0.4,0.82,0.82,0.82,41,9,9
7,50,0.5,0.5,0.78,0.78,0.78,39,11,11
7,50,0.4,0.7,0.66,0.66,0.66,33,17,17
7,50,0.6,0.7,0.64,0.64,0.64,32,18,18
7,50,0.7,0.5,0.78,0.78,0.78,39,11,11
7,50,0.7,0.4,0.82,0.82,0.82,41,9,9
7,50,0.7,0.3,0.9,0.9,0.9,45,5,5
7,50,0.6,0.6,0.64,0.64,0.64,32,18,18
42,100,0.6,0.3,0.8686868686868687,0.86,0.864321608040201,86,13,14
42,100,0.6,0.4,0.84,0.84,0.8399999999999999,84,16,16
42,100,0.7,0.6,0.7821782178217822,0.79,0.7860696517412936,79,22,21
42,100,0.7,0.7,0.7623762376237624,0.77,0.7661691542288558,77,24,23
42,100,0.6,0.5,0.7878787878787878,0.78,0.7839195979899497,78,21,22
42,100,0.6,0.7,0.7029702970297029,0.71,0.7064676616915423,71,30,29
42,100,0.7,0.5,0.8181818181818182,0.81,0.8140703517587939,81,18,19
42,100,0.7,0.4,0.86,0.86,0.8599999999999999,86,14,14
42,100,0.7,0.3,0.89,0.89,0.89,89,11,11
42,100,0.6,0.6,0.7373737373737373,0.73,0.7336683417085427,73,26,27
42,10,0.5,0.7,0.625,0.5,0.5555555555555556,5,3,5
42,10,0.5,0.6,0.8571428571428571,0.6,0.7058823529411764,6,1,4
42,10,0.4,0.4,1.0,0.5,0.6666666666666666,5,0,5
42,10,0.4,0.3,1.0,0.5,0.6666666666666666,5,0,5
42,10,0.6,0.3,0.3,0.3,0.3,3,7,7
42,10,0.6,0.4,0.2,0.2,0.20000000000000004,2,8,8
42,10,0.7,0.6,0.1,0.1,0.10000000000000002,1,9,9
42,10,0.7,0.7,0.2,0.2,0.20000000000000004,2,8,8
42,10,0.6,0.5,0.1,0.1,0.10000000000000002,1,9,9
42,10,0.5,0.3,1.0,0.4,0.5714285714285715,4,0,6
42,10,0.5,0.4,1.0,0.4,0.5714285714285715,4,0,6
42,10,0.5,0.5,1.0,0.6,0.7499999999999999,6,0,4
42,10,0.6,0.7,0.2,0.2,0.20000000000000004,2,8,8
42,10,0.7,0.5,0.4,0.4,0.4000000000000001,4,6,6
42,10,0.7,0.4,0.3,0.3,0.3,3,7,7
42,10,0.7,0.3,0.3,0.3,0.3,3,7,7
42,10,0.6,0.6,0.4,0.4,0.4000000000000001,4,6,6
42,50,0.5,0.6,1.0,0.02,0.0392156862745098,1,0,49
42,50,0.4,0.3,1.0,0.22,0.36065573770491804,11,0,39
42,50,0.6,0.3,0.76,0.76,0.76,38,12,12
42,50,0.6,0.4,0.68,0.68,0.68,34,16,16
42,50,0.7,0.6,0.64,0.64,0.64,32,18,18
42,50,0.7,0.7,0.6122448979591837,0.6,0.6060606060606062,30,19,20
42,50,0.6,0.5,0.6530612244897959,0.64,0.6464646464646464,32,17,18
42,50,0.5,0.3,1.0,0.28,0.43750000000000006,14,0,36
42,50,0.5,0.4,1.0,0.16,0.2758620689655173,8,0,42
42,50,0.5,0.5,1.0,0.38,0.5507246376811594,19,0,31
42,50,0.6,0.7,0.56,0.56,0.56,28,22,22
42,50,0.7,0.5,0.72,0.72,0.72,36,14,14
42,50,0.7,0.4,0.72,0.72,0.72,36,14,14
42,50,0.7,0.3,0.8163265306122449,0.8,0.8080808080808082,40,9,10
42,50,0.6,0.6,0.62,0.62,0.62,31,19,19
6,100,0.4,0.5,0.7,0.7,0.7,70,30,30
6,100,0.5,0.7,0.65,0.65,0.65,65,35,35
6,100,0.5,0.6,0.6938775510204082,0.68,0.686868686868687,68,30,32
6,100,0.4,0.4,0.7,0.7,0.7,70,30,30
6,100,0.4,0.3,0.79,0.79,0.79,79,21,21
6,100,0.6,0.3,0.77,0.77,0.7699999999999999,77,23,23
6,100,0.6,0.4,0.75,0.75,0.75,75,25,25
6,100,0.7,0.6,0.7128712871287128,0.72,0.7164179104477613,72,29,28
6,100,0.7,0.7,0.7425742574257426,0.75,0.746268656716418,75,26,25
6,100,0.6,0.5,0.7171717171717171,0.71,0.7135678391959798,71,28,29
6,100,0.4,0.6,0.5841584158415841,0.59,0.5870646766169154,59,42,41
6,100,0.5,0.3,0.79,0.79,0.79,79,21,21
6,100,0.5,0.4,0.77,0.77,0.7699999999999999,77,23,23
6,100,0.5,0.5,0.71,0.71,0.7100000000000001,71,29,29
6,100,0.4,0.7,0.5643564356435643,0.57,0.5671641791044776,57,44,43
6,100,0.6,0.7,0.7029702970297029,0.71,0.7064676616915423,71,30,29
6,100,0.7,0.5,0.75,0.75,0.75,75,25,25
6,100,0.7,0.4,0.7450980392156863,0.76,0.7524752475247525,76,26,24
6,100,0.7,0.3,0.7916666666666666,0.76,0.7755102040816326,76,20,24
6,100,0.6,0.6,0.7575757575757576,0.75,0.7537688442211055,75,24,25
6,10,0.4,0.5,0.1,0.1,0.10000000000000002,1,9,9
6,10,0.5,0.7,0.5,0.5,0.5,5,5,5
6,10,0.5,0.6,0.5,0.5,0.5,5,5,5
6,10,0.4,0.4,0.1,0.1,0.10000000000000002,1,9,9
6,10,0.4,0.3,0.4,0.4,0.4000000000000001,4,6,6
6,10,0.6,0.3,0.4,0.4,0.4000000000000001,4,6,6
6,10,0.6,0.4,0.4,0.4,0.4000000000000001,4,6,6
6,10,0.7,0.6,0.3,0.3,0.3,3,7,7
6,10,0.7,0.7,0.4,0.4,0.4000000000000001,4,6,6
6,10,0.6,0.5,0.3,0.3,0.3,3,7,7
6,10,0.4,0.6,0.4,0.4,0.4000000000000001,4,6,6
6,10,0.5,0.3,0.5,0.5,0.5,5,5,5
6,10,0.5,0.4,0.2,0.2,0.20000000000000004,2,8,8
6,10,0.5,0.5,0.2,0.2,0.20000000000000004,2,8,8
6,10,0.4,0.7,0.3,0.3,0.3,3,7,7
6,10,0.6,0.7,0.4,0.4,0.4000000000000001,4,6,6
6,10,0.7,0.5,0.4,0.4,0.4000000000000001,4,6,6
6,10,0.7,0.4,0.4,0.4,0.4000000000000001,4,6,6
6,10,0.7,0.3,0.6,0.6,0.6,6,4,4
6,10,0.6,0.6,0.5,0.5,0.5,5,5,5
6,50,0.4,0.5,0.56,0.56,0.56,28,22,22
6,50,0.5,0.7,0.54,0.54,0.54,27,23,23
6,50,0.5,0.6,0.52,0.52,0.52,26,24,24
6,50,0.4,0.4,0.6,0.6,0.6,30,20,20
6,50,0.4,0.3,0.68,0.68,0.68,34,16,16
6,50,0.6,0.3,0.64,0.64,0.64,32,18,18
6,50,0.6,0.4,0.58,0.58,0.58,29,21,21
6,50,0.7,0.6,0.64,0.64,0.64,32,18,18
6,50,0.7,0.7,0.62,0.62,0.62,31,19,19
6,50,0.6,0.5,0.66,0.66,0.66,33,17,17
6,50,0.4,0.6,0.54,0.54,0.54,27,23,23
6,50,0.5,0.3,0.64,0.64,0.64,32,18,18
6,50,0.5,0.4,0.7,0.7,0.7,35,15,15
6,50,0.5,0.5,0.6,0.6,0.6,30,20,20
6,50,0.4,0.7,0.54,0.54,0.54,27,23,23
6,50,0.6,0.7,0.62,0.62,0.62,31,19,19
6,50,0.7,0.5,0.64,0.64,0.64,32,18,18
6,50,0.7,0.4,0.66,0.66,0.66,33,17,17
6,50,0.7,0.3,0.7,0.7,0.7,35,15,15
6,50,0.6,0.6,0.6326530612244898,0.62,0.6262626262626263,31,18,19
1,100,0.6,0.3,1.0,0.16,0.2758620689655173,16,0,84
1,100,0.7,0.6,1.0,0.01,0.019801980198019802,1,0,99
1,100,0.7,0.7,1.0,0.01,0.019801980198019802,1,0,99
1,100,0.5,0.3,1.0,0.01,0.019801980198019802,1,0,99
1,100,0.7,0.5,1.0,0.01,0.019801980198019802,1,0,99
1,100,0.7,0.4,0.9433962264150944,0.5,0.6535947712418301,50,3,50
1,100,0.7,0.3,0.5204081632653061,0.51,0.5151515151515151,51,47,49
1,10,0.4,0.5,0.6,0.6,0.6,6,4,4
1,10,0.5,0.7,0.5,0.5,0.5,5,5,5
1,10,0.5,0.6,0.7,0.7,0.7,7,3,3
1,10,0.4,0.4,0.6,0.6,0.6,6,4,4
1,10,0.4,0.3,0.6,0.6,0.6,6,4,4
1,10,0.6,0.3,0.4,0.4,0.4000000000000001,4,6,6
1,10,0.6,0.4,0.6,0.6,0.6,6,4,4
1,10,0.7,0.6,0.6,0.6,0.6,6,4,4
1,10,0.7,0.7,0.6,0.6,0.6,6,4,4
1,10,0.6,0.5,0.5454545454545454,0.6,0.5714285714285713,6,5,4
1,10,0.4,0.6,0.5,0.5,0.5,5,5,5
1,10,0.5,0.3,0.6,0.6,0.6,6,4,4
1,10,0.5,0.4,0.5,0.5,0.5,5,5,5
1,10,0.5,0.5,0.5454545454545454,0.6,0.5714285714285713,6,5,4
1,10,0.4,0.7,0.5,0.5,0.5,5,5,5
1,10,0.6,0.7,0.6,0.6,0.6,6,4,4
1,10,0.7,0.5,0.5,0.5,0.5,5,5,5
1,10,0.7,0.4,0.5555555555555556,0.5,0.5263157894736842,5,4,5
1,10,0.7,0.3,0.4,0.4,0.4000000000000001,4,6,6
1,10,0.6,0.6,0.5,0.5,0.5,5,5,5
1,50,0.4,0.5,0.8636363636363636,0.76,0.8085106382978724,38,6,12
1,50,0.5,0.7,0.8409090909090909,0.74,0.7872340425531915,37,7,13
1,50,0.5,0.6,0.8571428571428571,0.72,0.782608695652174,36,6,14
1,50,0.4,0.4,0.9024390243902439,0.74,0.8131868131868132,37,4,13
1,50,0.4,0.3,0.918918918918919,0.68,0.7816091954022989,34,3,16
1,50,0.6,0.3,0.9090909090909091,0.6,0.7228915662650602,30,3,20
1,50,0.6,0.4,0.8918918918918919,0.66,0.7586206896551725,33,4,17
1,50,0.7,0.6,0.5818181818181818,0.64,0.6095238095238096,32,23,18
1,50,0.7,0.7,0.7857142857142857,0.66,0.717391304347826,33,9,17
1,50,0.6,0.5,0.8048780487804879,0.66,0.7252747252747254,33,8,17
1,50,0.4,0.6,0.8478260869565217,0.78,0.8125,39,7,11
1,50,0.5,0.3,0.6530612244897959,0.64,0.6464646464646464,32,17,18
1,50,0.5,0.4,0.8648648648648649,0.64,0.7356321839080459,32,5,18
1,50,0.5,0.5,0.8974358974358975,0.7,0.7865168539325842,35,4,15
1,50,0.4,0.7,0.8541666666666666,0.82,0.836734693877551,41,7,9
1,50,0.6,0.7,0.875,0.7,0.7777777777777777,35,5,15
1,50,0.7,0.5,0.7837837837837838,0.58,0.6666666666666666,29,8,21
1,50,0.7,0.4,0.7073170731707317,0.58,0.6373626373626374,29,12,21
1,50,0.7,0.3,0.7027027027027027,0.52,0.5977011494252874,26,11,24
1,50,0.6,0.6,0.7291666666666666,0.7,0.7142857142857142,35,13,15
8,100,0.6,0.3,0.42857142857142855,0.27,0.3312883435582822,27,36,73
8,100,0.6,0.4,0.5,0.01,0.0196078431372549,1,1,99
8,100,0.7,0.6,1.0,0.02,0.0392156862745098,2,0,98
8,100,0.5,0.3,1.0,0.06,0.11320754716981131,6,0,94
8,100,0.5,0.4,0.8333333333333334,0.05,0.09433962264150944,5,1,95
8,100,0.5,0.5,0.6666666666666666,0.02,0.038834951456310676,2,1,98
8,100,0.6,0.7,1.0,0.01,0.019801980198019802,1,0,99
8,100,0.7,0.5,1.0,0.02,0.0392156862745098,2,0,98
8,100,0.7,0.4,0.75,0.03,0.05769230769230769,3,1,97
8,100,0.7,0.3,0.6521739130434783,0.15,0.24390243902439024,15,8,85
8,100,0.6,0.6,1.0,0.01,0.019801980198019802,1,0,99
8,10,0.5,0.7,0.3,0.3,0.3,3,7,7
8,10,0.5,0.6,0.3,0.3,0.3,3,7,7
8,10,0.4,0.3,0.18181818181818182,0.2,0.1904761904761905,2,9,8
8,10,0.6,0.3,0.4,0.4,0.4000000000000001,4,6,6
8,10,0.6,0.4,0.3,0.3,0.3,3,7,7
8,10,0.7,0.6,0.5,0.5,0.5,5,5,5
8,10,0.7,0.7,0.4,0.4,0.4000000000000001,4,6,6
8,10,0.6,0.5,0.5,0.5,0.5,5,5,5
8,10,0.3,0.3,0.16666666666666666,0.1,0.125,1,5,9
8,10,0.5,0.3,0.4,0.4,0.4000000000000001,4,6,6
8,10,0.5,0.4,0.5,0.5,0.5,5,5,5
8,10,0.5,0.5,0.5,0.5,0.5,5,5,5
8,10,0.6,0.7,0.3,0.3,0.3,3,7,7
8,10,0.7,0.5,0.3,0.3,0.3,3,7,7
8,10,0.7,0.4,0.4,0.4,0.4000000000000001,4,6,6
8,10,0.7,0.3,0.3,0.3,0.3,3,7,7
8,10,0.6,0.6,0.5,0.5,0.5,5,5,5
8,50,0.5,0.7,0.6097560975609756,0.5,0.5494505494505494,25,16,25
8,50,0.5,0.6,0.631578947368421,0.48,0.5454545454545454,24,14,26
8,50,0.6,0.3,0.7021276595744681,0.66,0.6804123711340208,33,14,17
8,50,0.6,0.4,0.5192307692307693,0.54,0.5294117647058824,27,25,23
8,50,0.7,0.6,0.5283018867924528,0.56,0.5436893203883495,28,25,22
8,50,0.7,0.7,0.5306122448979592,0.52,0.5252525252525252,26,23,24
8,50,0.6,0.5,0.5098039215686274,0.52,0.5148514851485149,26,25,24
8,50,0.5,0.3,0.6956521739130435,0.64,0.6666666666666666,32,14,18
8,50,0.5,0.4,0.48333333333333334,0.58,0.5272727272727273,29,31,21
8,50,0.5,0.5,0.6829268292682927,0.56,0.6153846153846154,28,13,22
8,50,0.6,0.7,0.6938775510204082,0.68,0.686868686868687,34,15,16
8,50,0.7,0.5,0.6739130434782609,0.62,0.6458333333333334,31,15,19
8,50,0.7,0.4,0.75,0.54,0.627906976744186,27,9,23
8,50,0.7,0.3,0.5306122448979592,0.52,0.5252525252525252,26,23,24
8,50,0.6,0.6,0.52,0.52,0.52,26,24,24
75,100,0.3,0.6,0.71,0.71,0.7100000000000001,71,29,29
75,100,0.3,0.7,0.64,0.64,0.64,64,36,36
75,100,0.4,0.5,0.8,0.8,0.8000000000000002,80,20,20
75,100,0.5,0.7,0.66,0.66,0.66,66,34,34
75,100,0.5,0.6,0.72,0.72,0.72,72,28,28
75,100,0.4,0.4,0.86,0.86,0.8599999999999999,86,14,14
75,100,0.4,0.3,0.89,0.89,0.89,89,11,11
75,100,0.6,0.3,0.89,0.89,0.89,89,11,11
75,100,0.6,0.4,0.86,0.86,0.8599999999999999,86,14,14
75,100,0.7,0.6,0.84,0.84,0.8399999999999999,84,16,16
75,100,0.7,0.7,0.7722772277227723,0.78,0.7761194029850748,78,23,22
75,100,0.6,0.5,0.84,0.84,0.8399999999999999,84,16,16
75,100,0.3,0.5,0.74,0.74,0.74,74,26,26
75,100,0.3,0.4,0.81,0.81,0.81,81,19,19
75,100,0.3,0.3,0.8484848484848485,0.84,0.8442211055276383,84,15,16
75,100,0.4,0.6,0.72,0.72,0.72,72,28,28
75,100,0.5,0.3,0.89,0.89,0.89,89,11,11
75,100,0.5,0.4,0.8888888888888888,0.88,0.8844221105527638,88,11,12
75,100,0.5,0.5,0.8,0.8,0.8000000000000002,80,20,20
75,100,0.4,0.7,0.65,0.65,0.65,65,35,35
75,100,0.6,0.7,0.7070707070707071,0.7,0.7035175879396985,70,29,30
75,100,0.7,0.5,0.900990099009901,0.91,0.9054726368159204,91,10,9
75,100,0.7,0.4,0.9306930693069307,0.94,0.9353233830845772,94,7,6
75,100,0.7,0.3,0.9603960396039604,0.97,0.9651741293532338,97,4,3
75,100,0.6,0.6,0.77,0.77,0.7699999999999999,77,23,23
75,10,0.3,0.6,0.36363636363636365,0.4,0.380952380952381,4,7,6
75,10,0.3,0.7,0.2,0.2,0.20000000000000004,2,8,8
75,10,0.4,0.5,0.2,0.2,0.20000000000000004,2,8,8
75,10,0.5,0.7,0.4,0.4,0.4000000000000001,4,6,6
75,10,0.5,0.6,0.2,0.2,0.20000000000000004,2,8,8
75,10,0.4,0.4,0.2,0.2,0.20000000000000004,2,8,8
75,10,0.4,0.3,0.4,0.4,0.4000000000000001,4,6,6
75,10,0.6,0.3,0.1,0.1,0.10000000000000002,1,9,9
75,10,0.6,0.4,0.3,0.3,0.3,3,7,7
75,10,0.7,0.6,0.4,0.4,0.4000000000000001,4,6,6
75,10,0.7,0.7,0.4,0.4,0.4000000000000001,4,6,6
75,10,0.6,0.5,0.5,0.5,0.5,5,5,5
75,10,0.3,0.5,0.2,0.2,0.20000000000000004,2,8,8
75,10,0.3,0.4,0.2,0.2,0.20000000000000004,2,8,8
75,10,0.3,0.3,0.1,0.1,0.10000000000000002,1,9,9
75,10,0.4,0.6,0.3,0.3,0.3,3,7,7
75,10,0.5,0.3,0.4,0.4,0.4000000000000001,4,6,6
75,10,0.5,0.4,0.3,0.3,0.3,3,7,7
75,10,0.5,0.5,0.6,0.6,0.6,6,4,4
75,10,0.4,0.7,0.1,0.1,0.10000000000000002,1,9,9
75,10,0.6,0.7,0.2,0.2,0.20000000000000004,2,8,8
75,10,0.7,0.5,0.4,0.4,0.4000000000000001,4,6,6
75,10,0.7,0.4,0.6,0.6,0.6,6,4,4
75,10,0.7,0.3,0.8,0.8,0.8000000000000002,8,2,2
75,10,0.6,0.6,0.3,0.3,0.3,3,7,7
75,50,0.3,0.6,0.54,0.54,0.54,27,23,23
75,50,0.3,0.7,0.48,0.48,0.48,24,26,26
75,50,0.4,0.5,0.66,0.66,0.66,33,17,17
75,50,0.5,0.7,0.56,0.56,0.56,28,22,22
75,50,0.5,0.6,0.6,0.6,0.6,30,20,20
75,50,0.4,0.4,0.7,0.7,0.7,35,15,15
75,50,0.4,0.3,0.78,0.78,0.78,39,11,11
75,50,0.6,0.3,0.8,0.8,0.8000000000000002,40,10,10
75,50,0.6,0.4,0.82,0.82,0.82,41,9,9
75,50,0.7,0.6,0.74,0.74,0.74,37,13,13
75,50,0.7,0.7,0.64,0.64,0.64,32,18,18
75,50,0.6,0.5,0.72,0.72,0.72,36,14,14
75,50,0.3,0.5,0.58,0.58,0.58,29,21,21
75,50,0.3,0.4,0.64,0.64,0.64,32,18,18
75,50,0.3,0.3,0.7,0.7,0.7,35,15,15
75,50,0.4,0.6,0.56,0.56,0.56,28,22,22
75,50,0.5,0.3,0.78,0.78,0.78,39,11,11
75,50,0.5,0.4,0.76,0.76,0.76,38,12,12
75,50,0.5,0.5,0.68,0.68,0.68,34,16,16
75,50,0.4,0.7,0.46,0.46,0.46,23,27,27
75,50,0.6,0.7,0.54,0.54,0.54,27,23,23
75,50,0.7,0.5,0.86,0.86,0.8599999999999999,43,7,7
75,50,0.7,0.4,0.9,0.9,0.9,45,5,5
75,50,0.7,0.3,0.94,0.94,0.94,47,3,3
75,50,0.6,0.6,0.64,0.64,0.64,32,18,18
119,100,0.3,0.6,0.7524752475247525,0.76,0.7562189054726369,76,25,24
119,100,0.3,0.7,0.7070707070707071,0.7,0.7035175879396985,70,29,30
119,100,0.4,0.5,0.87,0.87,0.87,87,13,13
119,100,0.5,0.7,0.73,0.73,0.7299999999999999,73,27,27
119,100,0.5,0.6,0.76,0.76,0.76,76,24,24
119,100,0.4,0.4,0.91,0.91,0.91,91,9,9
119,100,0.4,0.3,0.94,0.94,0.94,94,6,6
119,100,0.6,0.3,0.94,0.94,0.94,94,6,6
119,100,0.6,0.4,0.93,0.93,0.93,93,7,7
119,100,0.7,0.6,0.73,0.73,0.7299999999999999,73,27,27
119,100,0.7,0.7,0.73,0.73,0.7299999999999999,73,27,27
119,100,0.6,0.5,0.89,0.89,0.89,89,11,11
119,100,0.3,0.5,0.86,0.86,0.8599999999999999,86,14,14
119,100,0.3,0.4,0.91,0.91,0.91,91,9,9
119,100,0.3,0.3,0.94,0.94,0.94,94,6,6
119,100,0.4,0.6,0.7425742574257426,0.75,0.746268656716418,75,26,25
119,100,0.5,0.3,0.94,0.94,0.94,94,6,6
119,100,0.5,0.4,0.91,0.91,0.91,91,9,9
119,100,0.5,0.5,0.88,0.88,0.88,88,12,12
119,100,0.4,0.7,0.7,0.7,0.7,70,30,30
119,100,0.6,0.7,0.74,0.74,0.74,74,26,26
119,100,0.7,0.5,0.89,0.89,0.89,89,11,11
119,100,0.7,0.4,0.92,0.92,0.92,92,8,8
119,100,0.7,0.3,0.94,0.94,0.94,94,6,6
119,100,0.6,0.6,0.75,0.75,0.75,75,25,25
119,10,0.3,0.6,0.1,0.1,0.10000000000000002,1,9,9
119,10,0.4,0.5,0.7,0.7,0.7,7,3,3
119,10,0.5,0.7,0.2,0.2,0.20000000000000004,2,8,8
119,10,0.5,0.6,0.1,0.1,0.10000000000000002,1,9,9
119,10,0.4,0.4,0.8,0.8,0.8000000000000002,8,2,2
119,10,0.4,0.3,0.8,0.8,0.8000000000000002,8,2,2
119,10,0.6,0.3,0.8,0.8,0.8000000000000002,8,2,2
119,10,0.6,0.4,0.8,0.8,0.8000000000000002,8,2,2
119,10,0.7,0.6,0.1,0.1,0.10000000000000002,1,9,9
119,10,0.7,0.7,0.3,0.3,0.3,3,7,7
119,10,0.6,0.5,0.8,0.8,0.8000000000000002,8,2,2
119,10,0.3,0.5,0.7,0.7,0.7,7,3,3
119,10,0.3,0.4,0.8,0.8,0.8000000000000002,8,2,2
119,10,0.3,0.3,0.8,0.8,0.8000000000000002,8,2,2
119,10,0.4,0.6,0.2,0.2,0.20000000000000004,2,8,8
119,10,0.5,0.3,0.8,0.8,0.8000000000000002,8,2,2
119,10,0.5,0.4,0.8,0.8,0.8000000000000002,8,2,2
119,10,0.5,0.5,0.8,0.8,0.8000000000000002,8,2,2
119,10,0.6,0.7,0.3,0.3,0.3,3,7,7
119,10,0.7,0.5,0.8,0.8,0.8000000000000002,8,2,2
119,10,0.7,0.4,0.7,0.7,0.7,7,3,3
119,10,0.7,0.3,0.8,0.8,0.8000000000000002,8,2,2
119,50,0.3,0.6,0.66,0.66,0.66,33,17,17
119,50,0.3,0.7,0.56,0.56,0.56,28,22,22
119,50,0.4,0.5,0.8,0.8,0.8000000000000002,40,10,10
119,50,0.5,0.7,0.6,0.6,0.6,30,20,20
119,50,0.5,0.6,0.64,0.64,0.64,32,18,18
119,50,0.4,0.4,0.9,0.9,0.9,45,5,5
119,50,0.4,0.3,0.92,0.92,0.92,46,4,4
119,50,0.6,0.3,0.92,0.92,0.92,46,4,4
119,50,0.6,0.4,0.92,0.92,0.92,46,4,4
119,50,0.7,0.6,0.58,0.58,0.58,29,21,21
119,50,0.7,0.7,0.62,0.62,0.62,31,19,19
119,50,0.6,0.5,0.88,0.88,0.88,44,6,6
119,50,0.3,0.5,0.84,0.84,0.8399999999999999,42,8,8
119,50,0.3,0.4,0.9,0.9,0.9,45,5,5
119,50,0.3,0.3,0.92,0.92,0.92,46,4,4
119,50,0.4,0.6,0.7,0.7,0.7,35,15,15
119,50,0.5,0.3,0.92,0.92,0.92,46,4,4
119,50,0.5,0.4,0.9,0.9,0.9,45,5,5
119,50,0.5,0.5,0.86,0.86,0.8599999999999999,43,7,7
119,50,0.4,0.7,0.56,0.56,0.56,28,22,22
119,50,0.6,0.7,0.6,0.6,0.6,30,20,20
119,50,0.7,0.5,0.88,0.88,0.88,44,6,6
119,50,0.7,0.4,0.88,0.88,0.88,44,6,6
119,50,0.7,0.3,0.92,0.92,0.92,46,4,4
119,50,0.6,0.6,0.62,0.62,0.62,31,19,19
86,100,0.4,0.5,0.8020833333333334,0.77,0.7857142857142857,77,19,23
86,100,0.5,0.7,0.7708333333333334,0.74,0.7551020408163266,74,22,26
86,100,0.5,0.6,0.82,0.82,0.82,82,18,18
86,100,0.4,0.4,0.797979797979798,0.79,0.7939698492462312,79,20,21
86,100,0.4,0.3,0.8446601941747572,0.87,0.8571428571428571,87,16,13
86,100,0.6,0.3,0.9157894736842105,0.87,0.8923076923076922,87,8,13
86,100,0.6,0.4,0.8529411764705882,0.87,0.8613861386138614,87,15,13
86,100,0.7,0.6,0.797979797979798,0.79,0.7939698492462312,79,20,21
86,100,0.7,0.7,0.77,0.77,0.7699999999999999,77,23,23
86,100,0.6,0.5,0.797979797979798,0.79,0.7939698492462312,79,20,21
86,100,0.4,0.6,0.7777777777777778,0.77,0.7738693467336684,77,22,23
86,100,0.5,0.3,0.8888888888888888,0.88,0.8844221105527638,88,11,12
86,100,0.5,0.4,0.8316831683168316,0.84,0.835820895522388,84,17,16
86,100,0.5,0.5,0.8018867924528302,0.85,0.8252427184466019,85,21,15
86,100,0.4,0.7,0.7368421052631579,0.84,0.7850467289719626,84,30,16
86,100,0.6,0.7,0.7647058823529411,0.78,0.7722772277227723,78,24,22
86,100,0.7,0.5,0.8349514563106796,0.86,0.8472906403940887,86,17,14
86,100,0.7,0.4,0.9042553191489362,0.85,0.8762886597938143,85,9,15
86,100,0.7,0.3,0.9247311827956989,0.86,0.8911917098445595,86,7,14
86,100,0.6,0.6,0.780952380952381,0.82,0.8,82,23,18
86,10,0.3,0.6,0.4,0.4,0.4000000000000001,4,6,6
86,10,0.3,0.7,0.2,0.2,0.20000000000000004,2,8,8
86,10,0.4,0.5,0.4,0.4,0.4000000000000001,4,6,6
86,10,0.5,0.7,0.5,0.5,0.5,5,5,5
86,10,0.5,0.6,0.4444444444444444,0.4,0.4210526315789474,4,5,6
86,10,0.4,0.4,0.5,0.5,0.5,5,5,5
86,10,0.4,0.3,0.3,0.3,0.3,3,7,7
86,10,0.6,0.3,0.4,0.4,0.4000000000000001,4,6,6
86,10,0.6,0.4,0.4,0.4,0.4000000000000001,4,6,6
86,10,0.7,0.6,0.4,0.4,0.4000000000000001,4,6,6
86,10,0.7,0.7,0.5,0.5,0.5,5,5,5
86,10,0.6,0.5,0.4,0.4,0.4000000000000001,4,6,6
86,10,0.3,0.5,0.36363636363636365,0.4,0.380952380952381,4,7,6
86,10,0.3,0.4,0.375,0.3,0.33333333333333326,3,5,7
86,10,0.3,0.3,0.3333333333333333,0.3,0.3157894736842105,3,6,7
86,10,0.4,0.6,0.4,0.4,0.4000000000000001,4,6,6
86,10,0.5,0.3,0.3,0.3,0.3,3,7,7
86,10,0.5,0.4,0.4,0.4,0.4000000000000001,4,6,6
86,10,0.5,0.5,0.4,0.4,0.4000000000000001,4,6,6
86,10,0.4,0.7,0.4444444444444444,0.4,0.4210526315789474,4,5,6
86,10,0.6,0.7,0.45454545454545453,0.5,0.47619047619047616,5,6,5
86,10,0.7,0.5,0.3,0.3,0.3,3,7,7
86,10,0.7,0.4,0.4,0.4,0.4000000000000001,4,6,6
86,10,0.7,0.3,0.4,0.4,0.4000000000000001,4,6,6
86,10,0.6,0.6,0.5,0.5,0.5,5,5,5
86,50,0.3,0.6,0.5769230769230769,0.6,0.5882352941176471,30,22,20
86,50,0.3,0.7,0.543859649122807,0.62,0.5794392523364487,31,26,19
86,50,0.4,0.5,0.6862745098039216,0.7,0.693069306930693,35,16,15
86,50,0.5,0.7,0.62,0.62,0.62,31,19,19
86,50,0.5,0.6,0.7058823529411765,0.72,0.712871287128713,36,15,14
86,50,0.4,0.4,0.7058823529411765,0.72,0.712871287128713,36,15,14
86,50,0.4,0.3,0.74,0.74,0.74,37,13,13
86,50,0.6,0.3,0.8367346938775511,0.82,0.8282828282828283,41,8,9
86,50,0.6,0.4,0.76,0.76,0.76,38,12,12
86,50,0.7,0.6,0.64,0.64,0.64,32,18,18
86,50,0.7,0.7,0.66,0.66,0.66,33,17,17
86,50,0.6,0.5,0.6938775510204082,0.68,0.686868686868687,34,15,16
86,50,0.3,0.5,0.6730769230769231,0.7,0.6862745098039216,35,17,15
86,50,0.3,0.4,0.74,0.74,0.74,37,13,13
86,50,0.3,0.3,0.7647058823529411,0.78,0.7722772277227723,39,12,11
86,50,0.4,0.6,0.6551724137931034,0.76,0.7037037037037037,38,20,12
86,50,0.5,0.3,0.7959183673469388,0.78,0.7878787878787878,39,10,11
86,50,0.5,0.4,0.72,0.72,0.72,36,14,14
86,50,0.5,0.5,0.6530612244897959,0.64,0.6464646464646464,32,17,18
86,50,0.4,0.7,0.5686274509803921,0.58,0.5742574257425743,29,22,21
86,50,0.6,0.7,0.6274509803921569,0.64,0.6336633663366336,32,19,18
86,50,0.7,0.5,0.7450980392156863,0.76,0.7524752475247525,38,13,12
86,50,0.7,0.4,0.82,0.82,0.82,41,9,9
86,50,0.7,0.3,0.8571428571428571,0.84,0.8484848484848485,42,7,8
86,50,0.6,0.6,0.6590909090909091,0.58,0.6170212765957446,29,15,21
31,100,0.3,0.6,0.5858585858585859,0.58,0.5829145728643216,58,41,42
31,100,0.3,0.7,0.5294117647058824,0.54,0.5346534653465347,54,48,46
31,100,0.4,0.5,0.56,0.56,0.56,56,44,44
31,100,0.5,0.7,0.59,0.59,0.59,59,41,41
31,100,0.5,0.6,0.63,0.63,0.63,63,37,37
31,100,0.4,0.4,0.65,0.65,0.65,65,35,35
31,100,0.4,0.3,0.6868686868686869,0.68,0.6834170854271356,68,31,32
31,100,0.6,0.3,0.74,0.74,0.74,74,26,26
31,100,0.6,0.4,0.75,0.75,0.75,75,25,25
31,100,0.7,0.6,0.68,0.68,0.68,68,32,32
31,100,0.7,0.7,0.62,0.62,0.62,62,38,38
31,100,0.6,0.5,0.66,0.66,0.66,66,34,34
31,100,0.3,0.5,0.66,0.66,0.66,66,34,34
31,100,0.3,0.4,0.7227722772277227,0.73,0.7263681592039801,73,28,27
31,100,0.3,0.3,0.78,0.78,0.78,78,22,22
31,100,0.4,0.6,0.56,0.56,0.56,56,44,44
31,100,0.5,0.3,0.75,0.75,0.75,75,25,25
31,100,0.5,0.4,0.67,0.67,0.67,67,33,33
31,100,0.5,0.5,0.67,0.67,0.67,67,33,33
31,100,0.4,0.7,0.54,0.54,0.54,54,46,46
31,100,0.6,0.7,0.61,0.61,0.61,61,39,39
31,100,0.7,0.5,0.6831683168316832,0.69,0.6865671641791044,69,32,31
31,100,0.7,0.4,0.7373737373737373,0.73,0.7336683417085427,73,26,27
31,100,0.7,0.3,0.79,0.79,0.79,79,21,21
31,100,0.6,0.6,0.66,0.66,0.66,66,34,34
31,10,0.3,0.6,0.1,0.1,0.10000000000000002,1,9,9
31,10,0.3,0.7,0.3,0.3,0.3,3,7,7
31,10,0.4,0.5,0.18181818181818182,0.2,0.1904761904761905,2,9,8
31,10,0.5,0.7,0.3,0.3,0.3,3,7,7
31,10,0.5,0.6,0.5,0.5,0.5,5,5,5
31,10,0.4,0.4,0.4,0.4,0.4000000000000001,4,6,6
31,10,0.4,0.3,0.3,0.3,0.3,3,7,7
31,10,0.6,0.3,0.3,0.3,0.3,3,7,7
31,10,0.6,0.4,0.3,0.3,0.3,3,7,7
31,10,0.7,0.6,0.2,0.2,0.20000000000000004,2,8,8
31,10,0.7,0.7,0.4,0.4,0.4000000000000001,4,6,6
31,10,0.6,0.5,0.2,0.2,0.20000000000000004,2,8,8
31,10,0.3,0.5,0.4,0.4,0.4000000000000001,4,6,6
31,10,0.3,0.4,0.4,0.4,0.4000000000000001,4,6,6
31,10,0.3,0.3,0.2,0.2,0.20000000000000004,2,8,8
31,10,0.4,0.6,0.3,0.3,0.3,3,7,7
31,10,0.5,0.3,0.4,0.4,0.4000000000000001,4,6,6
31,10,0.5,0.4,0.3,0.3,0.3,3,7,7
31,10,0.5,0.5,0.2,0.2,0.20000000000000004,2,8,8
31,10,0.4,0.7,0.4,0.4,0.4000000000000001,4,6,6
31,10,0.6,0.7,0.4,0.4,0.4000000000000001,4,6,6
31,10,0.7,0.5,0.4,0.4,0.4000000000000001,4,6,6
31,10,0.7,0.4,0.5,0.5,0.5,5,5,5
31,10,0.7,0.3,0.5,0.5,0.5,5,5,5
31,10,0.6,0.6,0.2,0.2,0.20000000000000004,2,8,8
31,50,0.3,0.6,0.4,0.4,0.4000000000000001,20,30,30
31,50,0.3,0.7,0.28,0.28,0.28,14,36,36
31,50,0.4,0.5,0.46,0.46,0.46,23,27,27
31,50,0.5,0.7,0.42,0.42,0.41999999999999993,21,29,29
31,50,0.5,0.6,0.44,0.44,0.44,22,28,28
31,50,0.4,0.4,0.5,0.5,0.5,25,25,25
31,50,0.4,0.3,0.56,0.56,0.56,28,22,22
31,50,0.6,0.3,0.66,0.66,0.66,33,17,17
31,50,0.6,0.4,0.62,0.62,0.62,31,19,19
31,50,0.7,0.6,0.52,0.52,0.52,26,24,24
31,50,0.7,0.7,0.48,0.48,0.48,24,26,26
31,50,0.6,0.5,0.54,0.54,0.54,27,23,23
31,50,0.3,0.5,0.5,0.5,0.5,25,25,25
31,50,0.3,0.4,0.6,0.6,0.6,30,20,20
31,50,0.3,0.3,0.62,0.62,0.62,31,19,19
31,50,0.4,0.6,0.4,0.4,0.4000000000000001,20,30,30
31,50,0.5,0.3,0.62,0.62,0.62,31,19,19
31,50,0.5,0.4,0.54,0.54,0.54,27,23,23
31,50,0.5,0.5,0.54,0.54,0.54,27,23,23
31,50,0.4,0.7,0.4,0.4,0.4000000000000001,20,30,30
31,50,0.6,0.7,0.48,0.48,0.48,24,26,26
31,50,0.7,0.5,0.62,0.62,0.62,31,19,19
31,50,0.7,0.4,0.64,0.64,0.64,32,18,18
31,50,0.7,0.3,0.74,0.74,0.74,37,13,13
31,50,0.6,0.6,0.52,0.52,0.52,26,24,24
53,100,0.4,0.5,0.7676767676767676,0.76,0.763819095477387,76,23,24
53,100,0.5,0.7,0.696969696969697,0.69,0.6934673366834171,69,30,31
53,100,0.5,0.6,0.78,0.78,0.78,78,22,22
53,100,0.4,0.4,0.82,0.82,0.82,82,18,18
53,100,0.4,0.3,0.8484848484848485,0.84,0.8442211055276383,84,15,16
53,100,0.6,0.3,0.91,0.91,0.91,91,9,9
53,100,0.6,0.4,0.8585858585858586,0.85,0.8542713567839195,85,14,15
53,100,0.7,0.6,0.8316831683168316,0.84,0.835820895522388,84,17,16
53,100,0.7,0.7,0.8217821782178217,0.83,0.8258706467661692,83,18,17
53,100,0.6,0.5,0.8484848484848485,0.84,0.8442211055276383,84,15,16
53,100,0.4,0.6,0.7474747474747475,0.74,0.743718592964824,74,25,26
53,100,0.5,0.3,0.8865979381443299,0.86,0.8730964467005077,86,11,14
53,100,0.5,0.4,0.8415841584158416,0.85,0.845771144278607,85,16,15
53,100,0.5,0.5,0.7676767676767676,0.76,0.763819095477387,76,23,24
53,100,0.4,0.7,0.6632653061224489,0.65,0.6565656565656566,65,33,35
53,100,0.6,0.7,0.7474747474747475,0.74,0.743718592964824,74,25,26
53,100,0.7,0.5,0.86,0.86,0.8599999999999999,86,14,14
53,100,0.7,0.4,0.87,0.87,0.87,87,13,13
53,100,0.7,0.3,0.91,0.91,0.91,91,9,9
53,100,0.6,0.6,0.8,0.8,0.8000000000000002,80,20,20
53,10,0.4,0.5,0.1,0.1,0.10000000000000002,1,9,9
53,10,0.5,0.7,0.1,0.1,0.10000000000000002,1,9,9
53,10,0.5,0.6,0.1,0.1,0.10000000000000002,1,9,9
53,10,0.4,0.4,0.1,0.1,0.10000000000000002,1,9,9
53,10,0.4,0.3,0.4,0.4,0.4000000000000001,4,6,6
53,10,0.6,0.3,0.5,0.5,0.5,5,5,5
53,10,0.6,0.4,0.3,0.3,0.3,3,7,7
53,10,0.7,0.6,0.2,0.2,0.20000000000000004,2,8,8
53,10,0.7,0.7,0.4,0.4,0.4000000000000001,4,6,6
53,10,0.6,0.5,0.2,0.2,0.20000000000000004,2,8,8
53,10,0.4,0.6,0.1,0.1,0.10000000000000002,1,9,9
53,10,0.5,0.3,0.4,0.4,0.4000000000000001,4,6,6
53,10,0.5,0.4,0.3,0.3,0.3,3,7,7
53,10,0.5,0.5,0.1,0.1,0.10000000000000002,1,9,9
53,10,0.4,0.7,0.2,0.2,0.20000000000000004,2,8,8
53,10,0.6,0.7,0.3,0.3,0.3,3,7,7
53,10,0.7,0.5,0.3,0.3,0.3,3,7,7
53,10,0.7,0.4,0.5,0.5,0.5,5,5,5
53,10,0.7,0.3,0.6,0.6,0.6,6,4,4
53,10,0.6,0.6,0.1,0.1,0.10000000000000002,1,9,9
53,50,0.4,0.5,0.5294117647058824,0.54,0.5346534653465347,27,24,23
53,50,0.5,0.7,0.6,0.6,0.6,30,20,20
53,50,0.5,0.6,0.62,0.62,0.62,31,19,19
53,50,0.4,0.4,0.64,0.64,0.64,32,18,18
53,50,0.4,0.3,0.78,0.78,0.78,39,11,11
53,50,0.6,0.3,0.8235294117647058,0.84,0.8316831683168315,42,9,8
53,50,0.6,0.4,0.72,0.72,0.72,36,14,14
53,50,0.7,0.6,0.6938775510204082,0.68,0.686868686868687,34,15,16
53,50,0.7,0.7,0.68,0.68,0.68,34,16,16
53,50,0.6,0.5,0.68,0.68,0.68,34,16,16
53,50,0.4,0.6,0.58,0.58,0.58,29,21,21
53,50,0.5,0.3,0.8235294117647058,0.84,0.8316831683168315,42,9,8
53,50,0.5,0.4,0.7254901960784313,0.74,0.7326732673267328,37,14,13
53,50,0.5,0.5,0.6,0.6,0.6,30,20,20
53,50,0.4,0.7,0.54,0.54,0.54,27,23,23
53,50,0.6,0.7,0.58,0.58,0.58,29,21,21
53,50,0.7,0.5,0.76,0.76,0.76,38,12,12
53,50,0.7,0.4,0.78,0.78,0.78,39,11,11
53,50,0.7,0.3,0.84,0.84,0.8399999999999999,42,8,8
53,50,0.6,0.6,0.6274509803921569,0.64,0.6336633663366336,32,19,18
163,100,0.3,0.6,0.76,0.76,0.76,76,24,24
163,100,0.3,0.7,0.7,0.7,0.7,70,30,30
163,100,0.4,0.5,0.84,0.84,0.8399999999999999,84,16,16
163,100,0.5,0.7,0.78,0.78,0.78,78,22,22
163,100,0.5,0.6,0.7821782178217822,0.79,0.7860696517412936,79,22,21
163,100,0.4,0.4,0.91,0.91,0.91,91,9,9
163,100,0.4,0.3,0.93,0.93,0.93,93,7,7
163,100,0.6,0.3,0.93,0.93,0.93,93,7,7
163,100,0.6,0.4,0.91,0.91,0.91,91,9,9
163,100,0.7,0.6,0.8118811881188119,0.82,0.8159203980099502,82,19,18
163,100,0.7,0.7,0.77,0.77,0.7699999999999999,77,23,23
163,100,0.6,0.5,0.84,0.84,0.8399999999999999,84,16,16
163,100,0.3,0.5,0.8181818181818182,0.81,0.8140703517587939,81,18,19
163,100,0.3,0.4,0.89,0.89,0.89,89,11,11
163,100,0.3,0.3,0.93,0.93,0.93,93,7,7
163,100,0.4,0.6,0.7524752475247525,0.76,0.7562189054726369,76,25,24
163,100,0.5,0.3,0.93,0.93,0.93,93,7,7
163,100,0.5,0.4,0.9,0.9,0.9,90,10,10
163,100,0.5,0.5,0.83,0.83,0.83,83,17,17
163,100,0.4,0.7,0.7524752475247525,0.76,0.7562189054726369,76,25,24
163,100,0.6,0.7,0.77,0.77,0.7699999999999999,77,23,23
163,100,0.7,0.5,0.83,0.83,0.83,83,17,17
163,100,0.7,0.4,0.91,0.91,0.91,91,9,9
163,100,0.7,0.3,0.93,0.93,0.93,93,7,7
163,100,0.6,0.6,0.79,0.79,0.79,79,21,21
163,10,0.3,0.6,0.2,0.2,0.20000000000000004,2,8,8
163,10,0.3,0.7,0.3,0.3,0.3,3,7,7
163,10,0.4,0.5,0.3,0.3,0.3,3,7,7
163,10,0.5,0.7,0.2,0.2,0.20000000000000004,2,8,8
163,10,0.5,0.6,0.4,0.4,0.4000000000000001,4,6,6
163,10,0.4,0.4,0.6,0.6,0.6,6,4,4
163,10,0.4,0.3,0.7,0.7,0.7,7,3,3
163,10,0.6,0.3,0.7,0.7,0.7,7,3,3
163,10,0.6,0.4,0.6,0.6,0.6,6,4,4
163,10,0.7,0.6,0.3,0.3,0.3,3,7,7
163,10,0.7,0.7,0.2,0.2,0.20000000000000004,2,8,8
163,10,0.6,0.5,0.4,0.4,0.4000000000000001,4,6,6
163,10,0.3,0.5,0.3,0.3,0.3,3,7,7
163,10,0.3,0.4,0.6,0.6,0.6,6,4,4
163,10,0.3,0.3,0.7,0.7,0.7,7,3,3
163,10,0.4,0.6,0.2,0.2,0.20000000000000004,2,8,8
163,10,0.5,0.3,0.7,0.7,0.7,7,3,3
163,10,0.5,0.4,0.6,0.6,0.6,6,4,4
163,10,0.5,0.5,0.3,0.3,0.3,3,7,7
163,10,0.4,0.7,0.2,0.2,0.20000000000000004,2,8,8
163,10,0.6,0.7,0.2,0.2,0.20000000000000004,2,8,8
163,10,0.7,0.5,0.4,0.4,0.4000000000000001,4,6,6
163,10,0.7,0.4,0.6,0.6,0.6,6,4,4
163,10,0.7,0.3,0.7,0.7,0.7,7,3,3
163,10,0.6,0.6,0.4,0.4,0.4000000000000001,4,6,6
163,50,0.3,0.6,0.64,0.64,0.64,32,18,18
163,50,0.3,0.7,0.6,0.6,0.6,30,20,20
163,50,0.4,0.5,0.78,0.78,0.78,39,11,11
163,50,0.5,0.7,0.66,0.66,0.66,33,17,17
163,50,0.5,0.6,0.7,0.7,0.7,35,15,15
163,50,0.4,0.4,0.86,0.86,0.8599999999999999,43,7,7
163,50,0.4,0.3,0.88,0.88,0.88,44,6,6
163,50,0.6,0.3,0.88,0.88,0.88,44,6,6
163,50,0.6,0.4,0.84,0.84,0.8399999999999999,42,8,8
163,50,0.7,0.6,0.76,0.76,0.76,38,12,12
163,50,0.7,0.7,0.64,0.64,0.64,32,18,18
163,50,0.6,0.5,0.8,0.8,0.8000000000000002,40,10,10
163,50,0.3,0.5,0.78,0.78,0.78,39,11,11
163,50,0.3,0.4,0.82,0.82,0.82,41,9,9
163,50,0.3,0.3,0.88,0.88,0.88,44,6,6
163,50,0.4,0.6,0.66,0.66,0.66,33,17,17
163,50,0.5,0.3,0.88,0.88,0.88,44,6,6
163,50,0.5,0.4,0.88,0.88,0.88,44,6,6
163,50,0.5,0.5,0.78,0.78,0.78,39,11,11
163,50,0.4,0.7,0.66,0.66,0.66,33,17,17
163,50,0.6,0.7,0.64,0.64,0.64,32,18,18
163,50,0.7,0.5,0.8,0.8,0.8000000000000002,40,10,10
163,50,0.7,0.4,0.84,0.84,0.8399999999999999,42,8,8
163,50,0.7,0.3,0.88,0.88,0.88,44,6,6
163,50,0.6,0.6,0.7254901960784313,0.74,0.7326732673267328,37,14,13
152,100,0.3,0.6,0.8484848484848485,0.84,0.8442211055276383,84,15,16
152,100,0.3,0.7,0.77,0.77,0.7699999999999999,77,23,23
152,100,0.4,0.5,0.8585858585858586,0.85,0.8542713567839195,85,14,15
152,100,0.5,0.7,0.83,0.83,0.83,83,17,17
152,100,0.5,0.6,0.82,0.82,0.82,82,18,18
152,100,0.4,0.4,0.91,0.91,0.91,91,9,9
152,100,0.4,0.3,0.9504950495049505,0.96,0.9552238805970149,96,5,4
152,100,0.6,0.3,0.96,0.96,0.96,96,4,4
152,100,0.6,0.4,0.91,0.91,0.91,91,9,9
152,100,0.7,0.6,0.8181818181818182,0.81,0.8140703517587939,81,18,19
152,100,0.7,0.7,0.84,0.84,0.8399999999999999,84,16,16
152,100,0.6,0.5,0.87,0.87,0.87,87,13,13
152,100,0.3,0.5,0.87,0.87,0.87,87,13,13
152,100,0.3,0.4,0.91,0.91,0.91,91,9,9
152,100,0.3,0.3,0.94,0.94,0.94,94,6,6
152,100,0.4,0.6,0.8484848484848485,0.84,0.8442211055276383,84,15,16
152,100,0.5,0.3,0.96,0.96,0.96,96,4,4
152,100,0.5,0.4,0.91,0.91,0.91,91,9,9
152,100,0.5,0.5,0.8585858585858586,0.85,0.8542713567839195,85,14,15
152,100,0.4,0.7,0.78,0.78,0.78,78,22,22
152,100,0.6,0.7,0.83,0.83,0.83,83,17,17
152,100,0.7,0.5,0.87,0.87,0.87,87,13,13
152,100,0.7,0.4,0.91,0.91,0.91,91,9,9
152,100,0.7,0.3,0.96,0.96,0.96,96,4,4
152,100,0.6,0.6,0.83,0.83,0.83,83,17,17
152,10,0.3,0.6,0.7,0.7,0.7,7,3,3
152,10,0.3,0.7,0.4,0.4,0.4000000000000001,4,6,6
152,10,0.4,0.5,0.6,0.6,0.6,6,4,4
152,10,0.5,0.7,0.6,0.6,0.6,6,4,4
152,10,0.5,0.6,0.6,0.6,0.6,6,4,4
152,10,0.4,0.4,0.8,0.8,0.8000000000000002,8,2,2
152,10,0.4,0.3,0.8,0.8,0.8000000000000002,8,2,2
152,10,0.6,0.3,0.8,0.8,0.8000000000000002,8,2,2
152,10,0.6,0.4,0.8,0.8,0.8000000000000002,8,2,2
152,10,0.7,0.6,0.7,0.7,0.7,7,3,3
152,10,0.7,0.7,0.8,0.8,0.8000000000000002,8,2,2
152,10,0.6,0.5,0.6,0.6,0.6,6,4,4
152,10,0.3,0.5,0.6,0.6,0.6,6,4,4
152,10,0.3,0.4,0.8,0.8,0.8000000000000002,8,2,2
152,10,0.3,0.3,0.8,0.8,0.8000000000000002,8,2,2
152,10,0.4,0.6,0.7,0.7,0.7,7,3,3
152,10,0.5,0.3,0.8,0.8,0.8000000000000002,8,2,2
152,10,0.5,0.4,0.8,0.8,0.8000000000000002,8,2,2
152,10,0.5,0.5,0.6,0.6,0.6,6,4,4
152,10,0.4,0.7,0.5,0.5,0.5,5,5,5
152,10,0.6,0.7,0.6,0.6,0.6,6,4,4
152,10,0.7,0.5,0.6,0.6,0.6,6,4,4
152,10,0.7,0.4,0.8,0.8,0.8000000000000002,8,2,2
152,10,0.7,0.3,0.8,0.8,0.8000000000000002,8,2,2
152,10,0.6,0.6,0.7,0.7,0.7,7,3,3
152,50,0.3,0.6,0.76,0.76,0.76,38,12,12
152,50,0.3,0.7,0.68,0.68,0.68,34,16,16
152,50,0.4,0.5,0.8,0.8,0.8000000000000002,40,10,10
152,50,0.5,0.7,0.72,0.72,0.72,36,14,14
152,50,0.5,0.6,0.72,0.72,0.72,36,14,14
152,50,0.4,0.4,0.86,0.86,0.8599999999999999,43,7,7
152,50,0.4,0.3,0.92,0.92,0.92,46,4,4
152,50,0.6,0.3,0.92,0.92,0.92,46,4,4
152,50,0.6,0.4,0.88,0.88,0.88,44,6,6
152,50,0.7,0.6,0.72,0.72,0.72,36,14,14
152,50,0.7,0.7,0.72,0.72,0.72,36,14,14
152,50,0.6,0.5,0.82,0.82,0.82,41,9,9
152,50,0.3,0.5,0.76,0.76,0.76,38,12,12
152,50,0.3,0.4,0.86,0.86,0.8599999999999999,43,7,7
152,50,0.3,0.3,0.9,0.9,0.9,45,5,5
152,50,0.4,0.6,0.76,0.76,0.76,38,12,12
152,50,0.5,0.3,0.92,0.92,0.92,46,4,4
152,50,0.5,0.4,0.88,0.88,0.88,44,6,6
152,50,0.5,0.5,0.8,0.8,0.8000000000000002,40,10,10
152,50,0.4,0.7,0.76,0.76,0.76,38,12,12
152,50,0.6,0.7,0.72,0.72,0.72,36,14,14
152,50,0.7,0.5,0.82,0.82,0.82,41,9,9
152,50,0.7,0.4,0.88,0.88,0.88,44,6,6
152,50,0.7,0.3,0.92,0.92,0.92,46,4,4
152,50,0.6,0.6,0.72,0.72,0.72,36,14,14
97,100,0.3,0.6,0.6666666666666666,0.42,0.5153374233128833,42,21,58
97,100,0.4,0.5,0.8240740740740741,0.89,0.8557692307692307,89,19,11
97,100,0.5,0.7,0.7608695652173914,0.7,0.7291666666666667,70,22,30
97,100,0.5,0.6,0.8080808080808081,0.8,0.8040201005025126,80,19,20
97,100,0.4,0.4,0.8301886792452831,0.88,0.8543689320388349,88,18,12
97,100,0.4,0.3,0.8888888888888888,0.88,0.8844221105527638,88,11,12
97,100,0.6,0.3,0.9090909090909091,0.7,0.7909604519774012,70,7,30
97,100,0.6,0.4,0.8571428571428571,0.6,0.7058823529411764,60,10,40
97,100,0.7,0.6,0.7763157894736842,0.59,0.6704545454545454,59,17,41
97,100,0.7,0.7,0.7662337662337663,0.59,0.6666666666666666,59,18,41
97,100,0.6,0.5,0.7922077922077922,0.61,0.6892655367231638,61,16,39
97,100,0.3,0.5,0.7572815533980582,0.78,0.768472906403941,78,25,22
97,100,0.3,0.4,0.7912087912087912,0.72,0.7539267015706805,72,19,28
97,100,0.3,0.3,0.8282828282828283,0.82,0.8241206030150754,82,17,18
97,100,0.4,0.6,0.7634408602150538,0.71,0.7357512953367875,71,22,29
97,100,0.5,0.3,0.8947368421052632,0.85,0.8717948717948718,85,10,15
97,100,0.5,0.4,0.8762886597938144,0.85,0.8629441624365483,85,12,15
97,100,0.5,0.5,0.82,0.82,0.82,82,18,18
97,100,0.4,0.7,0.7281553398058253,0.75,0.7389162561576353,75,28,25
97,100,0.6,0.7,0.7654320987654321,0.62,0.6850828729281768,62,19,38
97,100,0.7,0.5,0.821917808219178,0.6,0.6936416184971099,60,13,40
97,100,0.7,0.4,0.8625,0.69,0.7666666666666667,69,11,31
97,100,0.7,0.3,0.9024390243902439,0.74,0.8131868131868132,74,8,26
97,100,0.6,0.6,0.7692307692307693,0.6,0.6741573033707865,60,18,40
97,10,0.3,0.6,0.2,0.2,0.20000000000000004,2,8,8
97,10,0.3,0.7,0.3,0.3,0.3,3,7,7
97,10,0.4,0.5,0.3,0.3,0.3,3,7,7
97,10,0.5,0.7,0.2,0.2,0.20000000000000004,2,8,8
97,10,0.5,0.6,0.3,0.3,0.3,3,7,7
97,10,0.4,0.4,0.6,0.6,0.6,6,4,4
97,10,0.4,0.3,0.4,0.4,0.4000000000000001,4,6,6
97,10,0.6,0.3,0.5454545454545454,0.6,0.5714285714285713,6,5,4
97,10,0.6,0.4,0.3,0.3,0.3,3,7,7
97,10,0.7,0.6,0.4,0.4,0.4000000000000001,4,6,6
97,10,0.7,0.7,0.2,0.2,0.20000000000000004,2,8,8
97,10,0.6,0.5,0.2,0.2,0.20000000000000004,2,8,8
97,10,0.3,0.5,0.2727272727272727,0.3,0.28571428571428564,3,8,7
97,10,0.3,0.4,0.4,0.4,0.4000000000000001,4,6,6
97,10,0.3,0.3,0.3,0.3,0.3,3,7,7
97,10,0.4,0.6,0.3,0.3,0.3,3,7,7
97,10,0.5,0.3,0.3,0.3,0.3,3,7,7
97,10,0.5,0.4,0.4,0.4,0.4000000000000001,4,6,6
97,10,0.5,0.5,0.3,0.3,0.3,3,7,7
97,10,0.4,0.7,0.1,0.1,0.10000000000000002,1,9,9
97,10,0.6,0.7,0.4,0.4,0.4000000000000001,4,6,6
97,10,0.7,0.5,0.4,0.4,0.4000000000000001,4,6,6
97,10,0.7,0.4,0.5,0.5,0.5,5,5,5
97,10,0.7,0.3,0.5,0.5,0.5,5,5,5
97,10,0.6,0.6,0.3,0.3,0.3,3,7,7
97,50,0.3,0.6,0.6,0.54,0.5684210526315789,27,18,23
97,50,0.3,0.7,0.5681818181818182,0.5,0.5319148936170213,25,19,25
97,50,0.4,0.5,0.6862745098039216,0.7,0.693069306930693,35,16,15
97,50,0.5,0.7,0.58,0.58,0.58,29,21,21
97,50,0.5,0.6,0.68,0.68,0.68,34,16,16
97,50,0.4,0.4,0.68,0.68,0.68,34,16,16
97,50,0.4,0.3,0.7843137254901961,0.8,0.792079207920792,40,11,10
97,50,0.6,0.3,0.8,0.8,0.8000000000000002,40,10,10
97,50,0.6,0.4,0.72,0.72,0.72,36,14,14
97,50,0.7,0.6,0.6078431372549019,0.62,0.6138613861386139,31,20,19
97,50,0.7,0.7,0.625,0.6,0.6122448979591836,30,18,20
97,50,0.6,0.5,0.62,0.62,0.62,31,19,19
97,50,0.3,0.5,0.5918367346938775,0.58,0.5858585858585857,29,20,21
97,50,0.3,0.4,0.6274509803921569,0.64,0.6336633663366336,32,19,18
97,50,0.3,0.3,0.6938775510204082,0.68,0.686868686868687,34,15,16
97,50,0.4,0.6,0.6,0.6,0.6,30,20,20
97,50,0.5,0.3,0.78,0.78,0.78,39,11,11
97,50,0.5,0.4,0.7647058823529411,0.78,0.7722772277227723,39,12,11
97,50,0.5,0.5,0.66,0.66,0.66,33,17,17
97,50,0.4,0.7,0.56,0.56,0.56,28,22,22
97,50,0.6,0.7,0.58,0.58,0.58,29,21,21
97,50,0.7,0.5,0.6730769230769231,0.7,0.6862745098039216,35,17,15
97,50,0.7,0.4,0.74,0.74,0.74,37,13,13
97,50,0.7,0.3,0.8,0.8,0.8000000000000002,40,10,10
97,50,0.6,0.6,0.62,0.62,0.62,31,19,19
130,100,0.3,0.6,0.7843137254901961,0.8,0.792079207920792,80,22,20
130,100,0.3,0.7,0.7623762376237624,0.77,0.7661691542288558,77,24,23
130,100,0.4,0.5,0.8383838383838383,0.83,0.8341708542713568,83,16,17
130,100,0.5,0.7,0.8061224489795918,0.79,0.7979797979797979,79,19,21
130,100,0.5,0.6,0.8181818181818182,0.81,0.8140703517587939,81,18,19
130,100,0.4,0.4,0.9306930693069307,0.94,0.9353233830845772,94,7,6
130,100,0.4,0.3,0.97,0.97,0.97,97,3,3
130,100,0.6,0.3,0.97,0.97,0.97,97,3,3
130,100,0.6,0.4,0.9191919191919192,0.91,0.9145728643216081,91,8,9
130,100,0.7,0.6,0.84,0.84,0.8399999999999999,84,16,16
130,100,0.7,0.7,0.797979797979798,0.79,0.7939698492462312,79,20,21
130,100,0.6,0.5,0.86,0.86,0.8599999999999999,86,14,14
130,100,0.3,0.5,0.8383838383838383,0.83,0.8341708542713568,83,16,17
130,100,0.3,0.4,0.9090909090909091,0.9,0.9045226130653266,90,9,10
130,100,0.3,0.3,0.97,0.97,0.97,97,3,3
130,100,0.4,0.6,0.79,0.79,0.79,79,21,21
130,100,0.5,0.3,0.97,0.97,0.97,97,3,3
130,100,0.5,0.4,0.9292929292929293,0.92,0.9246231155778895,92,7,8
130,100,0.5,0.5,0.85,0.85,0.85,85,15,15
130,100,0.4,0.7,0.7920792079207921,0.8,0.7960199004975126,80,21,20
130,100,0.6,0.7,0.8181818181818182,0.81,0.8140703517587939,81,18,19
130,100,0.7,0.5,0.85,0.85,0.85,85,15,15
130,100,0.7,0.4,0.93,0.93,0.93,93,7,7
130,100,0.7,0.3,0.97,0.97,0.97,97,3,3
130,100,0.6,0.6,0.8,0.8,0.8000000000000002,80,20,20
130,10,0.3,0.6,0.6,0.6,0.6,6,4,4
130,10,0.3,0.7,0.5,0.5,0.5,5,5,5
130,10,0.4,0.5,0.5,0.5,0.5,5,5,5
130,10,0.5,0.7,0.6,0.6,0.6,6,4,4
130,10,0.5,0.6,0.5,0.5,0.5,5,5,5
130,10,0.4,0.4,0.5,0.5,0.5,5,5,5
130,10,0.4,0.3,0.8,0.8,0.8000000000000002,8,2,2
130,10,0.6,0.3,0.8,0.8,0.8000000000000002,8,2,2
130,10,0.6,0.4,0.5,0.5,0.5,5,5,5
130,10,0.7,0.6,0.6,0.6,0.6,6,4,4
130,10,0.7,0.7,0.5,0.5,0.5,5,5,5
130,10,0.6,0.5,0.5,0.5,0.5,5,5,5
130,10,0.3,0.5,0.4,0.4,0.4000000000000001,4,6,6
130,10,0.3,0.4,0.5,0.5,0.5,5,5,5
130,10,0.3,0.3,0.8,0.8,0.8000000000000002,8,2,2
130,10,0.4,0.6,0.5,0.5,0.5,5,5,5
130,10,0.5,0.3,0.8,0.8,0.8000000000000002,8,2,2
130,10,0.5,0.4,0.4,0.4,0.4000000000000001,4,6,6
130,10,0.5,0.5,0.6,0.6,0.6,6,4,4
130,10,0.4,0.7,0.6,0.6,0.6,6,4,4
130,10,0.6,0.7,0.5,0.5,0.5,5,5,5
130,10,0.7,0.5,0.4,0.4,0.4000000000000001,4,6,6
130,10,0.7,0.4,0.6,0.6,0.6,6,4,4
130,10,0.7,0.3,0.8,0.8,0.8000000000000002,8,2,2
130,10,0.6,0.6,0.5,0.5,0.5,5,5,5
130,50,0.3,0.6,0.8,0.8,0.8000000000000002,40,10,10
130,50,0.3,0.7,0.66,0.66,0.66,33,17,17
130,50,0.4,0.5,0.78,0.78,0.78,39,11,11
130,50,0.5,0.7,0.74,0.74,0.74,37,13,13
130,50,0.5,0.6,0.76,0.76,0.76,38,12,12
130,50,0.4,0.4,0.84,0.84,0.8399999999999999,42,8,8
130,50,0.4,0.3,0.94,0.94,0.94,47,3,3
130,50,0.6,0.3,0.94,0.94,0.94,47,3,3
130,50,0.6,0.4,0.86,0.86,0.8599999999999999,43,7,7
130,50,0.7,0.6,0.72,0.72,0.72,36,14,14
130,50,0.7,0.7,0.7,0.7,0.7,35,15,15
130,50,0.6,0.5,0.78,0.78,0.78,39,11,11
130,50,0.3,0.5,0.76,0.76,0.76,38,12,12
130,50,0.3,0.4,0.82,0.82,0.82,41,9,9
130,50,0.3,0.3,0.94,0.94,0.94,47,3,3
130,50,0.4,0.6,0.78,0.78,0.78,39,11,11
130,50,0.5,0.3,0.94,0.94,0.94,47,3,3
130,50,0.5,0.4,0.84,0.84,0.8399999999999999,42,8,8
130,50,0.5,0.5,0.7307692307692307,0.76,0.7450980392156863,38,14,12
130,50,0.4,0.7,0.8,0.8,0.8000000000000002,40,10,10
130,50,0.6,0.7,0.72,0.72,0.72,36,14,14
130,50,0.7,0.5,0.76,0.76,0.76,38,12,12
130,50,0.7,0.4,0.88,0.88,0.88,44,6,6
130,50,0.7,0.3,0.94,0.94,0.94,47,3,3
130,50,0.6,0.6,0.74,0.74,0.74,37,13,13
64,100,0.3,0.6,0.64,0.64,0.64,64,36,36
64,100,0.3,0.7,0.59,0.59,0.59,59,41,41
64,100,0.4,0.5,0.67,0.67,0.67,67,33,33
64,100,0.5,0.7,0.62,0.62,0.62,62,38,38
64,100,0.5,0.6,0.68,0.68,0.68,68,32,32
64,100,0.4,0.4,0.67,0.67,0.67,67,33,33
64,100,0.4,0.3,0.7244897959183674,0.71,0.7171717171717172,71,27,29
64,100,0.6,0.3,0.7422680412371134,0.72,0.7309644670050761,72,25,28
64,100,0.6,0.4,0.67,0.67,0.67,67,33,33
64,100,0.7,0.6,0.64,0.64,0.64,64,36,36
64,100,0.7,0.7,0.65,0.65,0.65,65,35,35
64,100,0.6,0.5,0.63,0.63,0.63,63,37,37
64,100,0.3,0.5,0.66,0.66,0.66,66,34,34
64,100,0.3,0.4,0.68,0.68,0.68,68,32,32
64,100,0.3,0.3,0.6767676767676768,0.67,0.6733668341708543,67,32,33
64,100,0.4,0.6,0.66,0.66,0.66,66,34,34
64,100,0.5,0.3,0.73,0.73,0.7299999999999999,73,27,27
64,100,0.5,0.4,0.65,0.65,0.65,65,35,35
64,100,0.5,0.5,0.7,0.7,0.7,70,30,30
64,100,0.4,0.7,0.6326530612244898,0.62,0.6262626262626263,62,36,38
64,100,0.6,0.7,0.5841584158415841,0.59,0.5870646766169154,59,42,41
64,100,0.7,0.5,0.6060606060606061,0.6,0.6030150753768845,60,39,40
64,100,0.7,0.4,0.72,0.72,0.72,72,28,28
64,100,0.7,0.3,0.78,0.78,0.78,78,22,22
64,100,0.6,0.6,0.63,0.63,0.63,63,37,37
64,10,0.3,0.6,0.1,0.1,0.10000000000000002,1,9,9
64,10,0.4,0.5,0.1,0.1,0.10000000000000002,1,9,9
64,10,0.5,0.7,0.1,0.1,0.10000000000000002,1,9,9
64,10,0.5,0.6,0.1,0.1,0.10000000000000002,1,9,9
64,10,0.4,0.4,0.1,0.1,0.10000000000000002,1,9,9
64,10,0.4,0.3,0.3,0.3,0.3,3,7,7
64,10,0.6,0.3,0.2,0.2,0.20000000000000004,2,8,8
64,10,0.6,0.4,0.2,0.2,0.20000000000000004,2,8,8
64,10,0.7,0.6,0.1,0.1,0.10000000000000002,1,9,9
64,10,0.7,0.7,0.1,0.1,0.10000000000000002,1,9,9
64,10,0.6,0.5,0.1,0.1,0.10000000000000002,1,9,9
64,10,0.3,0.5,0.1,0.1,0.10000000000000002,1,9,9
64,10,0.3,0.4,0.1,0.1,0.10000000000000002,1,9,9
64,10,0.3,0.3,0.1,0.1,0.10000000000000002,1,9,9
64,10,0.4,0.6,0.1,0.1,0.10000000000000002,1,9,9
64,10,0.5,0.3,0.1,0.1,0.10000000000000002,1,9,9
64,10,0.5,0.5,0.1,0.1,0.10000000000000002,1,9,9
64,10,0.6,0.7,0.1,0.1,0.10000000000000002,1,9,9
64,10,0.7,0.5,0.1,0.1,0.10000000000000002,1,9,9
64,10,0.7,0.4,0.2,0.2,0.20000000000000004,2,8,8
64,10,0.7,0.3,0.3,0.3,0.3,3,7,7
64,10,0.6,0.6,0.3,0.3,0.3,3,7,7
64,50,0.3,0.6,0.42,0.42,0.41999999999999993,21,29,29
64,50,0.3,0.7,0.44,0.44,0.44,22,28,28
64,50,0.4,0.5,0.56,0.56,0.56,28,22,22
64,50,0.5,0.7,0.5,0.5,0.5,25,25,25
64,50,0.5,0.6,0.46,0.46,0.46,23,27,27
64,50,0.4,0.4,0.48,0.48,0.48,24,26,26
64,50,0.4,0.3,0.56,0.56,0.56,28,22,22
64,50,0.6,0.3,0.64,0.64,0.64,32,18,18
64,50,0.6,0.4,0.56,0.56,0.56,28,22,22
64,50,0.7,0.6,0.52,0.52,0.52,26,24,24
64,50,0.7,0.7,0.52,0.52,0.52,26,24,24
64,50,0.6,0.5,0.48,0.48,0.48,24,26,26
64,50,0.3,0.5,0.5,0.5,0.5,25,25,25
64,50,0.3,0.4,0.54,0.54,0.54,27,23,23
64,50,0.3,0.3,0.5,0.5,0.5,25,25,25
64,50,0.4,0.6,0.46,0.46,0.46,23,27,27
64,50,0.5,0.3,0.6,0.6,0.6,30,20,20
64,50,0.5,0.4,0.5,0.5,0.5,25,25,25
64,50,0.5,0.5,0.52,0.52,0.52,26,24,24
64,50,0.4,0.7,0.44,0.44,0.44,22,28,28
64,50,0.6,0.7,0.46,0.46,0.46,23,27,27
64,50,0.7,0.5,0.54,0.54,0.54,27,23,23
64,50,0.7,0.4,0.58,0.58,0.58,29,21,21
64,50,0.7,0.3,0.64,0.64,0.64,32,18,18
64,50,0.6,0.6,0.52,0.52,0.52,26,24,24
141,100,0.6,0.3,0.4098360655737705,0.25,0.3105590062111801,25,36,75
141,100,0.6,0.4,1.0,0.04,0.07692307692307693,4,0,96
141,100,0.7,0.6,0.7083333333333334,0.17,0.2741935483870968,17,7,83
141,100,0.6,0.5,0.8,0.04,0.07619047619047618,4,1,96
141,100,0.5,0.3,0.75,0.18,0.2903225806451613,18,6,82
141,100,0.7,0.4,0.5064935064935064,0.39,0.4406779661016949,39,38,61
141,100,0.7,0.3,0.5666666666666667,0.34,0.425,34,26,66
141,10,0.3,0.6,0.1111111111111111,0.1,0.10526315789473685,1,8,9
141,10,0.3,0.7,0.4,0.2,0.26666666666666666,2,3,8
141,10,0.4,0.5,0.3,0.3,0.3,3,7,7
141,10,0.5,0.7,0.4,0.4,0.4000000000000001,4,6,6
141,10,0.5,0.6,0.4,0.4,0.4000000000000001,4,6,6
141,10,0.4,0.4,0.2222222222222222,0.2,0.2105263157894737,2,7,8
141,10,0.4,0.3,0.2222222222222222,0.2,0.2105263157894737,2,7,8
141,10,0.6,0.4,0.1111111111111111,0.1,0.10526315789473685,1,8,9
141,10,0.7,0.6,0.09090909090909091,0.1,0.09523809523809525,1,10,9
141,10,0.7,0.7,0.2,0.2,0.20000000000000004,2,8,8
141,10,0.6,0.5,0.2222222222222222,0.2,0.2105263157894737,2,7,8
141,10,0.3,0.5,0.2,0.2,0.20000000000000004,2,8,8
141,10,0.3,0.4,0.1,0.1,0.10000000000000002,1,9,9
141,10,0.3,0.3,0.4444444444444444,0.4,0.4210526315789474,4,5,6
141,10,0.4,0.6,0.2727272727272727,0.3,0.28571428571428564,3,8,7
141,10,0.5,0.3,0.1,0.1,0.10000000000000002,1,9,9
141,10,0.5,0.4,0.18181818181818182,0.2,0.1904761904761905,2,9,8
141,10,0.5,0.5,0.18181818181818182,0.2,0.1904761904761905,2,9,8
141,10,0.4,0.7,0.3333333333333333,0.3,0.3157894736842105,3,6,7
141,10,0.6,0.7,0.2222222222222222,0.2,0.2105263157894737,2,7,8
141,10,0.7,0.5,0.1111111111111111,0.1,0.10526315789473685,1,8,9
141,10,0.7,0.3,0.14285714285714285,0.1,0.11764705882352941,1,6,9
141,10,0.6,0.6,0.2222222222222222,0.2,0.2105263157894737,2,7,8
141,50,0.4,0.5,0.5161290322580645,0.32,0.3950617283950617,16,15,34
141,50,0.5,0.7,0.5757575757575758,0.38,0.45783132530120485,19,14,31
141,50,0.5,0.6,0.3225806451612903,0.4,0.3571428571428571,20,42,30
141,50,0.4,0.4,0.34285714285714286,0.24,0.2823529411764706,12,23,38
141,50,0.4,0.3,0.2692307692307692,0.28,0.27450980392156865,14,38,36
141,50,0.6,0.3,0.3958333333333333,0.38,0.3877551020408163,19,29,31
141,50,0.6,0.4,0.3,0.3,0.3,15,35,35
141,50,0.7,0.6,0.38095238095238093,0.16,0.22535211267605634,8,13,42
141,50,0.7,0.7,0.3333333333333333,0.12,0.1764705882352941,6,12,44
141,50,0.6,0.5,0.4166666666666667,0.1,0.16129032258064516,5,7,45
141,50,0.4,0.6,0.5757575757575758,0.38,0.45783132530120485,19,14,31
141,50,0.5,0.3,0.35294117647058826,0.36,0.3564356435643565,18,33,32
141,50,0.5,0.4,0.4166666666666667,0.1,0.16129032258064516,5,7,45
141,50,0.5,0.5,0.4444444444444444,0.16,0.23529411764705882,8,10,42
141,50,0.4,0.7,0.8,0.08,0.14545454545454545,4,1,46
141,50,0.6,0.7,0.2222222222222222,0.24,0.23076923076923075,12,42,38
141,50,0.7,0.5,0.34615384615384615,0.18,0.23684210526315788,9,17,41
141,50,0.7,0.4,0.3958333333333333,0.38,0.3877551020408163,19,29,31
141,50,0.7,0.3,0.25925925925925924,0.28,0.2692307692307692,14,40,36
141,50,0.6,0.6,0.4,0.12,0.18461538461538463,6,9,44
4,100,0.4,0.5,1.0,0.02,0.0392156862745098,2,0,98
4,100,0.5,0.7,1.0,0.02,0.0392156862745098,2,0,98
4,100,0.5,0.6,0.8333333333333334,0.2,0.3225806451612903,20,4,80
4,100,0.4,0.4,0.8,0.04,0.07619047619047618,4,1,96
4,100,0.4,0.3,0.9107142857142857,0.51,0.6538461538461539,51,5,49
4,100,0.6,0.3,0.9166666666666666,0.44,0.5945945945945945,44,4,56
4,100,0.6,0.4,0.9444444444444444,0.17,0.288135593220339,17,1,83
4,100,0.7,0.6,0.8409090909090909,0.37,0.513888888888889,37,7,63
4,100,0.7,0.7,1.0,0.05,0.09523809523809523,5,0,95
4,100,0.6,0.5,1.0,0.03,0.058252427184466014,3,0,97
4,100,0.3,0.3,1.0,0.03,0.058252427184466014,3,0,97
4,100,0.5,0.3,0.926829268292683,0.38,0.5390070921985816,38,3,62
4,100,0.5,0.4,0.9107142857142857,0.51,0.6538461538461539,51,5,49
4,100,0.5,0.5,0.8727272727272727,0.48,0.6193548387096774,48,7,52
4,100,0.6,0.7,1.0,0.02,0.0392156862745098,2,0,98
4,100,0.7,0.5,0.9019607843137255,0.46,0.609271523178808,46,5,54
4,100,0.7,0.4,0.9038461538461539,0.47,0.6184210526315789,47,5,53
4,100,0.7,0.3,0.8533333333333334,0.64,0.7314285714285714,64,11,36
4,100,0.6,0.6,0.8679245283018868,0.46,0.6013071895424837,46,7,54
4,10,0.3,0.6,0.2,0.2,0.20000000000000004,2,8,8
4,10,0.3,0.7,0.2,0.2,0.20000000000000004,2,8,8
4,10,0.4,0.5,0.5,0.5,0.5,5,5,5
4,10,0.5,0.7,0.2,0.2,0.20000000000000004,2,8,8
4,10,0.5,0.6,0.4,0.4,0.4000000000000001,4,6,6
4,10,0.4,0.4,0.5,0.5,0.5,5,5,5
4,10,0.4,0.3,0.5,0.5,0.5,5,5,5
4,10,0.6,0.3,0.5,0.5,0.5,5,5,5
4,10,0.6,0.4,0.4,0.4,0.4000000000000001,4,6,6
4,10,0.7,0.6,0.5,0.5,0.5,5,5,5
4,10,0.7,0.7,0.4,0.4,0.4000000000000001,4,6,6
4,10,0.6,0.5,0.5,0.5,0.5,5,5,5
4,10,0.3,0.5,0.2,0.2,0.20000000000000004,2,8,8
4,10,0.3,0.4,0.5,0.5,0.5,5,5,5
4,10,0.3,0.3,0.5,0.5,0.5,5,5,5
4,10,0.4,0.6,0.2,0.2,0.20000000000000004,2,8,8
4,10,0.5,0.3,0.3,0.3,0.3,3,7,7
4,10,0.5,0.4,0.5,0.5,0.5,5,5,5
4,10,0.5,0.5,0.4,0.4,0.4000000000000001,4,6,6
4,10,0.4,0.7,0.2,0.2,0.20000000000000004,2,8,8
4,10,0.6,0.7,0.4,0.4,0.4000000000000001,4,6,6
4,10,0.7,0.5,0.4,0.4,0.4000000000000001,4,6,6
4,10,0.7,0.4,0.5,0.5,0.5,5,5,5
4,10,0.7,0.3,0.5,0.5,0.5,5,5,5
4,10,0.6,0.6,0.4,0.4,0.4000000000000001,4,6,6
4,50,0.3,0.6,0.6363636363636364,0.56,0.5957446808510639,28,16,22
4,50,0.3,0.7,0.6136363636363636,0.54,0.574468085106383,27,17,23
4,50,0.4,0.5,0.7105263157894737,0.54,0.6136363636363636,27,11,23
4,50,0.5,0.7,0.6571428571428571,0.46,0.5411764705882354,23,12,27
4,50,0.5,0.6,0.725,0.58,0.6444444444444445,29,11,21
4,50,0.4,0.4,0.72,0.72,0.72,36,14,14
4,50,0.4,0.3,0.7954545454545454,0.7,0.7446808510638298,35,9,15
4,50,0.6,0.3,0.78,0.78,0.78,39,11,11
4,50,0.6,0.4,0.7346938775510204,0.72,0.7272727272727272,36,13,14
4,50,0.7,0.6,0.6666666666666666,0.72,0.6923076923076923,36,18,14
4,50,0.7,0.7,0.7142857142857143,0.7,0.7070707070707072,35,14,15
4,50,0.6,0.5,0.68,0.68,0.68,34,16,16
4,50,0.3,0.5,0.675,0.54,0.6000000000000001,27,13,23
4,50,0.3,0.4,0.7368421052631579,0.84,0.7850467289719626,42,15,8
4,50,0.3,0.3,0.75,0.78,0.7647058823529411,39,13,11
4,50,0.4,0.6,0.6923076923076923,0.54,0.6067415730337079,27,12,23
4,50,0.5,0.3,0.74,0.74,0.74,37,13,13
4,50,0.5,0.4,0.7058823529411765,0.72,0.712871287128713,36,15,14
4,50,0.5,0.5,0.74,0.74,0.74,37,13,13
4,50,0.4,0.7,0.6,0.66,0.6285714285714286,33,22,17
4,50,0.6,0.7,0.7169811320754716,0.76,0.7378640776699028,38,15,12
4,50,0.7,0.5,0.7115384615384616,0.74,0.7254901960784313,37,15,13
4,50,0.7,0.4,0.74,0.74,0.74,37,13,13
4,50,0.7,0.3,0.7755102040816326,0.76,0.7676767676767676,38,11,12
4,50,0.6,0.6,0.723404255319149,0.68,0.7010309278350516,34,13,16
3,100,0.7,0.4,0.7575757575757576,0.75,0.7537688442211055,75,24,25
3,100,0.7,0.3,0.85,0.85,0.85,85,15,15
3,10,0.4,0.5,0.5555555555555556,0.5,0.5263157894736842,5,4,5
3,10,0.5,0.7,0.2222222222222222,0.2,0.2105263157894737,2,7,8
3,10,0.5,0.6,0.5,0.5,0.5,5,5,5
3,10,0.4,0.4,0.5,0.5,0.5,5,5,5
3,10,0.4,0.3,0.6,0.6,0.6,6,4,4
3,10,0.6,0.3,0.625,0.5,0.5555555555555556,5,3,5
3,10,0.6,0.4,0.5555555555555556,0.5,0.5263157894736842,5,4,5
3,10,0.7,0.6,0.4,0.4,0.4000000000000001,4,6,6
3,10,0.7,0.7,0.4,0.4,0.4000000000000001,4,6,6
3,10,0.6,0.5,0.5,0.5,0.5,5,5,5
3,10,0.4,0.6,0.5,0.5,0.5,5,5,5
3,10,0.5,0.3,0.625,0.5,0.5555555555555556,5,3,5
3,10,0.5,0.4,0.5555555555555556,0.5,0.5263157894736842,5,4,5
3,10,0.5,0.5,0.3,0.3,0.3,3,7,7
3,10,0.4,0.7,0.5,0.5,0.5,5,5,5
3,10,0.6,0.7,0.4,0.4,0.4000000000000001,4,6,6
3,10,0.7,0.5,0.5,0.4,0.4444444444444445,4,4,6
3,10,0.7,0.4,0.2,0.2,0.20000000000000004,2,8,8
3,10,0.7,0.3,0.3,0.3,0.3,3,7,7
3,10,0.6,0.6,0.4,0.4,0.4000000000000001,4,6,6
3,50,0.6,0.3,0.8947368421052632,0.34,0.4927536231884058,17,2,33
3,50,0.6,0.4,0.8571428571428571,0.36,0.5070422535211268,18,3,32
3,50,0.7,0.6,0.5,0.56,0.5283018867924528,28,28,22
3,50,0.7,0.7,0.8076923076923077,0.42,0.5526315789473685,21,5,29
3,50,0.6,0.5,0.9090909090909091,0.2,0.32786885245901637,10,1,40
3,50,0.5,0.3,1.0,0.02,0.0392156862745098,1,0,49
3,50,0.6,0.7,0.8333333333333334,0.1,0.17857142857142858,5,1,45
3,50,0.7,0.5,0.5185185185185185,0.56,0.5384615384615384,28,26,22
3,50,0.7,0.4,0.5882352941176471,0.6,0.5940594059405941,30,21,20
3,50,0.7,0.3,0.76,0.76,0.76,38,12,12
3,50,0.6,0.6,0.8333333333333334,0.1,0.17857142857142858,5,1,45
12,100,0.3,0.6,0.91,0.91,0.91,91,9,9
12,100,0.3,0.7,0.900990099009901,0.91,0.9054726368159204,91,10,9
12,100,0.4,0.5,0.8910891089108911,0.9,0.8955223880597015,90,11,10
12,100,0.5,0.7,0.89,0.89,0.89,89,11,11
12,100,0.5,0.6,0.9,0.9,0.9,90,10,10
12,100,0.4,0.4,0.9285714285714286,0.91,0.9191919191919193,91,7,9
12,100,0.4,0.3,0.9090909090909091,0.9,0.9045226130653266,90,9,10
12,100,0.6,0.3,0.8529411764705882,0.87,0.8613861386138614,87,15,13
12,100,0.6,0.4,0.89,0.89,0.89,89,11,11
12,100,0.7,0.6,0.8979591836734694,0.88,0.888888888888889,88,10,12
12,100,0.7,0.7,0.88,0.88,0.88,88,12,12
12,100,0.6,0.5,0.9,0.9,0.9,90,10,10
12,100,0.3,0.5,0.898989898989899,0.89,0.8944723618090452,89,10,11
12,100,0.3,0.4,0.9306930693069307,0.94,0.9353233830845772,94,7,6
12,100,0.3,0.3,0.9381443298969072,0.91,0.9238578680203046,91,6,9
12,100,0.4,0.6,0.9,0.9,0.9,90,10,10
12,100,0.5,0.3,0.89,0.89,0.89,89,11,11
12,100,0.5,0.4,0.9,0.9,0.9,90,10,10
12,100,0.5,0.5,0.8888888888888888,0.88,0.8844221105527638,88,11,12
12,100,0.4,0.7,0.9,0.9,0.9,90,10,10
12,100,0.6,0.7,0.88,0.88,0.88,88,12,12
12,100,0.7,0.5,0.8787878787878788,0.87,0.8743718592964824,87,12,13
12,100,0.7,0.4,0.8349514563106796,0.86,0.8472906403940887,86,17,14
12,100,0.7,0.3,0.85,0.85,0.85,85,15,15
12,100,0.6,0.6,0.8979591836734694,0.88,0.888888888888889,88,10,12
12,10,0.3,0.6,0.5,0.5,0.5,5,5,5
12,10,0.3,0.7,0.5,0.5,0.5,5,5,5
12,10,0.4,0.5,0.7,0.7,0.7,7,3,3
12,10,0.5,0.7,0.5,0.5,0.5,5,5,5
12,10,0.5,0.6,0.6,0.6,0.6,6,4,4
12,10,0.4,0.4,0.6,0.6,0.6,6,4,4
12,10,0.4,0.3,0.6,0.6,0.6,6,4,4
12,10,0.6,0.3,0.5,0.5,0.5,5,5,5
12,10,0.6,0.4,0.5,0.5,0.5,5,5,5
12,10,0.7,0.6,0.6,0.6,0.6,6,4,4
12,10,0.7,0.7,0.7,0.7,0.7,7,3,3
12,10,0.6,0.5,0.5,0.5,0.5,5,5,5
12,10,0.3,0.5,0.6,0.6,0.6,6,4,4
12,10,0.3,0.4,0.7,0.7,0.7,7,3,3
12,10,0.3,0.3,0.6,0.6,0.6,6,4,4
12,10,0.4,0.6,0.5,0.5,0.5,5,5,5
12,10,0.5,0.3,0.6,0.6,0.6,6,4,4
12,10,0.5,0.4,0.6,0.6,0.6,6,4,4
12,10,0.5,0.5,0.5,0.5,0.5,5,5,5
12,10,0.4,0.7,0.7,0.7,0.7,7,3,3
12,10,0.6,0.7,0.6,0.6,0.6,6,4,4
12,10,0.7,0.5,0.6,0.6,0.6,6,4,4
12,10,0.7,0.4,0.6,0.6,0.6,6,4,4
12,10,0.7,0.3,0.4,0.4,0.4000000000000001,4,6,6
12,10,0.6,0.6,0.7,0.7,0.7,7,3,3
12,50,0.3,0.6,0.8431372549019608,0.86,0.8514851485148515,43,8,7
12,50,0.3,0.7,0.82,0.82,0.82,41,9,9
12,50,0.4,0.5,0.8367346938775511,0.82,0.8282828282828283,41,8,9
12,50,0.5,0.7,0.8,0.8,0.8000000000000002,40,10,10
12,50,0.5,0.6,0.86,0.86,0.8599999999999999,43,7,7
12,50,0.4,0.4,0.86,0.86,0.8599999999999999,43,7,7
12,50,0.4,0.3,0.8775510204081632,0.86,0.8686868686868686,43,6,7
12,50,0.6,0.3,0.8235294117647058,0.84,0.8316831683168315,42,9,8
12,50,0.6,0.4,0.8775510204081632,0.86,0.8686868686868686,43,6,7
12,50,0.7,0.6,0.82,0.82,0.82,41,9,9
12,50,0.7,0.7,0.82,0.82,0.82,41,9,9
12,50,0.6,0.5,0.7959183673469388,0.78,0.7878787878787878,39,10,11
12,50,0.3,0.5,0.82,0.82,0.82,41,9,9
12,50,0.3,0.4,0.8775510204081632,0.86,0.8686868686868686,43,6,7
12,50,0.3,0.3,0.88,0.88,0.88,44,6,6
12,50,0.4,0.6,0.8163265306122449,0.8,0.8080808080808082,40,9,10
12,50,0.5,0.3,0.86,0.86,0.8599999999999999,43,7,7
12,50,0.5,0.4,0.86,0.86,0.8599999999999999,43,7,7
12,50,0.5,0.5,0.8,0.8,0.8000000000000002,40,10,10
12,50,0.4,0.7,0.84,0.84,0.8399999999999999,42,8,8
12,50,0.6,0.7,0.8367346938775511,0.82,0.8282828282828283,41,8,9
12,50,0.7,0.5,0.78,0.78,0.78,39,11,11
12,50,0.7,0.4,0.86,0.86,0.8599999999999999,43,7,7
12,50,0.7,0.3,0.8235294117647058,0.84,0.8316831683168315,42,9,8
12,50,0.6,0.6,0.86,0.86,0.8599999999999999,43,7,7
2,10,0.7,0.4,0.07692307692307693,0.1,0.08695652173913043,1,12,9
2,10,0.7,0.3,0.07142857142857142,0.1,0.08333333333333333,1,13,9
13,100,0.3,0.6,0.88,0.88,0.88,88,12,12
13,100,0.3,0.7,0.8333333333333334,0.85,0.8415841584158417,85,17,15
13,100,0.4,0.5,0.9,0.9,0.9,90,10,10
13,100,0.5,0.7,0.85,0.85,0.85,85,15,15
13,100,0.5,0.6,0.88,0.88,0.88,88,12,12
13,100,0.4,0.4,0.898989898989899,0.89,0.8944723618090452,89,10,11
13,100,0.4,0.3,0.93,0.93,0.93,93,7,7
13,100,0.6,0.3,0.8979591836734694,0.88,0.888888888888889,88,10,12
13,100,0.6,0.4,0.9270833333333334,0.89,0.9081632653061226,89,7,11
13,100,0.7,0.6,0.8686868686868687,0.86,0.864321608040201,86,13,14
13,100,0.7,0.7,0.87,0.87,0.87,87,13,13
13,100,0.6,0.5,0.898989898989899,0.89,0.8944723618090452,89,10,11
13,100,0.3,0.5,0.91,0.91,0.91,91,9,9
13,100,0.3,0.4,0.93,0.93,0.93,93,7,7
13,100,0.3,0.3,0.9,0.9,0.9,90,10,10
13,100,0.4,0.6,0.88,0.88,0.88,88,12,12
13,100,0.5,0.3,0.88,0.88,0.88,88,12,12
13,100,0.5,0.4,0.9375,0.9,0.9183673469387755,90,6,10
13,100,0.5,0.5,0.9263157894736842,0.88,0.9025641025641025,88,7,12
13,100,0.4,0.7,0.84,0.84,0.8399999999999999,84,16,16
13,100,0.6,0.7,0.85,0.85,0.85,85,15,15
13,100,0.7,0.5,0.8888888888888888,0.88,0.8844221105527638,88,11,12
13,100,0.7,0.4,0.88,0.88,0.88,88,12,12
13,100,0.7,0.3,0.85,0.85,0.85,85,15,15
13,100,0.6,0.6,0.86,0.86,0.8599999999999999,86,14,14
13,10,0.3,0.6,0.3,0.3,0.3,3,7,7
13,10,0.3,0.7,0.2,0.2,0.20000000000000004,2,8,8
13,10,0.4,0.5,0.5,0.5,0.5,5,5,5
13,10,0.5,0.7,0.4,0.4,0.4000000000000001,4,6,6
13,10,0.5,0.6,0.5,0.5,0.5,5,5,5
13,10,0.4,0.4,0.6,0.6,0.6,6,4,4
13,10,0.4,0.3,0.7,0.7,0.7,7,3,3
13,10,0.6,0.3,0.7,0.7,0.7,7,3,3
13,10,0.6,0.4,0.7,0.7,0.7,7,3,3
13,10,0.7,0.6,0.5,0.5,0.5,5,5,5
13,10,0.7,0.7,0.3,0.3,0.3,3,7,7
13,10,0.6,0.5,0.5454545454545454,0.6,0.5714285714285713,6,5,4
13,10,0.3,0.5,0.6,0.6,0.6,6,4,4
13,10,0.3,0.4,0.6,0.6,0.6,6,4,4
13,10,0.3,0.3,0.7,0.7,0.7,7,3,3
13,10,0.4,0.6,0.6,0.6,0.6,6,4,4
13,10,0.5,0.3,0.8,0.8,0.8000000000000002,8,2,2
13,10,0.5,0.4,0.7,0.7,0.7,7,3,3
13,10,0.5,0.5,0.6,0.6,0.6,6,4,4
13,10,0.4,0.7,0.3,0.3,0.3,3,7,7
13,10,0.6,0.7,0.3,0.3,0.3,3,7,7
13,10,0.7,0.5,0.6,0.6,0.6,6,4,4
13,10,0.7,0.4,0.6666666666666666,0.6,0.631578947368421,6,3,4
13,10,0.7,0.3,0.6,0.6,0.6,6,4,4
13,10,0.6,0.6,0.4,0.4,0.4000000000000001,4,6,6
13,50,0.3,0.6,0.7647058823529411,0.78,0.7722772277227723,39,12,11
13,50,0.3,0.7,0.7,0.7,0.7,35,15,15
13,50,0.4,0.5,0.8,0.8,0.8000000000000002,40,10,10
13,50,0.5,0.7,0.7142857142857143,0.7,0.7070707070707072,35,14,15
13,50,0.5,0.6,0.7755102040816326,0.76,0.7676767676767676,38,11,12
13,50,0.4,0.4,0.8571428571428571,0.84,0.8484848484848485,42,7,8
13,50,0.4,0.3,0.88,0.88,0.88,44,6,6
13,50,0.6,0.3,0.8775510204081632,0.86,0.8686868686868686,43,6,7
13,50,0.6,0.4,0.86,0.86,0.8599999999999999,43,7,7
13,50,0.7,0.6,0.78,0.78,0.78,39,11,11
13,50,0.7,0.7,0.7346938775510204,0.72,0.7272727272727272,36,13,14
13,50,0.6,0.5,0.82,0.82,0.82,41,9,9
13,50,0.3,0.5,0.84,0.84,0.8399999999999999,42,8,8
13,50,0.3,0.4,0.86,0.86,0.8599999999999999,43,7,7
13,50,0.3,0.3,0.8076923076923077,0.84,0.8235294117647058,42,10,8
13,50,0.4,0.6,0.7551020408163265,0.74,0.7474747474747474,37,12,13
13,50,0.5,0.3,0.9148936170212766,0.86,0.8865979381443299,43,4,7
13,50,0.5,0.4,0.86,0.86,0.8599999999999999,43,7,7
13,50,0.5,0.5,0.8541666666666666,0.82,0.836734693877551,41,7,9
13,50,0.4,0.7,0.68,0.68,0.68,34,16,16
13,50,0.6,0.7,0.72,0.72,0.72,36,14,14
13,50,0.7,0.5,0.8,0.8,0.8000000000000002,40,10,10
13,50,0.7,0.4,0.8431372549019608,0.86,0.8514851485148515,43,8,7
13,50,0.7,0.3,0.82,0.82,0.82,41,9,9
13,50,0.6,0.6,0.78,0.78,0.78,39,11,11
5,100,0.3,0.6,0.7425742574257426,0.75,0.746268656716418,75,26,25
5,100,0.3,0.7,0.7040816326530612,0.69,0.6969696969696969,69,29,31
5,100,0.4,0.5,0.8137254901960784,0.83,0.8217821782178217,83,19,17
5,100,0.5,0.7,0.7524752475247525,0.76,0.7562189054726369,76,25,24
5,100,0.5,0.6,0.7474747474747475,0.74,0.743718592964824,74,25,26
5,100,0.4,0.4,0.8529411764705882,0.87,0.8613861386138614,87,15,13
5,100,0.4,0.3,0.88,0.88,0.88,88,12,12
5,100,0.6,0.3,0.88,0.88,0.88,88,12,12
5,100,0.6,0.4,0.87,0.87,0.87,87,13,13
5,100,0.7,0.6,0.7878787878787878,0.78,0.7839195979899497,78,21,22
5,100,0.7,0.7,0.72,0.72,0.72,72,28,28
5,100,0.6,0.5,0.81,0.81,0.81,81,19,19
5,100,0.3,0.5,0.84,0.84,0.8399999999999999,84,16,16
5,100,0.3,0.4,0.83,0.83,0.83,83,17,17
5,100,0.3,0.3,0.88,0.88,0.88,88,12,12
5,100,0.4,0.6,0.79,0.79,0.79,79,21,21
5,100,0.5,0.3,0.87,0.87,0.87,87,13,13
5,100,0.5,0.4,0.87,0.87,0.87,87,13,13
5,100,0.5,0.5,0.8282828282828283,0.82,0.8241206030150754,82,17,18
5,100,0.4,0.7,0.71,0.71,0.7100000000000001,71,29,29
5,100,0.6,0.7,0.7,0.7,0.7,70,30,30
5,100,0.7,0.5,0.81,0.81,0.81,81,19,19
5,100,0.7,0.4,0.8712871287128713,0.88,0.8756218905472637,88,13,12
5,100,0.7,0.3,0.8910891089108911,0.9,0.8955223880597015,90,11,10
5,100,0.6,0.6,0.7777777777777778,0.77,0.7738693467336684,77,22,23
5,10,0.3,0.6,0.2,0.2,0.20000000000000004,2,8,8
5,10,0.3,0.7,0.4,0.4,0.4000000000000001,4,6,6
5,10,0.4,0.5,0.3,0.3,0.3,3,7,7
5,10,0.5,0.7,0.2,0.2,0.20000000000000004,2,8,8
5,10,0.5,0.6,0.3,0.3,0.3,3,7,7
5,10,0.4,0.4,0.5,0.5,0.5,5,5,5
5,10,0.4,0.3,0.4,0.4,0.4000000000000001,4,6,6
5,10,0.6,0.3,0.6,0.6,0.6,6,4,4
5,10,0.6,0.4,0.5,0.5,0.5,5,5,5
5,10,0.7,0.6,0.4,0.4,0.4000000000000001,4,6,6
5,10,0.7,0.7,0.3,0.3,0.3,3,7,7
5,10,0.6,0.5,0.5,0.5,0.5,5,5,5
5,10,0.3,0.5,0.2,0.2,0.20000000000000004,2,8,8
5,10,0.3,0.4,0.4,0.4,0.4000000000000001,4,6,6
5,10,0.3,0.3,0.5,0.5,0.5,5,5,5
5,10,0.4,0.6,0.2,0.2,0.20000000000000004,2,8,8
5,10,0.5,0.3,0.5,0.5,0.5,5,5,5
5,10,0.5,0.4,0.5,0.5,0.5,5,5,5
5,10,0.5,0.5,0.3,0.3,0.3,3,7,7
5,10,0.4,0.7,0.2,0.2,0.20000000000000004,2,8,8
5,10,0.6,0.7,0.2,0.2,0.20000000000000004,2,8,8
5,10,0.7,0.5,0.5,0.5,0.5,5,5,5
5,10,0.7,0.4,0.5,0.5,0.5,5,5,5
5,10,0.7,0.3,0.5,0.5,0.5,5,5,5
5,10,0.6,0.6,0.4,0.4,0.4000000000000001,4,6,6
5,50,0.3,0.6,0.72,0.72,0.72,36,14,14
5,50,0.3,0.7,0.66,0.66,0.66,33,17,17
5,50,0.4,0.5,0.76,0.76,0.76,38,12,12
5,50,0.5,0.7,0.6938775510204082,0.68,0.686868686868687,34,15,16
5,50,0.5,0.6,0.66,0.66,0.66,33,17,17
5,50,0.4,0.4,0.6938775510204082,0.68,0.686868686868687,34,15,16
5,50,0.4,0.3,0.78,0.78,0.78,39,11,11
5,50,0.6,0.3,0.82,0.82,0.82,41,9,9
5,50,0.6,0.4,0.76,0.76,0.76,38,12,12
5,50,0.7,0.6,0.7,0.7,0.7,35,15,15
5,50,0.7,0.7,0.72,0.72,0.72,36,14,14
5,50,0.6,0.5,0.7,0.7,0.7,35,15,15
5,50,0.3,0.5,0.72,0.72,0.72,36,14,14
5,50,0.3,0.4,0.7142857142857143,0.7,0.7070707070707072,35,14,15
5,50,0.3,0.3,0.78,0.78,0.78,39,11,11
5,50,0.4,0.6,0.74,0.74,0.74,37,13,13
5,50,0.5,0.3,0.76,0.76,0.76,38,12,12
5,50,0.5,0.4,0.7346938775510204,0.72,0.7272727272727272,36,13,14
5,50,0.5,0.5,0.74,0.74,0.74,37,13,13
5,50,0.4,0.7,0.66,0.66,0.66,33,17,17
5,50,0.6,0.7,0.6530612244897959,0.64,0.6464646464646464,32,17,18
5,50,0.7,0.5,0.673469387755102,0.66,0.6666666666666666,33,16,17
5,50,0.7,0.4,0.76,0.76,0.76,38,12,12
5,50,0.7,0.3,0.82,0.82,0.82,41,9,9
5,50,0.6,0.6,0.68,0.68,0.68,34,16,16
14,100,0.3,0.6,0.7961165048543689,0.82,0.8078817733990147,82,21,18
14,100,0.3,0.7,0.7448979591836735,0.73,0.7373737373737373,73,25,27
14,100,0.4,0.5,0.8235294117647058,0.84,0.8316831683168315,84,18,16
14,100,0.5,0.7,0.797979797979798,0.79,0.7939698492462312,79,20,21
14,100,0.5,0.6,0.83,0.83,0.83,83,17,17
14,100,0.4,0.4,0.87,0.87,0.87,87,13,13
14,100,0.4,0.3,0.900990099009901,0.91,0.9054726368159204,91,10,9
14,100,0.6,0.3,0.8979591836734694,0.88,0.888888888888889,88,10,12
14,100,0.6,0.4,0.88,0.88,0.88,88,12,12
14,100,0.7,0.6,0.8415841584158416,0.85,0.845771144278607,85,16,15
14,100,0.7,0.7,0.8484848484848485,0.84,0.8442211055276383,84,15,16
14,100,0.6,0.5,0.8673469387755102,0.85,0.8585858585858585,85,13,15
14,100,0.3,0.5,0.7961165048543689,0.82,0.8078817733990147,82,21,18
14,100,0.3,0.4,0.8333333333333334,0.85,0.8415841584158417,85,17,15
14,100,0.3,0.3,0.88,0.88,0.88,88,12,12
14,100,0.4,0.6,0.8,0.8,0.8000000000000002,80,20,20
14,100,0.5,0.3,0.8932038834951457,0.92,0.9064039408866995,92,11,8
14,100,0.5,0.4,0.8865979381443299,0.86,0.8730964467005077,86,11,14
14,100,0.5,0.5,0.8787878787878788,0.87,0.8743718592964824,87,12,13
14,100,0.4,0.7,0.79,0.79,0.79,79,21,21
14,100,0.6,0.7,0.81,0.81,0.81,81,19,19
14,100,0.7,0.5,0.8686868686868687,0.86,0.864321608040201,86,13,14
14,100,0.7,0.4,0.8854166666666666,0.85,0.8673469387755102,85,11,15
14,100,0.7,0.3,0.8969072164948454,0.87,0.883248730964467,87,10,13
14,100,0.6,0.6,0.8686868686868687,0.86,0.864321608040201,86,13,14
14,10,0.3,0.6,0.3,0.3,0.3,3,7,7
14,10,0.3,0.7,0.1,0.1,0.10000000000000002,1,9,9
14,10,0.4,0.5,0.2,0.2,0.20000000000000004,2,8,8
14,10,0.5,0.7,0.3,0.3,0.3,3,7,7
14,10,0.5,0.6,0.3,0.3,0.3,3,7,7
14,10,0.4,0.4,0.4,0.4,0.4000000000000001,4,6,6
14,10,0.4,0.3,0.6,0.6,0.6,6,4,4
14,10,0.6,0.3,0.6,0.6,0.6,6,4,4
14,10,0.6,0.4,0.5,0.5,0.5,5,5,5
14,10,0.7,0.6,0.4,0.4,0.4000000000000001,4,6,6
14,10,0.7,0.7,0.5,0.5,0.5,5,5,5
14,10,0.6,0.5,0.4,0.4,0.4000000000000001,4,6,6
14,10,0.3,0.5,0.3,0.3,0.3,3,7,7
14,10,0.3,0.4,0.2,0.2,0.20000000000000004,2,8,8
14,10,0.3,0.3,0.3,0.3,0.3,3,7,7
14,10,0.4,0.6,0.2,0.2,0.20000000000000004,2,8,8
14,10,0.5,0.3,0.6,0.6,0.6,6,4,4
14,10,0.5,0.4,0.5,0.5,0.5,5,5,5
14,10,0.5,0.5,0.5,0.5,0.5,5,5,5
14,10,0.4,0.7,0.3,0.3,0.3,3,7,7
14,10,0.6,0.7,0.3,0.3,0.3,3,7,7
14,10,0.7,0.5,0.5,0.5,0.5,5,5,5
14,10,0.7,0.4,0.6,0.6,0.6,6,4,4
14,10,0.7,0.3,0.6,0.6,0.6,6,4,4
14,10,0.6,0.6,0.5,0.5,0.5,5,5,5
14,50,0.3,0.6,0.6122448979591837,0.6,0.6060606060606062,30,19,20
14,50,0.3,0.7,0.6538461538461539,0.68,0.6666666666666666,34,18,16
14,50,0.4,0.5,0.72,0.72,0.72,36,14,14
14,50,0.5,0.7,0.6,0.6,0.6,30,20,20
14,50,0.5,0.6,0.72,0.72,0.72,36,14,14
14,50,0.4,0.4,0.78,0.78,0.78,39,11,11
14,50,0.4,0.3,0.86,0.86,0.8599999999999999,43,7,7
14,50,0.6,0.3,0.86,0.86,0.8599999999999999,43,7,7
14,50,0.6,0.4,0.86,0.86,0.8599999999999999,43,7,7
14,50,0.7,0.6,0.7647058823529411,0.78,0.7722772277227723,39,12,11
14,50,0.7,0.7,0.7551020408163265,0.74,0.7474747474747474,37,12,13
14,50,0.6,0.5,0.82,0.82,0.82,41,9,9
14,50,0.3,0.5,0.6226415094339622,0.66,0.6407766990291262,33,20,17
14,50,0.3,0.4,0.6470588235294118,0.66,0.6534653465346535,33,18,17
14,50,0.3,0.3,0.76,0.76,0.76,38,12,12
14,50,0.4,0.6,0.7,0.7,0.7,35,15,15
14,50,0.5,0.3,0.86,0.86,0.8599999999999999,43,7,7
14,50,0.5,0.4,0.82,0.82,0.82,41,9,9
14,50,0.5,0.5,0.7647058823529411,0.78,0.7722772277227723,39,12,11
14,50,0.4,0.7,0.6530612244897959,0.64,0.6464646464646464,32,17,18
14,50,0.6,0.7,0.7021276595744681,0.66,0.6804123711340208,33,14,17
14,50,0.7,0.5,0.84,0.84,0.8399999999999999,42,8,8
14,50,0.7,0.4,0.84,0.84,0.8399999999999999,42,8,8
14,50,0.7,0.3,0.86,0.86,0.8599999999999999,43,7,7
14,50,0.6,0.6,0.7647058823529411,0.78,0.7722772277227723,39,12,11
