Phage	MAG	lambda	metrics
k141_346380	bin.99	0.1875	{'precision': 0.3333333333333333, 'recall': 1.0, 'f1': 0.5, 'TP': 1, 'FP': 2, 'FN': 0}
k141_512174	bin.97	0.5	{'precision': 0.3333333333333333, 'recall': 1.0, 'f1': 0.5, 'TP': 1, 'FP': 2, 'FN': 0}
k141_600654	bin.93	0.01171875	{'precision': 0.0, 'recall': 0.0, 'f1': 0, 'TP': 0, 'FP': 3, 'FN': 1}
k141_633380	bin.92	0.5	{'precision': 0.5, 'recall': 1.0, 'f1': 0.6666666666666666, 'TP': 1, 'FP': 1, 'FN': 0}
k141_111919	bin.90	0.5	{'precision': 1.0, 'recall': 1.0, 'f1': 1.0, 'TP': 1, 'FP': 0, 'FN': 0}
k141_410106	bin.82	0.5	{'precision': 1.0, 'recall': 1.0, 'f1': 1.0, 'TP': 1, 'FP': 0, 'FN': 0}
k141_468667	bin.81	0.25	{'precision': 0.5, 'recall': 1.0, 'f1': 0.6666666666666666, 'TP': 1, 'FP': 1, 'FN': 0}
k141_511974	bin.80	0.5	{'precision': 0.5, 'recall': 1.0, 'f1': 0.6666666666666666, 'TP': 1, 'FP': 1, 'FN': 0}
k141_19229	bin.76	0.875	{'precision': 0.25, 'recall': 1.0, 'f1': 0.4, 'TP': 1, 'FP': 3, 'FN': 0}
k141_378918	bin.71	0.125	{'precision': 0.3333333333333333, 'recall': 1.0, 'f1': 0.5, 'TP': 1, 'FP': 2, 'FN': 0}
k141_307704	bin.7	0.5	{'precision': 0.0, 'recall': 0.0, 'f1': 0, 'TP': 0, 'FP': 1, 'FN': 1}
k141_473853	bin.69	0.0625	{'precision': 0, 'recall': 0.0, 'f1': 0, 'TP': 0, 'FP': 0, 'FN': 1}
k141_114268	bin.68	0.125	{'precision': 1.0, 'recall': 1.0, 'f1': 1.0, 'TP': 1, 'FP': 0, 'FN': 0}
k141_25538	bin.64	0.875	{'precision': 0.5, 'recall': 1.0, 'f1': 0.6666666666666666, 'TP': 1, 'FP': 1, 'FN': 0}
k141_373297	bin.61	0.5	{'precision': 1.0, 'recall': 1.0, 'f1': 1.0, 'TP': 1, 'FP': 0, 'FN': 0}
k141_670737	bin.60	0.5	{'precision': 0.5, 'recall': 1.0, 'f1': 0.6666666666666666, 'TP': 1, 'FP': 1, 'FN': 0}
k141_302077	bin.58	0.5	{'precision': 1.0, 'recall': 1.0, 'f1': 1.0, 'TP': 1, 'FP': 0, 'FN': 0}
k141_499620	bin.56	0.75	{'precision': 0.3333333333333333, 'recall': 1.0, 'f1': 0.5, 'TP': 1, 'FP': 2, 'FN': 0}
k141_260063	bin.55	0.5	{'precision': 1.0, 'recall': 1.0, 'f1': 1.0, 'TP': 1, 'FP': 0, 'FN': 0}
k141_604404	bin.51	0.5	{'precision': 0.5, 'recall': 1.0, 'f1': 0.6666666666666666, 'TP': 1, 'FP': 1, 'FN': 0}
k141_491733	bin.44	0.5	{'precision': 0.5, 'recall': 1.0, 'f1': 0.6666666666666666, 'TP': 1, 'FP': 1, 'FN': 0}
k141_713558	bin.42	0.4375	{'precision': 0.3333333333333333, 'recall': 1.0, 'f1': 0.5, 'TP': 1, 'FP': 2, 'FN': 0}
k141_58206	bin.38	0.125	{'precision': 1.0, 'recall': 1.0, 'f1': 1.0, 'TP': 1, 'FP': 0, 'FN': 0}
k141_692086	bin.35	0.78125	{'precision': 0.0, 'recall': 0.0, 'f1': 0, 'TP': 0, 'FP': 3, 'FN': 1}
k141_51103	bin.29	0.875	{'precision': 0.0, 'recall': 0.0, 'f1': 0, 'TP': 0, 'FP': 1, 'FN': 1}
k141_546823	bin.28	0.25	{'precision': 0.3333333333333333, 'recall': 1.0, 'f1': 0.5, 'TP': 1, 'FP': 2, 'FN': 0}
k141_606847	bin.27	0.875	{'precision': 1.0, 'recall': 1.0, 'f1': 1.0, 'TP': 1, 'FP': 0, 'FN': 0}
k141_245127	bin.23	0.125	{'precision': 0.3333333333333333, 'recall': 1.0, 'f1': 0.5, 'TP': 1, 'FP': 2, 'FN': 0}
k141_384042	bin.219	0.9375	{'precision': 0.0, 'recall': 0.0, 'f1': 0, 'TP': 0, 'FP': 4, 'FN': 1}
k141_306704	bin.218	0.75	{'precision': 0.3333333333333333, 'recall': 1.0, 'f1': 0.5, 'TP': 1, 'FP': 2, 'FN': 0}
k141_239066	bin.217	0.5	{'precision': 0.25, 'recall': 1.0, 'f1': 0.4, 'TP': 1, 'FP': 3, 'FN': 0}
k141_397469	bin.214	0.5	{'precision': 0.5, 'recall': 1.0, 'f1': 0.6666666666666666, 'TP': 1, 'FP': 1, 'FN': 0}
k141_653841	bin.213	0.125	{'precision': 0.3333333333333333, 'recall': 1.0, 'f1': 0.5, 'TP': 1, 'FP': 2, 'FN': 0}
k141_261477	bin.211	0.0546875	{'precision': 0.3333333333333333, 'recall': 1.0, 'f1': 0.5, 'TP': 1, 'FP': 2, 'FN': 0}
k141_375749	bin.208	0.5	{'precision': 0.5, 'recall': 1.0, 'f1': 0.6666666666666666, 'TP': 1, 'FP': 1, 'FN': 0}
k141_408028	bin.206	0.1875	{'precision': 0.0, 'recall': 0.0, 'f1': 0, 'TP': 0, 'FP': 3, 'FN': 1}
k141_436336	bin.204	0.0625	{'precision': 0.0, 'recall': 0.0, 'f1': 0, 'TP': 0, 'FP': 5, 'FN': 1}
k141_717612	bin.202	0.03125	{'precision': 0.0, 'recall': 0.0, 'f1': 0, 'TP': 0, 'FP': 2, 'FN': 1}
k141_560824	bin.2	0.625	{'precision': 0.3333333333333333, 'recall': 1.0, 'f1': 0.5, 'TP': 1, 'FP': 2, 'FN': 0}
k141_74712	bin.197	0.875	{'precision': 0.0, 'recall': 0.0, 'f1': 0, 'TP': 0, 'FP': 1, 'FN': 1}
k141_146618	bin.196	0.75	{'precision': 0.3333333333333333, 'recall': 1.0, 'f1': 0.5, 'TP': 1, 'FP': 2, 'FN': 0}
k141_240710	bin.195	0.25	{'precision': 0.3333333333333333, 'recall': 1.0, 'f1': 0.5, 'TP': 1, 'FP': 2, 'FN': 0}
k141_592939	bin.192	0.25	{'precision': 0.0, 'recall': 0.0, 'f1': 0, 'TP': 0, 'FP': 4, 'FN': 1}
k141_495676	bin.19	0.5	{'precision': 1.0, 'recall': 1.0, 'f1': 1.0, 'TP': 1, 'FP': 0, 'FN': 0}
k141_36609	bin.187	0.0625	{'precision': 1.0, 'recall': 1.0, 'f1': 1.0, 'TP': 1, 'FP': 0, 'FN': 0}
k141_382420	bin.184	0.875	{'precision': 0.3333333333333333, 'recall': 1.0, 'f1': 0.5, 'TP': 1, 'FP': 2, 'FN': 0}
k141_187880	bin.183	0.5	{'precision': 0.3333333333333333, 'recall': 1.0, 'f1': 0.5, 'TP': 1, 'FP': 2, 'FN': 0}
k141_515126	bin.182	0.25	{'precision': 0.3333333333333333, 'recall': 1.0, 'f1': 0.5, 'TP': 1, 'FP': 2, 'FN': 0}
k141_179903	bin.181	0.123046875	{'precision': 0.3333333333333333, 'recall': 1.0, 'f1': 0.5, 'TP': 1, 'FP': 2, 'FN': 0}
k141_551856	bin.180	0.5	{'precision': 0.5, 'recall': 1.0, 'f1': 0.6666666666666666, 'TP': 1, 'FP': 1, 'FN': 0}
k141_28136	bin.17	0.875	{'precision': 0.5, 'recall': 1.0, 'f1': 0.6666666666666666, 'TP': 1, 'FP': 1, 'FN': 0}
k141_307074	bin.166	0.5	{'precision': 0.0, 'recall': 0.0, 'f1': 0, 'TP': 0, 'FP': 2, 'FN': 1}
k141_235238	bin.165	0.125	{'precision': 0.3333333333333333, 'recall': 1.0, 'f1': 0.5, 'TP': 1, 'FP': 2, 'FN': 0}
k141_42258	bin.163	0.078125	{'precision': 0.3333333333333333, 'recall': 1.0, 'f1': 0.5, 'TP': 1, 'FP': 2, 'FN': 0}
k141_380889	bin.162	0.9375	{'precision': 0.3333333333333333, 'recall': 1.0, 'f1': 0.5, 'TP': 1, 'FP': 2, 'FN': 0}
k141_451442	bin.161	0.21875	{'precision': 0.0, 'recall': 0.0, 'f1': 0, 'TP': 0, 'FP': 3, 'FN': 1}
k141_350968	bin.16	0.03125	{'precision': 0.5, 'recall': 1.0, 'f1': 0.6666666666666666, 'TP': 1, 'FP': 1, 'FN': 0}
k141_78662	bin.156	0.5	{'precision': 0, 'recall': 0.0, 'f1': 0, 'TP': 0, 'FP': 0, 'FN': 1}
k141_615364	bin.149	0.0625	{'precision': 1.0, 'recall': 1.0, 'f1': 1.0, 'TP': 1, 'FP': 0, 'FN': 0}
k141_328215	bin.146	0.5	{'precision': 0, 'recall': 0.0, 'f1': 0, 'TP': 0, 'FP': 0, 'FN': 1}
k141_92791	bin.142	0.125	{'precision': 0.0, 'recall': 0.0, 'f1': 0, 'TP': 0, 'FP': 1, 'FN': 1}
k141_512666	bin.139	0.875	{'precision': 0.0, 'recall': 0.0, 'f1': 0, 'TP': 0, 'FP': 2, 'FN': 1}
k141_654841	bin.124	0.75	{'precision': 0.3333333333333333, 'recall': 1.0, 'f1': 0.5, 'TP': 1, 'FP': 2, 'FN': 0}
k141_85772	bin.117	0.125	{'precision': 0.3333333333333333, 'recall': 1.0, 'f1': 0.5, 'TP': 1, 'FP': 2, 'FN': 0}
k141_723326	bin.116	0.5	{'precision': 0, 'recall': 0.0, 'f1': 0, 'TP': 0, 'FP': 0, 'FN': 1}
k141_65862	bin.108	0.875	{'precision': 1.0, 'recall': 1.0, 'f1': 1.0, 'TP': 1, 'FP': 0, 'FN': 0}
